=== 【heatLSM_Badger】 测试报告 ===
>>> --- Load Phase ---
🚀 [CoreWorkload] GPD 动态 Value 开关【已开启】! (k=0.2615, sigma=25.45)
Using request distribution 'mixgraph' a keyrange of [0 29999999]
badger 2026/04/10 15:59:34 INFO: All 0 tables opened in 0s
badger 2026/04/10 15:59:34 INFO: Discard stats nextEmptySlot: 0
badger 2026/04/10 15:59:34 INFO: Set nextTxnTs to 0
***************** properties *****************
"mixgraph.key_dist_a"="0.002312"
"dotransactions"="false"
"fieldcount"="1"
"readallfields"="true"
"requestdistribution"="mixgraph"
"mixgraph.value_mu"="0"
"mixgraph.gpd_value"="true"
"badger.valuedir"="./zzl_badger_data"
"mixgraph.key_dist_b"="0.3467"
"threadcount"="16"
"fieldlength"="43 "
"workload"="core"
"insertorder"="ordered"
"mixgraph.value_k"="0.2615"
"operationcount"="30000000"
"recordcount"="30000000"
"badger.num_compactors"="4"
"zeropadding"="10"
"mixgraph.exp_a"="14.18"
"mixgraph.exp_d"="-0.08082"
"mixgraph.value_sigma"="25.45"
"badger.dir"="./zzl_badger_data"
";"="requestdistribution=zipfian"
"badger.sync_writes"="false"
"mixgraph.exp_b"="-2.917"
"command"="load"
"mixgraph.num_regions"="100"
"mixgraph.exp_c"="0.0164"
"table"="usertable"
**********************************************
badger 2026/04/10 15:59:36 INFO: 
🔥 [Compact-0] 层级变更: L0 -> L6
📥 【输入阶段 - 被选中的上层 SST (Top)】:
  - [ID: 000001] Size:  1920.58 KB | Range: [usertable:user0000000000 -> usertable:user0000037514]
  - [ID: 000002] Size:  1920.47 KB | Range: [usertable:user0000037500 -> usertable:user0000074850]
  - [ID: 000003] Size:  1907.69 KB | Range: [usertable:user0000074835 -> usertable:user0000112192]
  - [ID: 000004] Size:  1899.72 KB | Range: [usertable:user0000112176 -> usertable:user0000149269]
  - [ID: 000005] Size:  1899.60 KB | Range: [usertable:user0000149264 -> usertable:user0000186344]
📥 【输入阶段 - 涉及的底层 SST (Bot)】:
  None
📤 【输出阶段 - 生成的新冷数据 SST (New)】:
  - [ID: 000006] Size:  2039.91 KB | Range: [usertable:user0000000000 -> usertable:user0000039838]
  - [ID: 000007] Size:  1997.02 KB | Range: [usertable:user0000039839 -> usertable:user0000078676]
  - [ID: 000008] Size:  1996.42 KB | Range: [usertable:user0000078677 -> usertable:user0000117786]
  - [ID: 000009] Size:  1977.15 KB | Range: [usertable:user0000117787 -> usertable:user0000156309]
  - [ID: 000010] Size:  1537.93 KB | Range: [usertable:user0000156310 -> usertable:user0000186344]
badger 2026/04/10 15:59:37 INFO: 
🔥 [Compact-2] 层级变更: L0 -> L5
📥 【输入阶段 - 被选中的上层 SST (Top)】:
  - [ID: 000011] Size:  1905.68 KB | Range: [usertable:user0000186342 -> usertable:user0000223342]
  - [ID: 000012] Size:  1897.28 KB | Range: [usertable:user0000223330 -> usertable:user0000260445]
  - [ID: 000013] Size:  1890.18 KB | Range: [usertable:user0000260434 -> usertable:user0000297666]
  - [ID: 000014] Size:  1895.92 KB | Range: [usertable:user0000297649 -> usertable:user0000334818]
  - [ID: 000015] Size:  1909.59 KB | Range: [usertable:user0000334804 -> usertable:user0000371732]
📥 【输入阶段 - 涉及的底层 SST (Bot)】:
  None
📤 【输出阶段 - 生成的新冷数据 SST (New)】:
  - [ID: 000016] Size:  2126.26 KB | Range: [usertable:user0000186342 -> usertable:user0000227586]
  - [ID: 000017] Size:  1986.86 KB | Range: [usertable:user0000227587 -> usertable:user0000266506]
  - [ID: 000018] Size:  1977.04 KB | Range: [usertable:user0000266507 -> usertable:user0000305273]
  - [ID: 000019] Size:  2052.01 KB | Range: [usertable:user0000305274 -> usertable:user0000345387]
  - [ID: 000020] Size:  1356.69 KB | Range: [usertable:user0000345388 -> usertable:user0000371732]
badger 2026/04/10 15:59:37 INFO: 
🔥 [Compact-2] 层级变更: L5 -> L6
📥 【输入阶段 - 被选中的上层 SST (Top)】:
  - [ID: 000016] Size:  2126.26 KB | Range: [usertable:user0000186342 -> usertable:user0000227586]
📥 【输入阶段 - 涉及的底层 SST (Bot)】:
  - [ID: 000010] Size:  1537.93 KB | Range: [usertable:user0000156310 -> usertable:user0000186344]
📤 【输出阶段 - 生成的新冷数据 SST (New)】:
  - [ID: 000021] Size:  3664.07 KB | Range: [usertable:user0000156310 -> usertable:user0000227586]
badger 2026/04/10 15:59:38 INFO: 
🔥 [Compact-3] 层级变更: L0 -> L5
📥 【输入阶段 - 被选中的上层 SST (Top)】:
  - [ID: 000022] Size:  1904.96 KB | Range: [usertable:user0000371718 -> usertable:user0000408725]
📥 【输入阶段 - 涉及的底层 SST (Bot)】:
  - [ID: 000020] Size:  1356.69 KB | Range: [usertable:user0000345388 -> usertable:user0000371732]
📤 【输出阶段 - 生成的新冷数据 SST (New)】:
  - [ID: 000027] Size:  2194.79 KB | Range: [usertable:user0000345388 -> usertable:user0000388085]
  - [ID: 000028] Size:  1067.01 KB | Range: [usertable:user0000388086 -> usertable:user0000408725]
badger 2026/04/10 15:59:38 INFO: 
🔥 [Compact-3] 层级变更: L5 -> L6
📥 【输入阶段 - 被选中的上层 SST (Top)】:
  - [ID: 000017] Size:  1986.86 KB | Range: [usertable:user0000227587 -> usertable:user0000266506]
📥 【输入阶段 - 涉及的底层 SST (Bot)】:
  None
📤 【输出阶段 - 生成的新冷数据 SST (New)】:
  - [ID: 000029] Size:  1986.86 KB | Range: [usertable:user0000227587 -> usertable:user0000266506]
badger 2026/04/10 15:59:39 INFO: 
🔥 [Compact-1] 层级变更: L0 -> L5
📥 【输入阶段 - 被选中的上层 SST (Top)】:
  - [ID: 000023] Size:  1891.73 KB | Range: [usertable:user0000408726 -> usertable:user0000445928]
  - [ID: 000024] Size:  1903.40 KB | Range: [usertable:user0000445925 -> usertable:user0000482948]
  - [ID: 000025] Size:  1912.28 KB | Range: [usertable:user0000482940 -> usertable:user0000519856]
  - [ID: 000026] Size:  1896.47 KB | Range: [usertable:user0000519842 -> usertable:user0000556980]
  - [ID: 000030] Size:  1899.53 KB | Range: [usertable:user0000556973 -> usertable:user0000594055]
📥 【输入阶段 - 涉及的底层 SST (Bot)】:
  None
📤 【输出阶段 - 生成的新冷数据 SST (New)】:
  - [ID: 000031] Size:  2153.31 KB | Range: [usertable:user0000408726 -> usertable:user0000451085]
  - [ID: 000032] Size:  1992.48 KB | Range: [usertable:user0000451086 -> usertable:user0000489728]
  - [ID: 000033] Size:  1983.89 KB | Range: [usertable:user0000489729 -> usertable:user0000528151]
  - [ID: 000034] Size:  2023.44 KB | Range: [usertable:user0000528152 -> usertable:user0000567679]
  - [ID: 000035] Size:  1350.76 KB | Range: [usertable:user0000567680 -> usertable:user0000594055]
badger 2026/04/10 15:59:39 INFO: 
🔥 [Compact-1] 层级变更: L5 -> L6
📥 【输入阶段 - 被选中的上层 SST (Top)】:
  - [ID: 000018] Size:  1977.04 KB | Range: [usertable:user0000266507 -> usertable:user0000305273]
📥 【输入阶段 - 涉及的底层 SST (Bot)】:
  None
📤 【输出阶段 - 生成的新冷数据 SST (New)】:
  - [ID: 000036] Size:  1977.04 KB | Range: [usertable:user0000266507 -> usertable:user0000305273]
badger 2026/04/10 15:59:39 INFO: 
🔥 [Compact-2] 层级变更: L5 -> L6
📥 【输入阶段 - 被选中的上层 SST (Top)】:
  - [ID: 000027] Size:  2194.79 KB | Range: [usertable:user0000345388 -> usertable:user0000388085]
📥 【输入阶段 - 涉及的底层 SST (Bot)】:
  None
📤 【输出阶段 - 生成的新冷数据 SST (New)】:
  - [ID: 000038] Size:  2194.79 KB | Range: [usertable:user0000345388 -> usertable:user0000388085]
badger 2026/04/10 15:59:39 INFO: 
🔥 [Compact-0] 层级变更: L5 -> L6
📥 【输入阶段 - 被选中的上层 SST (Top)】:
  - [ID: 000019] Size:  2052.01 KB | Range: [usertable:user0000305274 -> usertable:user0000345387]
📥 【输入阶段 - 涉及的底层 SST (Bot)】:
  None
📤 【输出阶段 - 生成的新冷数据 SST (New)】:
  - [ID: 000037] Size:  2052.01 KB | Range: [usertable:user0000305274 -> usertable:user0000345387]
badger 2026/04/10 15:59:39 INFO: 
🔥 [Compact-0] 层级变更: L5 -> L6
📥 【输入阶段 - 被选中的上层 SST (Top)】:
  - [ID: 000028] Size:  1067.01 KB | Range: [usertable:user0000388086 -> usertable:user0000408725]
📥 【输入阶段 - 涉及的底层 SST (Bot)】:
  None
📤 【输出阶段 - 生成的新冷数据 SST (New)】:
  - [ID: 000039] Size:  1067.01 KB | Range: [usertable:user0000388086 -> usertable:user0000408725]
badger 2026/04/10 15:59:40 INFO: 
🔥 [Compact-0] 层级变更: L0 -> L5
📥 【输入阶段 - 被选中的上层 SST (Top)】:
  - [ID: 000040] Size:  1897.60 KB | Range: [usertable:user0000594054 -> usertable:user0000631173]
  - [ID: 000041] Size:  1905.38 KB | Range: [usertable:user0000631165 -> usertable:user0000668158]
  - [ID: 000042] Size:  1900.27 KB | Range: [usertable:user0000668156 -> usertable:user0000705246]
  - [ID: 000043] Size:  1894.69 KB | Range: [usertable:user0000705233 -> usertable:user0000742388]
  - [ID: 000044] Size:  1897.88 KB | Range: [usertable:user0000742383 -> usertable:user0000779494]
📥 【输入阶段 - 涉及的底层 SST (Bot)】:
  - [ID: 000035] Size:  1350.76 KB | Range: [usertable:user0000567680 -> usertable:user0000594055]
📤 【输出阶段 - 生成的新冷数据 SST (New)】:
  - [ID: 000045] Size:  4056.61 KB | Range: [usertable:user0000567680 -> usertable:user0000646829]
  - [ID: 000046] Size:  3953.18 KB | Range: [usertable:user0000646830 -> usertable:user0000724034]
  - [ID: 000047] Size:  2835.72 KB | Range: [usertable:user0000724035 -> usertable:user0000779494]
badger 2026/04/10 15:59:40 INFO: 
🔥 [Compact-0] 层级变更: L5 -> L6
📥 【输入阶段 - 被选中的上层 SST (Top)】:
  - [ID: 000031] Size:  2153.31 KB | Range: [usertable:user0000408726 -> usertable:user0000451085]
📥 【输入阶段 - 涉及的底层 SST (Bot)】:
  None
📤 【输出阶段 - 生成的新冷数据 SST (New)】:
  - [ID: 000048] Size:  2153.31 KB | Range: [usertable:user0000408726 -> usertable:user0000451085]
badger 2026/04/10 15:59:40 INFO: 
🔥 [Compact-1] 层级变更: L5 -> L6
📥 【输入阶段 - 被选中的上层 SST (Top)】:
  - [ID: 000032] Size:  1992.48 KB | Range: [usertable:user0000451086 -> usertable:user0000489728]
📥 【输入阶段 - 涉及的底层 SST (Bot)】:
  None
📤 【输出阶段 - 生成的新冷数据 SST (New)】:
  - [ID: 000049] Size:  1992.48 KB | Range: [usertable:user0000451086 -> usertable:user0000489728]
badger 2026/04/10 15:59:40 INFO: 
🔥 [Compact-3] 层级变更: L5 -> L6
📥 【输入阶段 - 被选中的上层 SST (Top)】:
  - [ID: 000033] Size:  1983.89 KB | Range: [usertable:user0000489729 -> usertable:user0000528151]
📥 【输入阶段 - 涉及的底层 SST (Bot)】:
  None
📤 【输出阶段 - 生成的新冷数据 SST (New)】:
  - [ID: 000050] Size:  1983.89 KB | Range: [usertable:user0000489729 -> usertable:user0000528151]
badger 2026/04/10 15:59:40 INFO: 
🔥 [Compact-0] 层级变更: L5 -> L6
📥 【输入阶段 - 被选中的上层 SST (Top)】:
  - [ID: 000034] Size:  2023.44 KB | Range: [usertable:user0000528152 -> usertable:user0000567679]
📥 【输入阶段 - 涉及的底层 SST (Bot)】:
  None
📤 【输出阶段 - 生成的新冷数据 SST (New)】:
  - [ID: 000051] Size:  2023.44 KB | Range: [usertable:user0000528152 -> usertable:user0000567679]
badger 2026/04/10 15:59:42 INFO: 
🔥 [Compact-3] 层级变更: L0 -> L5
📥 【输入阶段 - 被选中的上层 SST (Top)】:
  - [ID: 000052] Size:  1906.49 KB | Range: [usertable:user0000779480 -> usertable:user0000816475]
  - [ID: 000053] Size:  1901.67 KB | Range: [usertable:user0000816471 -> usertable:user0000853539]
  - [ID: 000054] Size:  1899.88 KB | Range: [usertable:user0000853528 -> usertable:user0000890603]
📥 【输入阶段 - 涉及的底层 SST (Bot)】:
  - [ID: 000047] Size:  2835.72 KB | Range: [usertable:user0000724035 -> usertable:user0000779494]
📤 【输出阶段 - 生成的新冷数据 SST (New)】:
  - [ID: 000057] Size:  4095.85 KB | Range: [usertable:user0000724035 -> usertable:user0000803764]
  - [ID: 000058] Size:  3947.02 KB | Range: [usertable:user0000803765 -> usertable:user0000880806]
  - [ID: 000059] Size:   501.92 KB | Range: [usertable:user0000880807 -> usertable:user0000890603]
badger 2026/04/10 15:59:42 INFO: 
🔥 [Compact-3] 层级变更: L5 -> L6
📥 【输入阶段 - 被选中的上层 SST (Top)】:
  - [ID: 000045] Size:  4056.61 KB | Range: [usertable:user0000567680 -> usertable:user0000646829]
📥 【输入阶段 - 涉及的底层 SST (Bot)】:
  None
📤 【输出阶段 - 生成的新冷数据 SST (New)】:
  - [ID: 000060] Size:  4056.61 KB | Range: [usertable:user0000567680 -> usertable:user0000646829]
badger 2026/04/10 15:59:42 INFO: 
🔥 [Compact-1] 层级变更: L0 -> L5
📥 【输入阶段 - 被选中的上层 SST (Top)】:
  - [ID: 000055] Size:  1890.95 KB | Range: [usertable:user0000890604 -> usertable:user0000927832]
  - [ID: 000056] Size:  1900.21 KB | Range: [usertable:user0000927820 -> usertable:user0000964910]
  - [ID: 000061] Size:  1901.57 KB | Range: [usertable:user0000964899 -> usertable:user0001001940]
  - [ID: 000062] Size:  1878.34 KB | Range: [usertable:user0001001926 -> usertable:user0001038787]
📥 【输入阶段 - 涉及的底层 SST (Bot)】:
  None
📤 【输出阶段 - 生成的新冷数据 SST (New)】:
  - [ID: 000064] Size:  7571.05 KB | Range: [usertable:user0000890604 -> usertable:user0001038787]
badger 2026/04/10 15:59:42 INFO: 
🔥 [Compact-1] 层级变更: L5 -> L6
📥 【输入阶段 - 被选中的上层 SST (Top)】:
  - [ID: 000046] Size:  3953.18 KB | Range: [usertable:user0000646830 -> usertable:user0000724034]
📥 【输入阶段 - 涉及的底层 SST (Bot)】:
  None
📤 【输出阶段 - 生成的新冷数据 SST (New)】:
  - [ID: 000065] Size:  3953.18 KB | Range: [usertable:user0000646830 -> usertable:user0000724034]
badger 2026/04/10 15:59:43 INFO: 
🔥 [Compact-3] 层级变更: L0 -> L5
📥 【输入阶段 - 被选中的上层 SST (Top)】:
  - [ID: 000063] Size:  1887.52 KB | Range: [usertable:user0001038788 -> usertable:user0001075499]
  - [ID: 000066] Size:  1885.41 KB | Range: [usertable:user0001075487 -> usertable:user0001112213]
  - [ID: 000067] Size:  1879.88 KB | Range: [usertable:user0001112197 -> usertable:user0001149004]
  - [ID: 000068] Size:  1883.74 KB | Range: [usertable:user0001148994 -> usertable:user0001185749]
  - [ID: 000069] Size:  1886.58 KB | Range: [usertable:user0001185746 -> usertable:user0001222459]
📥 【输入阶段 - 涉及的底层 SST (Bot)】:
  None
📤 【输出阶段 - 生成的新冷数据 SST (New)】:
  - [ID: 000070] Size:  8078.88 KB | Range: [usertable:user0001038788 -> usertable:user0001196037]
  - [ID: 000071] Size:  1343.72 KB | Range: [usertable:user0001196038 -> usertable:user0001222459]
badger 2026/04/10 15:59:44 INFO: 
🔥 [Compact-3] 层级变更: L5 -> L6
📥 【输入阶段 - 被选中的上层 SST (Top)】:
  - [ID: 000057] Size:  4095.85 KB | Range: [usertable:user0000724035 -> usertable:user0000803764]
📥 【输入阶段 - 涉及的底层 SST (Bot)】:
  None
📤 【输出阶段 - 生成的新冷数据 SST (New)】:
  - [ID: 000072] Size:  4095.85 KB | Range: [usertable:user0000724035 -> usertable:user0000803764]
badger 2026/04/10 15:59:44 INFO: 
🔥 [Compact-0] 层级变更: L5 -> L6
📥 【输入阶段 - 被选中的上层 SST (Top)】:
  - [ID: 000058] Size:  3947.02 KB | Range: [usertable:user0000803765 -> usertable:user0000880806]
📥 【输入阶段 - 涉及的底层 SST (Bot)】:
  None
📤 【输出阶段 - 生成的新冷数据 SST (New)】:
  - [ID: 000073] Size:  3947.02 KB | Range: [usertable:user0000803765 -> usertable:user0000880806]
INSERT - Takes(s): 10.0, Count: 1337246, OPS: 133721.8, Avg(us): 117, Min(us): 3, Max(us): 10767, 50th(us): 94, 90th(us): 180, 95th(us): 221, 99th(us): 450, 99.9th(us): 1498, 99.99th(us): 3821
TOTAL  - Takes(s): 10.0, Count: 1337246, OPS: 133721.7, Avg(us): 117, Min(us): 3, Max(us): 10767, 50th(us): 94, 90th(us): 180, 95th(us): 221, 99th(us): 450, 99.9th(us): 1498, 99.99th(us): 3821
badger 2026/04/10 15:59:45 INFO: 
🔥 [Compact-1] 层级变更: L0 -> L5
📥 【输入阶段 - 被选中的上层 SST (Top)】:
  - [ID: 000074] Size:  1873.14 KB | Range: [usertable:user0001222451 -> usertable:user0001259355]
  - [ID: 000075] Size:  1870.71 KB | Range: [usertable:user0001259354 -> usertable:user0001296309]
  - [ID: 000076] Size:  1878.14 KB | Range: [usertable:user0001296294 -> usertable:user0001333138]
  - [ID: 000077] Size:  1896.72 KB | Range: [usertable:user0001333130 -> usertable:user0001369692]
  - [ID: 000078] Size:  1876.09 KB | Range: [usertable:user0001369680 -> usertable:user0001406552]
📥 【输入阶段 - 涉及的底层 SST (Bot)】:
  - [ID: 000071] Size:  1343.72 KB | Range: [usertable:user0001196038 -> usertable:user0001222459]
📤 【输出阶段 - 生成的新冷数据 SST (New)】:
  - [ID: 000079] Size:  7940.70 KB | Range: [usertable:user0001196038 -> usertable:user0001351839]
  - [ID: 000080] Size:  2797.03 KB | Range: [usertable:user0001351840 -> usertable:user0001406552]
badger 2026/04/10 15:59:45 INFO: 
🔥 [Compact-1] 层级变更: L5 -> L6
📥 【输入阶段 - 被选中的上层 SST (Top)】:
  - [ID: 000059] Size:   501.92 KB | Range: [usertable:user0000880807 -> usertable:user0000890603]
📥 【输入阶段 - 涉及的底层 SST (Bot)】:
  None
📤 【输出阶段 - 生成的新冷数据 SST (New)】:
  - [ID: 000081] Size:   501.92 KB | Range: [usertable:user0000880807 -> usertable:user0000890603]
badger 2026/04/10 15:59:45 INFO: 
🔥 [Compact-3] 层级变更: L5 -> L6
📥 【输入阶段 - 被选中的上层 SST (Top)】:
  - [ID: 000064] Size:  7571.05 KB | Range: [usertable:user0000890604 -> usertable:user0001038787]
📥 【输入阶段 - 涉及的底层 SST (Bot)】:
  None
📤 【输出阶段 - 生成的新冷数据 SST (New)】:
  - [ID: 000082] Size:  7571.05 KB | Range: [usertable:user0000890604 -> usertable:user0001038787]
badger 2026/04/10 15:59:46 INFO: 
🔥 [Compact-3] 层级变更: L0 -> L5
📥 【输入阶段 - 被选中的上层 SST (Top)】:
  - [ID: 000083] Size:  1876.94 KB | Range: [usertable:user0001406543 -> usertable:user0001443393]
  - [ID: 000084] Size:  1881.85 KB | Range: [usertable:user0001443392 -> usertable:user0001480175]
  - [ID: 000085] Size:  1886.84 KB | Range: [usertable:user0001480162 -> usertable:user0001516874]
  - [ID: 000086] Size:  1888.25 KB | Range: [usertable:user0001516861 -> usertable:user0001553545]
  - [ID: 000087] Size:  1881.14 KB | Range: [usertable:user0001553525 -> usertable:user0001590332]
📥 【输入阶段 - 涉及的底层 SST (Bot)】:
  - [ID: 000080] Size:  2797.03 KB | Range: [usertable:user0001351840 -> usertable:user0001406552]
📤 【输出阶段 - 生成的新冷数据 SST (New)】:
  - [ID: 000088] Size:  7946.81 KB | Range: [usertable:user0001351840 -> usertable:user0001507229]
  - [ID: 000089] Size:  4265.53 KB | Range: [usertable:user0001507230 -> usertable:user0001590332]
badger 2026/04/10 15:59:46 INFO: 
🔥 [Compact-3] 层级变更: L5 -> L6
📥 【输入阶段 - 被选中的上层 SST (Top)】:
  - [ID: 000070] Size:  8078.88 KB | Range: [usertable:user0001038788 -> usertable:user0001196037]
📥 【输入阶段 - 涉及的底层 SST (Bot)】:
  None
📤 【输出阶段 - 生成的新冷数据 SST (New)】:
  - [ID: 000090] Size:  8078.88 KB | Range: [usertable:user0001038788 -> usertable:user0001196037]
badger 2026/04/10 15:59:48 INFO: 
🔥 [Compact-0] 层级变更: L0 -> L5
📥 【输入阶段 - 被选中的上层 SST (Top)】:
  - [ID: 000091] Size:  1878.39 KB | Range: [usertable:user0001590324 -> usertable:user0001627149]
  - [ID: 000092] Size:  1878.21 KB | Range: [usertable:user0001627140 -> usertable:user0001663984]
  - [ID: 000093] Size:  1873.91 KB | Range: [usertable:user0001663969 -> usertable:user0001700867]
  - [ID: 000094] Size:  1880.90 KB | Range: [usertable:user0001700861 -> usertable:user0001737657]
  - [ID: 000095] Size:  1878.96 KB | Range: [usertable:user0001737645 -> usertable:user0001774469]
📥 【输入阶段 - 涉及的底层 SST (Bot)】:
  - [ID: 000089] Size:  4265.53 KB | Range: [usertable:user0001507230 -> usertable:user0001590332]
📤 【输出阶段 - 生成的新冷数据 SST (New)】:
  - [ID: 000096] Size:  7897.90 KB | Range: [usertable:user0001507230 -> usertable:user0001661539]
  - [ID: 000097] Size:  5758.15 KB | Range: [usertable:user0001661540 -> usertable:user0001774469]
badger 2026/04/10 15:59:49 INFO: 
🔥 [Compact-3] 层级变更: L0 -> L5
📥 【输入阶段 - 被选中的上层 SST (Top)】:
  - [ID: 000098] Size:  1878.96 KB | Range: [usertable:user0001774462 -> usertable:user0001811275]
  - [ID: 000099] Size:  1884.15 KB | Range: [usertable:user0001811271 -> usertable:user0001848004]
  - [ID: 000100] Size:  1882.76 KB | Range: [usertable:user0001848002 -> usertable:user0001884772]
  - [ID: 000101] Size:  1876.81 KB | Range: [usertable:user0001884763 -> usertable:user0001921628]
  - [ID: 000102] Size:  1880.08 KB | Range: [usertable:user0001921620 -> usertable:user0001958427]
📥 【输入阶段 - 涉及的底层 SST (Bot)】:
  - [ID: 000097] Size:  5758.15 KB | Range: [usertable:user0001661540 -> usertable:user0001774469]
📤 【输出阶段 - 生成的新冷数据 SST (New)】:
  - [ID: 000103] Size:  7933.96 KB | Range: [usertable:user0001661540 -> usertable:user0001817073]
  - [ID: 000104] Size:  7225.96 KB | Range: [usertable:user0001817074 -> usertable:user0001958427]
badger 2026/04/10 15:59:49 INFO: 
🔥 [Compact-3] 层级变更: L5 -> L6
📥 【输入阶段 - 被选中的上层 SST (Top)】:
  - [ID: 000079] Size:  7940.70 KB | Range: [usertable:user0001196038 -> usertable:user0001351839]
📥 【输入阶段 - 涉及的底层 SST (Bot)】:
  None
📤 【输出阶段 - 生成的新冷数据 SST (New)】:
  - [ID: 000105] Size:  7940.70 KB | Range: [usertable:user0001196038 -> usertable:user0001351839]
badger 2026/04/10 15:59:49 INFO: 
🔥 [Compact-0] 层级变更: L5 -> L6
📥 【输入阶段 - 被选中的上层 SST (Top)】:
  - [ID: 000088] Size:  7946.81 KB | Range: [usertable:user0001351840 -> usertable:user0001507229]
📥 【输入阶段 - 涉及的底层 SST (Bot)】:
  None
📤 【输出阶段 - 生成的新冷数据 SST (New)】:
  - [ID: 000106] Size:  7946.81 KB | Range: [usertable:user0001351840 -> usertable:user0001507229]
badger 2026/04/10 15:59:50 INFO: 
🔥 [Compact-2] 层级变更: L0 -> L5
📥 【输入阶段 - 被选中的上层 SST (Top)】:
  - [ID: 000107] Size:  1880.32 KB | Range: [usertable:user0001958412 -> usertable:user0001995232]
  - [ID: 000108] Size:  1879.60 KB | Range: [usertable:user0001995217 -> usertable:user0002032050]
  - [ID: 000109] Size:  1880.88 KB | Range: [usertable:user0002032037 -> usertable:user0002068830]
  - [ID: 000110] Size:  1873.30 KB | Range: [usertable:user0002068820 -> usertable:user0002105735]
  - [ID: 000111] Size:  1879.80 KB | Range: [usertable:user0002105721 -> usertable:user0002142532]
📥 【输入阶段 - 涉及的底层 SST (Bot)】:
  - [ID: 000104] Size:  7225.96 KB | Range: [usertable:user0001817074 -> usertable:user0001958427]
📤 【输出阶段 - 生成的新冷数据 SST (New)】:
  - [ID: 000112] Size: 15959.17 KB | Range: [usertable:user0001817074 -> usertable:user0002129643]
  - [ID: 000113] Size:   660.43 KB | Range: [usertable:user0002129644 -> usertable:user0002142532]
badger 2026/04/10 15:59:52 INFO: 
🔥 [Compact-1] 层级变更: L0 -> L5
📥 【输入阶段 - 被选中的上层 SST (Top)】:
  - [ID: 000114] Size:  1876.59 KB | Range: [usertable:user0002142528 -> usertable:user0002179383]
📥 【输入阶段 - 涉及的底层 SST (Bot)】:
  - [ID: 000113] Size:   660.43 KB | Range: [usertable:user0002129644 -> usertable:user0002142532]
📤 【输出阶段 - 生成的新冷数据 SST (New)】:
  - [ID: 000119] Size:  2536.65 KB | Range: [usertable:user0002129644 -> usertable:user0002179383]
badger 2026/04/10 15:59:52 INFO: 
🔥 [Compact-3] 层级变更: L0 -> L5
📥 【输入阶段 - 被选中的上层 SST (Top)】:
  - [ID: 000115] Size:  1877.79 KB | Range: [usertable:user0002179384 -> usertable:user0002216223]
  - [ID: 000116] Size:  1872.54 KB | Range: [usertable:user0002216213 -> usertable:user0002253113]
  - [ID: 000117] Size:  1876.66 KB | Range: [usertable:user0002253110 -> usertable:user0002289974]
  - [ID: 000118] Size:  1874.27 KB | Range: [usertable:user0002289969 -> usertable:user0002326858]
  - [ID: 000120] Size:  1882.15 KB | Range: [usertable:user0002326847 -> usertable:user0002363625]
📥 【输入阶段 - 涉及的底层 SST (Bot)】:
  None
📤 【输出阶段 - 生成的新冷数据 SST (New)】:
  - [ID: 000121] Size:  9382.65 KB | Range: [usertable:user0002179384 -> usertable:user0002363625]
badger 2026/04/10 15:59:52 INFO: 
🔥 [Compact-3] 层级变更: L5 -> L6
📥 【输入阶段 - 被选中的上层 SST (Top)】:
  - [ID: 000096] Size:  7897.90 KB | Range: [usertable:user0001507230 -> usertable:user0001661539]
📥 【输入阶段 - 涉及的底层 SST (Bot)】:
  None
📤 【输出阶段 - 生成的新冷数据 SST (New)】:
  - [ID: 000122] Size:  7897.90 KB | Range: [usertable:user0001507230 -> usertable:user0001661539]
badger 2026/04/10 15:59:53 INFO: 
🔥 [Compact-0] 层级变更: L0 -> L5
📥 【输入阶段 - 被选中的上层 SST (Top)】:
  - [ID: 000123] Size:  1883.91 KB | Range: [usertable:user0002363619 -> usertable:user0002400377]
  - [ID: 000124] Size:  1874.69 KB | Range: [usertable:user0002400372 -> usertable:user0002437260]
  - [ID: 000125] Size:  1878.78 KB | Range: [usertable:user0002437250 -> usertable:user0002474074]
  - [ID: 000126] Size:  1878.58 KB | Range: [usertable:user0002474061 -> usertable:user0002510891]
  - [ID: 000127] Size:  1888.09 KB | Range: [usertable:user0002510885 -> usertable:user0002547574]
📥 【输入阶段 - 涉及的底层 SST (Bot)】:
  - [ID: 000121] Size:  9382.65 KB | Range: [usertable:user0002179384 -> usertable:user0002363625]
📤 【输出阶段 - 生成的新冷数据 SST (New)】:
  - [ID: 000128] Size: 15795.89 KB | Range: [usertable:user0002179384 -> usertable:user0002489326]
  - [ID: 000129] Size:  2989.66 KB | Range: [usertable:user0002489327 -> usertable:user0002547574]
badger 2026/04/10 15:59:53 INFO: 
🔥 [Compact-3] 层级变更: L5 -> L6
📥 【输入阶段 - 被选中的上层 SST (Top)】:
  - [ID: 000103] Size:  7933.96 KB | Range: [usertable:user0001661540 -> usertable:user0001817073]
📥 【输入阶段 - 涉及的底层 SST (Bot)】:
  None
📤 【输出阶段 - 生成的新冷数据 SST (New)】:
  - [ID: 000130] Size:  7933.96 KB | Range: [usertable:user0001661540 -> usertable:user0001817073]
INSERT - Takes(s): 20.0, Count: 2690599, OPS: 134528.4, Avg(us): 116, Min(us): 3, Max(us): 10799, 50th(us): 94, 90th(us): 180, 95th(us): 220, 99th(us): 445, 99.9th(us): 1397, 99.99th(us): 3277
TOTAL  - Takes(s): 20.0, Count: 2690599, OPS: 134528.5, Avg(us): 116, Min(us): 3, Max(us): 10799, 50th(us): 94, 90th(us): 180, 95th(us): 220, 99th(us): 445, 99.9th(us): 1397, 99.99th(us): 3277
badger 2026/04/10 15:59:55 INFO: 
🔥 [Compact-1] 层级变更: L0 -> L5
📥 【输入阶段 - 被选中的上层 SST (Top)】:
  - [ID: 000131] Size:  1874.40 KB | Range: [usertable:user0002547571 -> usertable:user0002584457]
  - [ID: 000132] Size:  1885.78 KB | Range: [usertable:user0002584453 -> usertable:user0002621182]
  - [ID: 000133] Size:  1885.82 KB | Range: [usertable:user0002621168 -> usertable:user0002657889]
  - [ID: 000134] Size:  1868.80 KB | Range: [usertable:user0002657885 -> usertable:user0002694850]
  - [ID: 000135] Size:  1874.11 KB | Range: [usertable:user0002694849 -> usertable:user0002731736]
📥 【输入阶段 - 涉及的底层 SST (Bot)】:
  - [ID: 000129] Size:  2989.66 KB | Range: [usertable:user0002489327 -> usertable:user0002547574]
📤 【输出阶段 - 生成的新冷数据 SST (New)】:
  - [ID: 000136] Size: 12378.66 KB | Range: [usertable:user0002489327 -> usertable:user0002731736]
badger 2026/04/10 15:59:55 INFO: 
🔥 [Compact-1] 层级变更: L5 -> L6
📥 【输入阶段 - 被选中的上层 SST (Top)】:
  - [ID: 000112] Size: 15959.17 KB | Range: [usertable:user0001817074 -> usertable:user0002129643]
📥 【输入阶段 - 涉及的底层 SST (Bot)】:
  None
📤 【输出阶段 - 生成的新冷数据 SST (New)】:
  - [ID: 000137] Size: 15959.17 KB | Range: [usertable:user0001817074 -> usertable:user0002129643]
badger 2026/04/10 15:59:56 INFO: 
🔥 [Compact-3] 层级变更: L0 -> L5
📥 【输入阶段 - 被选中的上层 SST (Top)】:
  - [ID: 000138] Size:  1879.29 KB | Range: [usertable:user0002731729 -> usertable:user0002768559]
  - [ID: 000139] Size:  1878.39 KB | Range: [usertable:user0002768544 -> usertable:user0002805366]
📥 【输入阶段 - 涉及的底层 SST (Bot)】:
  - [ID: 000136] Size: 12378.66 KB | Range: [usertable:user0002489327 -> usertable:user0002731736]
📤 【输出阶段 - 生成的新冷数据 SST (New)】:
  - [ID: 000143] Size: 15792.09 KB | Range: [usertable:user0002489327 -> usertable:user0002798737]
  - [ID: 000144] Size:   344.04 KB | Range: [usertable:user0002798738 -> usertable:user0002805366]
badger 2026/04/10 15:59:57 INFO: 
🔥 [Compact-0] 层级变更: L0 -> L5
📥 【输入阶段 - 被选中的上层 SST (Top)】:
  - [ID: 000140] Size:  1885.14 KB | Range: [usertable:user0002805367 -> usertable:user0002842105]
  - [ID: 000141] Size:  1879.45 KB | Range: [usertable:user0002842092 -> usertable:user0002878923]
  - [ID: 000142] Size:  1880.18 KB | Range: [usertable:user0002878908 -> usertable:user0002915705]
  - [ID: 000145] Size:  1880.66 KB | Range: [usertable:user0002915690 -> usertable:user0002952509]
  - [ID: 000146] Size:  1884.48 KB | Range: [usertable:user0002952495 -> usertable:user0002989243]
📥 【输入阶段 - 涉及的底层 SST (Bot)】:
  None
📤 【输出阶段 - 生成的新冷数据 SST (New)】:
  - [ID: 000147] Size:  9409.56 KB | Range: [usertable:user0002805367 -> usertable:user0002989243]
badger 2026/04/10 15:59:58 INFO: 
🔥 [Compact-3] 层级变更: L0 -> L5
📥 【输入阶段 - 被选中的上层 SST (Top)】:
  - [ID: 000148] Size:  1876.43 KB | Range: [usertable:user0002989244 -> usertable:user0003026104]
  - [ID: 000149] Size:  1875.81 KB | Range: [usertable:user0003026093 -> usertable:user0003062960]
  - [ID: 000150] Size:  1885.03 KB | Range: [usertable:user0003062953 -> usertable:user0003099690]
  - [ID: 000151] Size:  1879.85 KB | Range: [usertable:user0003099687 -> usertable:user0003136495]
  - [ID: 000152] Size:  1877.67 KB | Range: [usertable:user0003136491 -> usertable:user0003173348]
📥 【输入阶段 - 涉及的底层 SST (Bot)】:
  None
📤 【输出阶段 - 生成的新冷数据 SST (New)】:
  - [ID: 000153] Size:  9394.40 KB | Range: [usertable:user0002989244 -> usertable:user0003173348]
badger 2026/04/10 15:59:59 INFO: 
🔥 [Compact-0] 层级变更: L0 -> L5
📥 【输入阶段 - 被选中的上层 SST (Top)】:
  - [ID: 000154] Size:  1888.94 KB | Range: [usertable:user0003173338 -> usertable:user0003210009]
  - [ID: 000155] Size:  1884.66 KB | Range: [usertable:user0003209994 -> usertable:user0003246732]
  - [ID: 000156] Size:  1880.42 KB | Range: [usertable:user0003246730 -> usertable:user0003283535]
  - [ID: 000157] Size:  1884.08 KB | Range: [usertable:user0003283521 -> usertable:user0003320278]
  - [ID: 000158] Size:  1881.50 KB | Range: [usertable:user0003320266 -> usertable:user0003357071]
📥 【输入阶段 - 涉及的底层 SST (Bot)】:
  - [ID: 000153] Size:  9394.40 KB | Range: [usertable:user0002989244 -> usertable:user0003173348]
📤 【输出阶段 - 生成的新冷数据 SST (New)】:
  - [ID: 000159] Size: 15904.32 KB | Range: [usertable:user0002989244 -> usertable:user0003300183]
  - [ID: 000160] Size:  2909.11 KB | Range: [usertable:user0003300184 -> usertable:user0003357071]
badger 2026/04/10 15:59:59 INFO: 
🔥 [Compact-0] 层级变更: L5 -> L6
📥 【输入阶段 - 被选中的上层 SST (Top)】:
  - [ID: 000119] Size:  2536.65 KB | Range: [usertable:user0002129644 -> usertable:user0002179383]
📥 【输入阶段 - 涉及的底层 SST (Bot)】:
  None
📤 【输出阶段 - 生成的新冷数据 SST (New)】:
  - [ID: 000161] Size:  2536.65 KB | Range: [usertable:user0002129644 -> usertable:user0002179383]
badger 2026/04/10 15:59:59 INFO: 
🔥 [Compact-3] 层级变更: L5 -> L6
📥 【输入阶段 - 被选中的上层 SST (Top)】:
  - [ID: 000128] Size: 15795.89 KB | Range: [usertable:user0002179384 -> usertable:user0002489326]
📥 【输入阶段 - 涉及的底层 SST (Bot)】:
  None
📤 【输出阶段 - 生成的新冷数据 SST (New)】:
  - [ID: 000162] Size: 15795.89 KB | Range: [usertable:user0002179384 -> usertable:user0002489326]
badger 2026/04/10 16:00:01 INFO: 
🔥 [Compact-2] 层级变更: L0 -> L5
📥 【输入阶段 - 被选中的上层 SST (Top)】:
  - [ID: 000163] Size:  1882.01 KB | Range: [usertable:user0003357054 -> usertable:user0003393834]
  - [ID: 000164] Size:  1881.74 KB | Range: [usertable:user0003393819 -> usertable:user0003430613]
  - [ID: 000165] Size:  1884.50 KB | Range: [usertable:user0003430600 -> usertable:user0003467352]
  - [ID: 000166] Size:  1888.56 KB | Range: [usertable:user0003467344 -> usertable:user0003504030]
  - [ID: 000167] Size:  1891.77 KB | Range: [usertable:user0003504022 -> usertable:user0003540662]
📥 【输入阶段 - 涉及的底层 SST (Bot)】:
  - [ID: 000160] Size:  2909.11 KB | Range: [usertable:user0003300184 -> usertable:user0003357071]
📤 【输出阶段 - 生成的新冷数据 SST (New)】:
  - [ID: 000168] Size: 12336.67 KB | Range: [usertable:user0003300184 -> usertable:user0003540662]
badger 2026/04/10 16:00:02 INFO: 
🔥 [Compact-0] 层级变更: L0 -> L5
📥 【输入阶段 - 被选中的上层 SST (Top)】:
  - [ID: 000169] Size:  1887.45 KB | Range: [usertable:user0003540649 -> usertable:user0003577341]
📥 【输入阶段 - 涉及的底层 SST (Bot)】:
  - [ID: 000168] Size: 12336.67 KB | Range: [usertable:user0003300184 -> usertable:user0003540662]
📤 【输出阶段 - 生成的新冷数据 SST (New)】:
  - [ID: 000174] Size: 14224.26 KB | Range: [usertable:user0003300184 -> usertable:user0003577341]
badger 2026/04/10 16:00:02 INFO: 
🔥 [Compact-2] 层级变更: L0 -> L5
📥 【输入阶段 - 被选中的上层 SST (Top)】:
  - [ID: 000170] Size:  1874.17 KB | Range: [usertable:user0003577342 -> usertable:user0003614230]
📥 【输入阶段 - 涉及的底层 SST (Bot)】:
  None
📤 【输出阶段 - 生成的新冷数据 SST (New)】:
  - [ID: 000176] Size:  1874.17 KB | Range: [usertable:user0003577342 -> usertable:user0003614230]
badger 2026/04/10 16:00:03 INFO: 
🔥 [Compact-3] 层级变更: L0 -> L5
📥 【输入阶段 - 被选中的上层 SST (Top)】:
  - [ID: 000171] Size:  1882.67 KB | Range: [usertable:user0003614231 -> usertable:user0003651000]
  - [ID: 000172] Size:  1886.21 KB | Range: [usertable:user0003650997 -> usertable:user0003687708]
  - [ID: 000173] Size:  1882.02 KB | Range: [usertable:user0003687697 -> usertable:user0003724475]
  - [ID: 000175] Size:  1881.73 KB | Range: [usertable:user0003724463 -> usertable:user0003761257]
  - [ID: 000177] Size:  1877.06 KB | Range: [usertable:user0003761247 -> usertable:user0003798094]
📥 【输入阶段 - 涉及的底层 SST (Bot)】:
  None
📤 【输出阶段 - 生成的新冷数据 SST (New)】:
  - [ID: 000178] Size:  9408.80 KB | Range: [usertable:user0003614231 -> usertable:user0003798094]
badger 2026/04/10 16:00:03 INFO: 
🔥 [Compact-3] 层级变更: L5 -> L6
📥 【输入阶段 - 被选中的上层 SST (Top)】:
  - [ID: 000143] Size: 15792.09 KB | Range: [usertable:user0002489327 -> usertable:user0002798737]
📥 【输入阶段 - 涉及的底层 SST (Bot)】:
  None
📤 【输出阶段 - 生成的新冷数据 SST (New)】:
  - [ID: 000179] Size: 15792.09 KB | Range: [usertable:user0002489327 -> usertable:user0002798737]
badger 2026/04/10 16:00:04 INFO: 
🔥 [Compact-1] 层级变更: L0 -> L5
📥 【输入阶段 - 被选中的上层 SST (Top)】:
  - [ID: 000180] Size:  1882.26 KB | Range: [usertable:user0003798084 -> usertable:user0003834858]
  - [ID: 000181] Size:  1877.75 KB | Range: [usertable:user0003834857 -> usertable:user0003871690]
  - [ID: 000182] Size:  1884.04 KB | Range: [usertable:user0003871674 -> usertable:user0003908440]
  - [ID: 000183] Size:  1883.67 KB | Range: [usertable:user0003908434 -> usertable:user0003945177]
  - [ID: 000184] Size:  1879.50 KB | Range: [usertable:user0003945176 -> usertable:user0003982014]
📥 【输入阶段 - 涉及的底层 SST (Bot)】:
  - [ID: 000178] Size:  9408.80 KB | Range: [usertable:user0003614231 -> usertable:user0003798094]
📤 【输出阶段 - 生成的新冷数据 SST (New)】:
  - [ID: 000185] Size: 18814.81 KB | Range: [usertable:user0003614231 -> usertable:user0003982014]
INSERT - Takes(s): 30.0, Count: 4015451, OPS: 133841.1, Avg(us): 117, Min(us): 3, Max(us): 13879, 50th(us): 94, 90th(us): 181, 95th(us): 222, 99th(us): 454, 99.9th(us): 1354, 99.99th(us): 3163
TOTAL  - Takes(s): 30.0, Count: 4015451, OPS: 133841.1, Avg(us): 117, Min(us): 3, Max(us): 13879, 50th(us): 94, 90th(us): 181, 95th(us): 222, 99th(us): 454, 99.9th(us): 1354, 99.99th(us): 3163
badger 2026/04/10 16:00:06 INFO: 
🔥 [Compact-0] 层级变更: L0 -> L5
📥 【输入阶段 - 被选中的上层 SST (Top)】:
  - [ID: 000186] Size:  1882.61 KB | Range: [usertable:user0003981999 -> usertable:user0004018765]
  - [ID: 000187] Size:  1881.19 KB | Range: [usertable:user0004018751 -> usertable:user0004055538]
  - [ID: 000188] Size:  1888.75 KB | Range: [usertable:user0004055533 -> usertable:user0004092217]
📥 【输入阶段 - 涉及的底层 SST (Bot)】:
  - [ID: 000185] Size: 18814.81 KB | Range: [usertable:user0003614231 -> usertable:user0003982014]
📤 【输出阶段 - 生成的新冷数据 SST (New)】:
  - [ID: 000191] Size: 24467.21 KB | Range: [usertable:user0003614231 -> usertable:user0004092217]
badger 2026/04/10 16:00:06 INFO: 
🔥 [Compact-0] 层级变更: L0 -> L5
📥 【输入阶段 - 被选中的上层 SST (Top)】:
  - [ID: 000189] Size:  1880.81 KB | Range: [usertable:user0004092218 -> usertable:user0004129001]
  - [ID: 000190] Size:  1880.85 KB | Range: [usertable:user0004128995 -> usertable:user0004165790]
  - [ID: 000192] Size:  1886.51 KB | Range: [usertable:user0004165780 -> usertable:user0004202504]
  - [ID: 000193] Size:  1884.04 KB | Range: [usertable:user0004202489 -> usertable:user0004239240]
  - [ID: 000194] Size:  1890.18 KB | Range: [usertable:user0004239227 -> usertable:user0004275878]
📥 【输入阶段 - 涉及的底层 SST (Bot)】:
  None
📤 【输出阶段 - 生成的新冷数据 SST (New)】:
  - [ID: 000195] Size:  9421.90 KB | Range: [usertable:user0004092218 -> usertable:user0004275878]
badger 2026/04/10 16:00:06 INFO: 
🔥 [Compact-0] 层级变更: L5 -> L6
📥 【输入阶段 - 被选中的上层 SST (Top)】:
  - [ID: 000144] Size:   344.04 KB | Range: [usertable:user0002798738 -> usertable:user0002805366]
📥 【输入阶段 - 涉及的底层 SST (Bot)】:
  None
📤 【输出阶段 - 生成的新冷数据 SST (New)】:
  - [ID: 000196] Size:   344.04 KB | Range: [usertable:user0002798738 -> usertable:user0002805366]
badger 2026/04/10 16:00:06 INFO: 
🔥 [Compact-1] 层级变更: L5 -> L6
📥 【输入阶段 - 被选中的上层 SST (Top)】:
  - [ID: 000147] Size:  9409.56 KB | Range: [usertable:user0002805367 -> usertable:user0002989243]
📥 【输入阶段 - 涉及的底层 SST (Bot)】:
  None
📤 【输出阶段 - 生成的新冷数据 SST (New)】:
  - [ID: 000197] Size:  9409.56 KB | Range: [usertable:user0002805367 -> usertable:user0002989243]
badger 2026/04/10 16:00:08 INFO: 
🔥 [Compact-3] 层级变更: L0 -> L5
📥 【输入阶段 - 被选中的上层 SST (Top)】:
  - [ID: 000198] Size:  1887.25 KB | Range: [usertable:user0004275864 -> usertable:user0004312563]
  - [ID: 000199] Size:  1880.65 KB | Range: [usertable:user0004312549 -> usertable:user0004349353]
  - [ID: 000200] Size:  1885.22 KB | Range: [usertable:user0004349349 -> usertable:user0004386080]
  - [ID: 000201] Size:  1881.09 KB | Range: [usertable:user0004386068 -> usertable:user0004422850]
  - [ID: 000202] Size:  1889.17 KB | Range: [usertable:user0004422849 -> usertable:user0004459516]
📥 【输入阶段 - 涉及的底层 SST (Bot)】:
  - [ID: 000195] Size:  9421.90 KB | Range: [usertable:user0004092218 -> usertable:user0004275878]
📤 【输出阶段 - 生成的新冷数据 SST (New)】:
  - [ID: 000203] Size: 18845.47 KB | Range: [usertable:user0004092218 -> usertable:user0004459516]
badger 2026/04/10 16:00:09 INFO: 
🔥 [Compact-0] 层级变更: L0 -> L5
📥 【输入阶段 - 被选中的上层 SST (Top)】:
  - [ID: 000204] Size:  1882.02 KB | Range: [usertable:user0004459500 -> usertable:user0004496276]
📥 【输入阶段 - 涉及的底层 SST (Bot)】:
  - [ID: 000203] Size: 18845.47 KB | Range: [usertable:user0004092218 -> usertable:user0004459516]
📤 【输出阶段 - 生成的新冷数据 SST (New)】:
  - [ID: 000209] Size: 20727.21 KB | Range: [usertable:user0004092218 -> usertable:user0004496276]
badger 2026/04/10 16:00:09 INFO: 
🔥 [Compact-0] 层级变更: L5 -> L6
📥 【输入阶段 - 被选中的上层 SST (Top)】:
  - [ID: 000159] Size: 15904.32 KB | Range: [usertable:user0002989244 -> usertable:user0003300183]
📥 【输入阶段 - 涉及的底层 SST (Bot)】:
  None
📤 【输出阶段 - 生成的新冷数据 SST (New)】:
  - [ID: 000210] Size: 15904.32 KB | Range: [usertable:user0002989244 -> usertable:user0003300183]
badger 2026/04/10 16:00:09 INFO: 
🔥 [Compact-3] 层级变更: L0 -> L4
📥 【输入阶段 - 被选中的上层 SST (Top)】:
  - [ID: 000205] Size:  1892.52 KB | Range: [usertable:user0004496277 -> usertable:user0004532894]
  - [ID: 000206] Size:  1868.47 KB | Range: [usertable:user0004532891 -> usertable:user0004569872]
  - [ID: 000207] Size:  1887.00 KB | Range: [usertable:user0004569862 -> usertable:user0004606555]
  - [ID: 000208] Size:  1875.04 KB | Range: [usertable:user0004606554 -> usertable:user0004643436]
  - [ID: 000211] Size:  1882.75 KB | Range: [usertable:user0004643430 -> usertable:user0004680203]
📥 【输入阶段 - 涉及的底层 SST (Bot)】:
  None
📤 【输出阶段 - 生成的新冷数据 SST (New)】:
  - [ID: 000212] Size:  9405.50 KB | Range: [usertable:user0004496277 -> usertable:user0004680203]
badger 2026/04/10 16:00:11 INFO: 
🔥 [Compact-3] 层级变更: L0 -> L4
📥 【输入阶段 - 被选中的上层 SST (Top)】:
  - [ID: 000213] Size:  1866.97 KB | Range: [usertable:user0004680189 -> usertable:user0004717196]
  - [ID: 000214] Size:  1883.80 KB | Range: [usertable:user0004717181 -> usertable:user0004753944]
  - [ID: 000215] Size:  1885.36 KB | Range: [usertable:user0004753929 -> usertable:user0004790663]
  - [ID: 000216] Size:  1885.46 KB | Range: [usertable:user0004790651 -> usertable:user0004827367]
  - [ID: 000217] Size:  1883.44 KB | Range: [usertable:user0004827361 -> usertable:user0004864112]
📥 【输入阶段 - 涉及的底层 SST (Bot)】:
  - [ID: 000212] Size:  9405.50 KB | Range: [usertable:user0004496277 -> usertable:user0004680203]
📤 【输出阶段 - 生成的新冷数据 SST (New)】:
  - [ID: 000218] Size: 15858.09 KB | Range: [usertable:user0004496277 -> usertable:user0004806630]
  - [ID: 000219] Size:  2951.27 KB | Range: [usertable:user0004806631 -> usertable:user0004864112]
badger 2026/04/10 16:00:12 INFO: 
🔥 [Compact-3] 层级变更: L0 -> L4
📥 【输入阶段 - 被选中的上层 SST (Top)】:
  - [ID: 000220] Size:  1882.90 KB | Range: [usertable:user0004864110 -> usertable:user0004900875]
  - [ID: 000221] Size:  1878.85 KB | Range: [usertable:user0004900867 -> usertable:user0004937680]
  - [ID: 000222] Size:  1880.63 KB | Range: [usertable:user0004937679 -> usertable:user0004974483]
  - [ID: 000223] Size:  1872.99 KB | Range: [usertable:user0004974474 -> usertable:user0005011374]
  - [ID: 000224] Size:  1870.68 KB | Range: [usertable:user0005011370 -> usertable:user0005048309]
📥 【输入阶段 - 涉及的底层 SST (Bot)】:
  - [ID: 000219] Size:  2951.27 KB | Range: [usertable:user0004806631 -> usertable:user0004864112]
📤 【输出阶段 - 生成的新冷数据 SST (New)】:
  - [ID: 000225] Size: 12336.80 KB | Range: [usertable:user0004806631 -> usertable:user0005048309]
badger 2026/04/10 16:00:13 INFO: 
🔥 [Compact-2] 层级变更: L0 -> L4
📥 【输入阶段 - 被选中的上层 SST (Top)】:
  - [ID: 000226] Size:  1880.52 KB | Range: [usertable:user0005048303 -> usertable:user0005085097]
  - [ID: 000227] Size:  1878.51 KB | Range: [usertable:user0005085084 -> usertable:user0005121929]
  - [ID: 000228] Size:  1886.01 KB | Range: [usertable:user0005121914 -> usertable:user0005158640]
  - [ID: 000229] Size:  1890.69 KB | Range: [usertable:user0005158625 -> usertable:user0005195276]
  - [ID: 000230] Size:  1884.81 KB | Range: [usertable:user0005195263 -> usertable:user0005232004]
📥 【输入阶段 - 涉及的底层 SST (Bot)】:
  - [ID: 000225] Size: 12336.80 KB | Range: [usertable:user0004806631 -> usertable:user0005048309]
📤 【输出阶段 - 生成的新冷数据 SST (New)】:
  - [ID: 000231] Size: 15882.70 KB | Range: [usertable:user0004806631 -> usertable:user0005117828]
  - [ID: 000232] Size:  5872.81 KB | Range: [usertable:user0005117829 -> usertable:user0005232004]
INSERT - Takes(s): 40.0, Count: 5362193, OPS: 134052.3, Avg(us): 117, Min(us): 3, Max(us): 13879, 50th(us): 94, 90th(us): 181, 95th(us): 222, 99th(us): 454, 99.9th(us): 1320, 99.99th(us): 2987
TOTAL  - Takes(s): 40.0, Count: 5362193, OPS: 134052.3, Avg(us): 117, Min(us): 3, Max(us): 13879, 50th(us): 94, 90th(us): 181, 95th(us): 222, 99th(us): 454, 99.9th(us): 1320, 99.99th(us): 2987
badger 2026/04/10 16:00:15 INFO: 
🔥 [Compact-0] 层级变更: L0 -> L4
📥 【输入阶段 - 被选中的上层 SST (Top)】:
  - [ID: 000233] Size:  1892.67 KB | Range: [usertable:user0005231991 -> usertable:user0005268609]
  - [ID: 000234] Size:  1883.10 KB | Range: [usertable:user0005268594 -> usertable:user0005305349]
  - [ID: 000235] Size:  1881.18 KB | Range: [usertable:user0005305343 -> usertable:user0005342131]
  - [ID: 000236] Size:  1893.50 KB | Range: [usertable:user0005342129 -> usertable:user0005378731]
  - [ID: 000237] Size:  1885.33 KB | Range: [usertable:user0005378719 -> usertable:user0005415447]
📥 【输入阶段 - 涉及的底层 SST (Bot)】:
  - [ID: 000232] Size:  5872.81 KB | Range: [usertable:user0005117829 -> usertable:user0005232004]
📤 【输出阶段 - 生成的新冷数据 SST (New)】:
  - [ID: 000238] Size: 15309.63 KB | Range: [usertable:user0005117829 -> usertable:user0005415447]
badger 2026/04/10 16:00:15 INFO: 
🔥 [Compact-0] 层级变更: L4 -> L5
📥 【输入阶段 - 被选中的上层 SST (Top)】:
  - [ID: 000218] Size: 15858.09 KB | Range: [usertable:user0004496277 -> usertable:user0004806630]
📥 【输入阶段 - 涉及的底层 SST (Bot)】:
  None
📤 【输出阶段 - 生成的新冷数据 SST (New)】:
  - [ID: 000239] Size: 15858.09 KB | Range: [usertable:user0004496277 -> usertable:user0004806630]
badger 2026/04/10 16:00:16 INFO: 
🔥 [Compact-0] 层级变更: L0 -> L4
📥 【输入阶段 - 被选中的上层 SST (Top)】:
  - [ID: 000240] Size:  1880.95 KB | Range: [usertable:user0005415441 -> usertable:user0005452230]
  - [ID: 000241] Size:  1879.91 KB | Range: [usertable:user0005452214 -> usertable:user0005489040]
  - [ID: 000242] Size:  1873.06 KB | Range: [usertable:user0005489028 -> usertable:user0005525933]
  - [ID: 000243] Size:  1880.57 KB | Range: [usertable:user0005525932 -> usertable:user0005562738]
  - [ID: 000244] Size:  1882.50 KB | Range: [usertable:user0005562723 -> usertable:user0005599505]
📥 【输入阶段 - 涉及的底层 SST (Bot)】:
  - [ID: 000238] Size: 15309.63 KB | Range: [usertable:user0005117829 -> usertable:user0005415447]
📤 【输出阶段 - 生成的新冷数据 SST (New)】:
  - [ID: 000245] Size: 15909.06 KB | Range: [usertable:user0005117829 -> usertable:user0005427220]
  - [ID: 000246] Size:  8796.81 KB | Range: [usertable:user0005427221 -> usertable:user0005599505]
badger 2026/04/10 16:00:18 INFO: 
🔥 [Compact-0] 层级变更: L0 -> L4
📥 【输入阶段 - 被选中的上层 SST (Top)】:
  - [ID: 000247] Size:  1884.40 KB | Range: [usertable:user0005599500 -> usertable:user0005636242]
  - [ID: 000248] Size:  1894.62 KB | Range: [usertable:user0005636241 -> usertable:user0005672858]
  - [ID: 000249] Size:  1881.41 KB | Range: [usertable:user0005672842 -> usertable:user0005709673]
  - [ID: 000250] Size:  1892.79 KB | Range: [usertable:user0005709655 -> usertable:user0005746273]
  - [ID: 000251] Size:  1885.96 KB | Range: [usertable:user0005746269 -> usertable:user0005782993]
📥 【输入阶段 - 涉及的底层 SST (Bot)】:
  - [ID: 000246] Size:  8796.81 KB | Range: [usertable:user0005427221 -> usertable:user0005599505]
📤 【输出阶段 - 生成的新冷数据 SST (New)】:
  - [ID: 000252] Size: 15809.63 KB | Range: [usertable:user0005427221 -> usertable:user0005735781]
  - [ID: 000253] Size:  2426.44 KB | Range: [usertable:user0005735782 -> usertable:user0005782993]
badger 2026/04/10 16:00:18 INFO: 
🔥 [Compact-0] 层级变更: L4 -> L5
📥 【输入阶段 - 被选中的上层 SST (Top)】:
  - [ID: 000231] Size: 15882.70 KB | Range: [usertable:user0004806631 -> usertable:user0005117828]
📥 【输入阶段 - 涉及的底层 SST (Bot)】:
  None
📤 【输出阶段 - 生成的新冷数据 SST (New)】:
  - [ID: 000254] Size: 15882.70 KB | Range: [usertable:user0004806631 -> usertable:user0005117828]
badger 2026/04/10 16:00:18 INFO: 
🔥 [Compact-0] 层级变更: L5 -> L6
📥 【输入阶段 - 被选中的上层 SST (Top)】:
  - [ID: 000174] Size: 14224.26 KB | Range: [usertable:user0003300184 -> usertable:user0003577341]
📥 【输入阶段 - 涉及的底层 SST (Bot)】:
  None
📤 【输出阶段 - 生成的新冷数据 SST (New)】:
  - [ID: 000256] Size: 14224.26 KB | Range: [usertable:user0003300184 -> usertable:user0003577341]
badger 2026/04/10 16:00:19 INFO: 
🔥 [Compact-3] 层级变更: L0 -> L4
📥 【输入阶段 - 被选中的上层 SST (Top)】:
  - [ID: 000255] Size:  1884.30 KB | Range: [usertable:user0005782980 -> usertable:user0005819726]
  - [ID: 000257] Size:  1891.25 KB | Range: [usertable:user0005819701 -> usertable:user0005856358]
  - [ID: 000258] Size:  1879.87 KB | Range: [usertable:user0005856344 -> usertable:user0005893158]
  - [ID: 000259] Size:  1882.27 KB | Range: [usertable:user0005893144 -> usertable:user0005929926]
  - [ID: 000260] Size:  1869.40 KB | Range: [usertable:user0005929913 -> usertable:user0005966866]
📥 【输入阶段 - 涉及的底层 SST (Bot)】:
  - [ID: 000253] Size:  2426.44 KB | Range: [usertable:user0005735782 -> usertable:user0005782993]
📤 【输出阶段 - 生成的新冷数据 SST (New)】:
  - [ID: 000261] Size: 11832.56 KB | Range: [usertable:user0005735782 -> usertable:user0005966866]
badger 2026/04/10 16:00:20 INFO: 
🔥 [Compact-0] 层级变更: L0 -> L4
📥 【输入阶段 - 被选中的上层 SST (Top)】:
  - [ID: 000262] Size:  1880.63 KB | Range: [usertable:user0005966867 -> usertable:user0006003656]
  - [ID: 000263] Size:  1879.96 KB | Range: [usertable:user0006003653 -> usertable:user0006040456]
  - [ID: 000264] Size:  1888.12 KB | Range: [usertable:user0006040448 -> usertable:user0006077128]
📥 【输入阶段 - 涉及的底层 SST (Bot)】:
  None
📤 【输出阶段 - 生成的新冷数据 SST (New)】:
  - [ID: 000267] Size:  5648.37 KB | Range: [usertable:user0005966867 -> usertable:user0006077128]
badger 2026/04/10 16:00:20 INFO: 
🔥 [Compact-0] 层级变更: L4 -> L5
📥 【输入阶段 - 被选中的上层 SST (Top)】:
  - [ID: 000245] Size: 15909.06 KB | Range: [usertable:user0005117829 -> usertable:user0005427220]
📥 【输入阶段 - 涉及的底层 SST (Bot)】:
  None
📤 【输出阶段 - 生成的新冷数据 SST (New)】:
  - [ID: 000268] Size: 15909.06 KB | Range: [usertable:user0005117829 -> usertable:user0005427220]
badger 2026/04/10 16:00:20 INFO: 
🔥 [Compact-3] 层级变更: L5 -> L6
📥 【输入阶段 - 被选中的上层 SST (Top)】:
  - [ID: 000176] Size:  1874.17 KB | Range: [usertable:user0003577342 -> usertable:user0003614230]
📥 【输入阶段 - 涉及的底层 SST (Bot)】:
  None
📤 【输出阶段 - 生成的新冷数据 SST (New)】:
  - [ID: 000269] Size:  1874.17 KB | Range: [usertable:user0003577342 -> usertable:user0003614230]
badger 2026/04/10 16:00:21 INFO: 
🔥 [Compact-0] 层级变更: L5 -> L6
📥 【输入阶段 - 被选中的上层 SST (Top)】:
  - [ID: 000191] Size: 24467.21 KB | Range: [usertable:user0003614231 -> usertable:user0004092217]
📥 【输入阶段 - 涉及的底层 SST (Bot)】:
  None
📤 【输出阶段 - 生成的新冷数据 SST (New)】:
  - [ID: 000270] Size: 24467.21 KB | Range: [usertable:user0003614231 -> usertable:user0004092217]
badger 2026/04/10 16:00:21 INFO: 
🔥 [Compact-3] 层级变更: L0 -> L4
📥 【输入阶段 - 被选中的上层 SST (Top)】:
  - [ID: 000265] Size:  1869.80 KB | Range: [usertable:user0006077129 -> usertable:user0006114076]
  - [ID: 000266] Size:  1881.85 KB | Range: [usertable:user0006114062 -> usertable:user0006150852]
  - [ID: 000271] Size:  1884.65 KB | Range: [usertable:user0006150842 -> usertable:user0006187585]
  - [ID: 000272] Size:  1880.84 KB | Range: [usertable:user0006187582 -> usertable:user0006224369]
  - [ID: 000273] Size:  1876.11 KB | Range: [usertable:user0006224362 -> usertable:user0006261231]
📥 【输入阶段 - 涉及的底层 SST (Bot)】:
  None
📤 【输出阶段 - 生成的新冷数据 SST (New)】:
  - [ID: 000274] Size:  9393.29 KB | Range: [usertable:user0006077129 -> usertable:user0006261231]
badger 2026/04/10 16:00:23 INFO: 
🔥 [Compact-1] 层级变更: L0 -> L4
📥 【输入阶段 - 被选中的上层 SST (Top)】:
  - [ID: 000275] Size:  1881.95 KB | Range: [usertable:user0006261213 -> usertable:user0006298000]
  - [ID: 000276] Size:  1881.12 KB | Range: [usertable:user0006297994 -> usertable:user0006334783]
  - [ID: 000277] Size:  1880.09 KB | Range: [usertable:user0006334769 -> usertable:user0006371596]
  - [ID: 000278] Size:  1881.64 KB | Range: [usertable:user0006371583 -> usertable:user0006408349]
  - [ID: 000279] Size:  1886.10 KB | Range: [usertable:user0006408345 -> usertable:user0006445061]
📥 【输入阶段 - 涉及的底层 SST (Bot)】:
  - [ID: 000274] Size:  9393.29 KB | Range: [usertable:user0006077129 -> usertable:user0006261231]
📤 【输出阶段 - 生成的新冷数据 SST (New)】:
  - [ID: 000280] Size: 15898.98 KB | Range: [usertable:user0006077129 -> usertable:user0006388583]
  - [ID: 000281] Size:  2903.73 KB | Range: [usertable:user0006388584 -> usertable:user0006445061]
badger 2026/04/10 16:00:24 INFO: 
🔥 [Compact-1] 层级变更: L0 -> L4
📥 【输入阶段 - 被选中的上层 SST (Top)】:
  - [ID: 000282] Size:  1888.83 KB | Range: [usertable:user0006445053 -> usertable:user0006481725]
  - [ID: 000283] Size:  1878.88 KB | Range: [usertable:user0006481720 -> usertable:user0006518541]
  - [ID: 000284] Size:  1884.32 KB | Range: [usertable:user0006518528 -> usertable:user0006555276]
  - [ID: 000285] Size:  1877.42 KB | Range: [usertable:user0006555263 -> usertable:user0006592115]
  - [ID: 000286] Size:  1874.83 KB | Range: [usertable:user0006592113 -> usertable:user0006629004]
📥 【输入阶段 - 涉及的底层 SST (Bot)】:
  - [ID: 000281] Size:  2903.73 KB | Range: [usertable:user0006388584 -> usertable:user0006445061]
📤 【输出阶段 - 生成的新冷数据 SST (New)】:
  - [ID: 000287] Size: 12307.70 KB | Range: [usertable:user0006388584 -> usertable:user0006629004]
badger 2026/04/10 16:00:24 INFO: 
🔥 [Compact-1] 层级变更: L4 -> L5
📥 【输入阶段 - 被选中的上层 SST (Top)】:
  - [ID: 000252] Size: 15809.63 KB | Range: [usertable:user0005427221 -> usertable:user0005735781]
📥 【输入阶段 - 涉及的底层 SST (Bot)】:
  None
📤 【输出阶段 - 生成的新冷数据 SST (New)】:
  - [ID: 000288] Size: 15809.63 KB | Range: [usertable:user0005427221 -> usertable:user0005735781]
INSERT - Takes(s): 50.0, Count: 6687807, OPS: 133755.3, Avg(us): 117, Min(us): 3, Max(us): 13879, 50th(us): 94, 90th(us): 181, 95th(us): 223, 99th(us): 461, 99.9th(us): 1300, 99.99th(us): 2783
TOTAL  - Takes(s): 50.0, Count: 6687807, OPS: 133755.3, Avg(us): 117, Min(us): 3, Max(us): 13879, 50th(us): 94, 90th(us): 181, 95th(us): 223, 99th(us): 461, 99.9th(us): 1300, 99.99th(us): 2783
badger 2026/04/10 16:00:25 INFO: 
🔥 [Compact-1] 层级变更: L0 -> L4
📥 【输入阶段 - 被选中的上层 SST (Top)】:
  - [ID: 000289] Size:  1888.17 KB | Range: [usertable:user0006628992 -> usertable:user0006665673]
  - [ID: 000290] Size:  1884.36 KB | Range: [usertable:user0006665662 -> usertable:user0006702400]
  - [ID: 000291] Size:  1880.65 KB | Range: [usertable:user0006702389 -> usertable:user0006739204]
  - [ID: 000292] Size:  1870.07 KB | Range: [usertable:user0006739189 -> usertable:user0006776125]
📥 【输入阶段 - 涉及的底层 SST (Bot)】:
  - [ID: 000287] Size: 12307.70 KB | Range: [usertable:user0006388584 -> usertable:user0006629004]
📤 【输出阶段 - 生成的新冷数据 SST (New)】:
  - [ID: 000294] Size: 15808.13 KB | Range: [usertable:user0006388584 -> usertable:user0006696970]
  - [ID: 000295] Size:  4022.60 KB | Range: [usertable:user0006696971 -> usertable:user0006776125]
badger 2026/04/10 16:00:25 INFO: 
🔥 [Compact-2] 层级变更: L4 -> L5
📥 【输入阶段 - 被选中的上层 SST (Top)】:
  - [ID: 000261] Size: 11832.56 KB | Range: [usertable:user0005735782 -> usertable:user0005966866]
📥 【输入阶段 - 涉及的底层 SST (Bot)】:
  None
📤 【输出阶段 - 生成的新冷数据 SST (New)】:
  - [ID: 000296] Size: 11832.56 KB | Range: [usertable:user0005735782 -> usertable:user0005966866]
badger 2026/04/10 16:00:26 INFO: 
🔥 [Compact-0] 层级变更: L0 -> L4
📥 【输入阶段 - 被选中的上层 SST (Top)】:
  - [ID: 000293] Size:  1877.70 KB | Range: [usertable:user0006776126 -> usertable:user0006812966]
  - [ID: 000297] Size:  1880.26 KB | Range: [usertable:user0006812953 -> usertable:user0006849765]
  - [ID: 000298] Size:  1881.90 KB | Range: [usertable:user0006849759 -> usertable:user0006886541]
  - [ID: 000299] Size:  1877.44 KB | Range: [usertable:user0006886538 -> usertable:user0006923388]
  - [ID: 000300] Size:  1883.75 KB | Range: [usertable:user0006923383 -> usertable:user0006960134]
📥 【输入阶段 - 涉及的底层 SST (Bot)】:
  None
📤 【输出阶段 - 生成的新冷数据 SST (New)】:
  - [ID: 000301] Size:  9400.07 KB | Range: [usertable:user0006776126 -> usertable:user0006960134]
badger 2026/04/10 16:00:28 INFO: 
🔥 [Compact-3] 层级变更: L0 -> L4
📥 【输入阶段 - 被选中的上层 SST (Top)】:
  - [ID: 000302] Size:  1883.33 KB | Range: [usertable:user0006960135 -> usertable:user0006996876]
  - [ID: 000303] Size:  1878.08 KB | Range: [usertable:user0006996874 -> usertable:user0007033711]
  - [ID: 000304] Size:  1878.56 KB | Range: [usertable:user0007033710 -> usertable:user0007070541]
  - [ID: 000305] Size:  1891.48 KB | Range: [usertable:user0007070530 -> usertable:user0007107171]
  - [ID: 000306] Size:  1888.62 KB | Range: [usertable:user0007107160 -> usertable:user0007143852]
📥 【输入阶段 - 涉及的底层 SST (Bot)】:
  None
📤 【输出阶段 - 生成的新冷数据 SST (New)】:
  - [ID: 000307] Size:  9418.52 KB | Range: [usertable:user0006960135 -> usertable:user0007143852]
badger 2026/04/10 16:00:28 INFO: 
🔥 [Compact-3] 层级变更: L4 -> L5
📥 【输入阶段 - 被选中的上层 SST (Top)】:
  - [ID: 000267] Size:  5648.37 KB | Range: [usertable:user0005966867 -> usertable:user0006077128]
📥 【输入阶段 - 涉及的底层 SST (Bot)】:
  None
📤 【输出阶段 - 生成的新冷数据 SST (New)】:
  - [ID: 000308] Size:  5648.37 KB | Range: [usertable:user0005966867 -> usertable:user0006077128]
badger 2026/04/10 16:00:28 INFO: 
🔥 [Compact-0] 层级变更: L4 -> L5
📥 【输入阶段 - 被选中的上层 SST (Top)】:
  - [ID: 000280] Size: 15898.98 KB | Range: [usertable:user0006077129 -> usertable:user0006388583]
📥 【输入阶段 - 涉及的底层 SST (Bot)】:
  None
📤 【输出阶段 - 生成的新冷数据 SST (New)】:
  - [ID: 000309] Size: 15898.98 KB | Range: [usertable:user0006077129 -> usertable:user0006388583]
badger 2026/04/10 16:00:28 INFO: 
🔥 [Compact-3] 层级变更: L5 -> L6
📥 【输入阶段 - 被选中的上层 SST (Top)】:
  - [ID: 000209] Size: 20727.21 KB | Range: [usertable:user0004092218 -> usertable:user0004496276]
📥 【输入阶段 - 涉及的底层 SST (Bot)】:
  None
📤 【输出阶段 - 生成的新冷数据 SST (New)】:
  - [ID: 000311] Size: 20727.21 KB | Range: [usertable:user0004092218 -> usertable:user0004496276]
badger 2026/04/10 16:00:29 INFO: 
🔥 [Compact-0] 层级变更: L0 -> L4
📥 【输入阶段 - 被选中的上层 SST (Top)】:
  - [ID: 000310] Size:  1888.98 KB | Range: [usertable:user0007143838 -> usertable:user0007180523]
  - [ID: 000312] Size:  1884.35 KB | Range: [usertable:user0007180508 -> usertable:user0007217253]
  - [ID: 000313] Size:  1893.03 KB | Range: [usertable:user0007217248 -> usertable:user0007253855]
  - [ID: 000314] Size:  1885.47 KB | Range: [usertable:user0007253845 -> usertable:user0007290564]
  - [ID: 000315] Size:  1883.93 KB | Range: [usertable:user0007290563 -> usertable:user0007327311]
📥 【输入阶段 - 涉及的底层 SST (Bot)】:
  - [ID: 000307] Size:  9418.52 KB | Range: [usertable:user0006960135 -> usertable:user0007143852]
📤 【输出阶段 - 生成的新冷数据 SST (New)】:
  - [ID: 000316] Size: 15802.99 KB | Range: [usertable:user0006960135 -> usertable:user0007267837]
  - [ID: 000317] Size:  3050.28 KB | Range: [usertable:user0007267838 -> usertable:user0007327311]
badger 2026/04/10 16:00:30 INFO: 
🔥 [Compact-3] 层级变更: L0 -> L4
📥 【输入阶段 - 被选中的上层 SST (Top)】:
  - [ID: 000318] Size:  1874.22 KB | Range: [usertable:user0007327296 -> usertable:user0007364201]
  - [ID: 000319] Size:  1883.53 KB | Range: [usertable:user0007364196 -> usertable:user0007400941]
📥 【输入阶段 - 涉及的底层 SST (Bot)】:
  - [ID: 000317] Size:  3050.28 KB | Range: [usertable:user0007267838 -> usertable:user0007327311]
📤 【输出阶段 - 生成的新冷数据 SST (New)】:
  - [ID: 000323] Size:  6807.67 KB | Range: [usertable:user0007267838 -> usertable:user0007400941]
badger 2026/04/10 16:00:31 INFO: 
🔥 [Compact-1] 层级变更: L0 -> L4
📥 【输入阶段 - 被选中的上层 SST (Top)】:
  - [ID: 000320] Size:  1888.65 KB | Range: [usertable:user0007400942 -> usertable:user0007437620]
📥 【输入阶段 - 涉及的底层 SST (Bot)】:
  None
📤 【输出阶段 - 生成的新冷数据 SST (New)】:
  - [ID: 000326] Size:  1888.65 KB | Range: [usertable:user0007400942 -> usertable:user0007437620]
badger 2026/04/10 16:00:31 INFO: 
🔥 [Compact-0] 层级变更: L0 -> L4
📥 【输入阶段 - 被选中的上层 SST (Top)】:
  - [ID: 000321] Size:  1881.81 KB | Range: [usertable:user0007437621 -> usertable:user0007474386]
  - [ID: 000322] Size:  1886.16 KB | Range: [usertable:user0007474385 -> usertable:user0007511102]
  - [ID: 000324] Size:  1883.03 KB | Range: [usertable:user0007511099 -> usertable:user0007547862]
  - [ID: 000325] Size:  1878.44 KB | Range: [usertable:user0007547856 -> usertable:user0007584690]
  - [ID: 000327] Size:  1881.34 KB | Range: [usertable:user0007584683 -> usertable:user0007621452]
📥 【输入阶段 - 涉及的底层 SST (Bot)】:
  None
📤 【输出阶段 - 生成的新冷数据 SST (New)】:
  - [ID: 000328] Size:  9409.93 KB | Range: [usertable:user0007437621 -> usertable:user0007621452]
badger 2026/04/10 16:00:31 INFO: 
🔥 [Compact-0] 层级变更: L4 -> L5
📥 【输入阶段 - 被选中的上层 SST (Top)】:
  - [ID: 000294] Size: 15808.13 KB | Range: [usertable:user0006388584 -> usertable:user0006696970]
📥 【输入阶段 - 涉及的底层 SST (Bot)】:
  None
📤 【输出阶段 - 生成的新冷数据 SST (New)】:
  - [ID: 000329] Size: 15808.13 KB | Range: [usertable:user0006388584 -> usertable:user0006696970]
badger 2026/04/10 16:00:33 INFO: 
🔥 [Compact-3] 层级变更: L0 -> L4
📥 【输入阶段 - 被选中的上层 SST (Top)】:
  - [ID: 000330] Size:  1880.93 KB | Range: [usertable:user0007621453 -> usertable:user0007658247]
📥 【输入阶段 - 涉及的底层 SST (Bot)】:
  None
📤 【输出阶段 - 生成的新冷数据 SST (New)】:
  - [ID: 000335] Size:  1880.93 KB | Range: [usertable:user0007621453 -> usertable:user0007658247]
badger 2026/04/10 16:00:33 INFO: 
🔥 [Compact-0] 层级变更: L0 -> L4
📥 【输入阶段 - 被选中的上层 SST (Top)】:
  - [ID: 000331] Size:  1879.40 KB | Range: [usertable:user0007658248 -> usertable:user0007695068]
  - [ID: 000332] Size:  1877.66 KB | Range: [usertable:user0007695054 -> usertable:user0007731898]
  - [ID: 000333] Size:  1879.54 KB | Range: [usertable:user0007731887 -> usertable:user0007768702]
  - [ID: 000334] Size:  1880.31 KB | Range: [usertable:user0007768701 -> usertable:user0007805506]
  - [ID: 000336] Size:  1885.99 KB | Range: [usertable:user0007805502 -> usertable:user0007842223]
📥 【输入阶段 - 涉及的底层 SST (Bot)】:
  None
📤 【输出阶段 - 生成的新冷数据 SST (New)】:
  - [ID: 000337] Size:  9402.28 KB | Range: [usertable:user0007658248 -> usertable:user0007842223]
badger 2026/04/10 16:00:33 INFO: 
🔥 [Compact-1] 层级变更: L4 -> L5
📥 【输入阶段 - 被选中的上层 SST (Top)】:
  - [ID: 000295] Size:  4022.60 KB | Range: [usertable:user0006696971 -> usertable:user0006776125]
📥 【输入阶段 - 涉及的底层 SST (Bot)】:
  None
📤 【输出阶段 - 生成的新冷数据 SST (New)】:
  - [ID: 000338] Size:  4022.60 KB | Range: [usertable:user0006696971 -> usertable:user0006776125]
badger 2026/04/10 16:00:33 INFO: 
🔥 [Compact-2] 层级变更: L5 -> L6
📥 【输入阶段 - 被选中的上层 SST (Top)】:
  - [ID: 000239] Size: 15858.09 KB | Range: [usertable:user0004496277 -> usertable:user0004806630]
📥 【输入阶段 - 涉及的底层 SST (Bot)】:
  None
📤 【输出阶段 - 生成的新冷数据 SST (New)】:
  - [ID: 000339] Size: 15858.09 KB | Range: [usertable:user0004496277 -> usertable:user0004806630]
INSERT - Takes(s): 60.0, Count: 8021273, OPS: 133686.9, Avg(us): 117, Min(us): 3, Max(us): 13879, 50th(us): 94, 90th(us): 181, 95th(us): 223, 99th(us): 462, 99.9th(us): 1286, 99.99th(us): 2541
TOTAL  - Takes(s): 60.0, Count: 8021273, OPS: 133686.9, Avg(us): 117, Min(us): 3, Max(us): 13879, 50th(us): 94, 90th(us): 181, 95th(us): 223, 99th(us): 462, 99.9th(us): 1286, 99.99th(us): 2541
badger 2026/04/10 16:00:34 INFO: 
🔥 [Compact-1] 层级变更: L0 -> L4
📥 【输入阶段 - 被选中的上层 SST (Top)】:
  - [ID: 000340] Size:  1887.76 KB | Range: [usertable:user0007842212 -> usertable:user0007878907]
  - [ID: 000341] Size:  1876.32 KB | Range: [usertable:user0007878895 -> usertable:user0007915760]
  - [ID: 000342] Size:  1884.93 KB | Range: [usertable:user0007915752 -> usertable:user0007952489]
  - [ID: 000343] Size:  1892.80 KB | Range: [usertable:user0007952484 -> usertable:user0007989091]
📥 【输入阶段 - 涉及的底层 SST (Bot)】:
  - [ID: 000337] Size:  9402.28 KB | Range: [usertable:user0007658248 -> usertable:user0007842223]
📤 【输出阶段 - 生成的新冷数据 SST (New)】:
  - [ID: 000345] Size: 15975.26 KB | Range: [usertable:user0007658248 -> usertable:user0007970445]
  - [ID: 000346] Size:   968.95 KB | Range: [usertable:user0007970446 -> usertable:user0007989091]
badger 2026/04/10 16:00:35 INFO: 
🔥 [Compact-1] 层级变更: L4 -> L5
📥 【输入阶段 - 被选中的上层 SST (Top)】:
  - [ID: 000301] Size:  9400.07 KB | Range: [usertable:user0006776126 -> usertable:user0006960134]
📥 【输入阶段 - 涉及的底层 SST (Bot)】:
  None
📤 【输出阶段 - 生成的新冷数据 SST (New)】:
  - [ID: 000347] Size:  9400.07 KB | Range: [usertable:user0006776126 -> usertable:user0006960134]
badger 2026/04/10 16:00:36 INFO: 
🔥 [Compact-3] 层级变更: L0 -> L4
📥 【输入阶段 - 被选中的上层 SST (Top)】:
  - [ID: 000344] Size:  1871.96 KB | Range: [usertable:user0007989092 -> usertable:user0008026021]
  - [ID: 000348] Size:  1890.37 KB | Range: [usertable:user0008026018 -> usertable:user0008062669]
  - [ID: 000349] Size:  1869.78 KB | Range: [usertable:user0008062659 -> usertable:user0008099628]
  - [ID: 000350] Size:  1879.04 KB | Range: [usertable:user0008099613 -> usertable:user0008136429]
  - [ID: 000351] Size:  1878.83 KB | Range: [usertable:user0008136426 -> usertable:user0008173245]
📥 【输入阶段 - 涉及的底层 SST (Bot)】:
  None
📤 【输出阶段 - 生成的新冷数据 SST (New)】:
  - [ID: 000352] Size:  9389.89 KB | Range: [usertable:user0007989092 -> usertable:user0008173245]
badger 2026/04/10 16:00:36 INFO: 
🔥 [Compact-3] 层级变更: L4 -> L5
📥 【输入阶段 - 被选中的上层 SST (Top)】:
  - [ID: 000316] Size: 15802.99 KB | Range: [usertable:user0006960135 -> usertable:user0007267837]
📥 【输入阶段 - 涉及的底层 SST (Bot)】:
  None
📤 【输出阶段 - 生成的新冷数据 SST (New)】:
  - [ID: 000353] Size: 15802.99 KB | Range: [usertable:user0006960135 -> usertable:user0007267837]
badger 2026/04/10 16:00:36 INFO: 
🔥 [Compact-3] 层级变更: L5 -> L6
📥 【输入阶段 - 被选中的上层 SST (Top)】:
  - [ID: 000254] Size: 15882.70 KB | Range: [usertable:user0004806631 -> usertable:user0005117828]
📥 【输入阶段 - 涉及的底层 SST (Bot)】:
  None
📤 【输出阶段 - 生成的新冷数据 SST (New)】:
  - [ID: 000355] Size: 15882.70 KB | Range: [usertable:user0004806631 -> usertable:user0005117828]
badger 2026/04/10 16:00:37 INFO: 
🔥 [Compact-1] 层级变更: L0 -> L4
📥 【输入阶段 - 被选中的上层 SST (Top)】:
  - [ID: 000354] Size:  1882.89 KB | Range: [usertable:user0008173239 -> usertable:user0008209995]
📥 【输入阶段 - 涉及的底层 SST (Bot)】:
  - [ID: 000352] Size:  9389.89 KB | Range: [usertable:user0007989092 -> usertable:user0008173245]
📤 【输出阶段 - 生成的新冷数据 SST (New)】:
  - [ID: 000360] Size: 11272.52 KB | Range: [usertable:user0007989092 -> usertable:user0008209995]
badger 2026/04/10 16:00:37 INFO: 
🔥 [Compact-1] 层级变更: L0 -> L4
📥 【输入阶段 - 被选中的上层 SST (Top)】:
  - [ID: 000356] Size:  1877.56 KB | Range: [usertable:user0008209996 -> usertable:user0008246833]
  - [ID: 000357] Size:  1881.14 KB | Range: [usertable:user0008246827 -> usertable:user0008283627]
  - [ID: 000358] Size:  1881.11 KB | Range: [usertable:user0008283613 -> usertable:user0008320404]
  - [ID: 000359] Size:  1887.69 KB | Range: [usertable:user0008320390 -> usertable:user0008357084]
  - [ID: 000361] Size:  1879.05 KB | Range: [usertable:user0008357070 -> usertable:user0008393898]
📥 【输入阶段 - 涉及的底层 SST (Bot)】:
  None
📤 【输出阶段 - 生成的新冷数据 SST (New)】:
  - [ID: 000362] Size:  9405.59 KB | Range: [usertable:user0008209996 -> usertable:user0008393898]
badger 2026/04/10 16:00:39 INFO: 
🔥 [Compact-3] 层级变更: L0 -> L4
📥 【输入阶段 - 被选中的上层 SST (Top)】:
  - [ID: 000363] Size:  1885.04 KB | Range: [usertable:user0008393891 -> usertable:user0008430615]
  - [ID: 000364] Size:  1881.97 KB | Range: [usertable:user0008430608 -> usertable:user0008467385]
  - [ID: 000365] Size:  1888.21 KB | Range: [usertable:user0008467373 -> usertable:user0008504078]
  - [ID: 000366] Size:  1881.87 KB | Range: [usertable:user0008504064 -> usertable:user0008540854]
  - [ID: 000367] Size:  1877.08 KB | Range: [usertable:user0008540841 -> usertable:user0008577696]
📥 【输入阶段 - 涉及的底层 SST (Bot)】:
  - [ID: 000362] Size:  9405.59 KB | Range: [usertable:user0008209996 -> usertable:user0008393898]
📤 【输出阶段 - 生成的新冷数据 SST (New)】:
  - [ID: 000368] Size: 15793.46 KB | Range: [usertable:user0008209996 -> usertable:user0008518306]
  - [ID: 000369] Size:  3025.65 KB | Range: [usertable:user0008518307 -> usertable:user0008577696]
badger 2026/04/10 16:00:39 INFO: 
🔥 [Compact-3] 层级变更: L4 -> L5
📥 【输入阶段 - 被选中的上层 SST (Top)】:
  - [ID: 000323] Size:  6807.67 KB | Range: [usertable:user0007267838 -> usertable:user0007400941]
📥 【输入阶段 - 涉及的底层 SST (Bot)】:
  None
📤 【输出阶段 - 生成的新冷数据 SST (New)】:
  - [ID: 000370] Size:  6807.67 KB | Range: [usertable:user0007267838 -> usertable:user0007400941]
badger 2026/04/10 16:00:40 INFO: 
🔥 [Compact-0] 层级变更: L0 -> L4
📥 【输入阶段 - 被选中的上层 SST (Top)】:
  - [ID: 000371] Size:  1887.28 KB | Range: [usertable:user0008577690 -> usertable:user0008614384]
  - [ID: 000372] Size:  1886.12 KB | Range: [usertable:user0008614377 -> usertable:user0008651098]
  - [ID: 000373] Size:  1884.14 KB | Range: [usertable:user0008651091 -> usertable:user0008687866]
  - [ID: 000374] Size:  1881.28 KB | Range: [usertable:user0008687852 -> usertable:user0008724655]
  - [ID: 000375] Size:  1884.51 KB | Range: [usertable:user0008724642 -> usertable:user0008761395]
📥 【输入阶段 - 涉及的底层 SST (Bot)】:
  - [ID: 000369] Size:  3025.65 KB | Range: [usertable:user0008518307 -> usertable:user0008577696]
📤 【输出阶段 - 生成的新冷数据 SST (New)】:
  - [ID: 000376] Size: 12448.53 KB | Range: [usertable:user0008518307 -> usertable:user0008761395]
badger 2026/04/10 16:00:40 INFO: 
🔥 [Compact-0] 层级变更: L4 -> L5
📥 【输入阶段 - 被选中的上层 SST (Top)】:
  - [ID: 000326] Size:  1888.65 KB | Range: [usertable:user0007400942 -> usertable:user0007437620]
📥 【输入阶段 - 涉及的底层 SST (Bot)】:
  None
📤 【输出阶段 - 生成的新冷数据 SST (New)】:
  - [ID: 000377] Size:  1888.65 KB | Range: [usertable:user0007400942 -> usertable:user0007437620]
badger 2026/04/10 16:00:40 INFO: 
🔥 [Compact-2] 层级变更: L4 -> L5
📥 【输入阶段 - 被选中的上层 SST (Top)】:
  - [ID: 000328] Size:  9409.93 KB | Range: [usertable:user0007437621 -> usertable:user0007621452]
📥 【输入阶段 - 涉及的底层 SST (Bot)】:
  None
📤 【输出阶段 - 生成的新冷数据 SST (New)】:
  - [ID: 000378] Size:  9409.93 KB | Range: [usertable:user0007437621 -> usertable:user0007621452]
badger 2026/04/10 16:00:41 INFO: 
🔥 [Compact-3] 层级变更: L0 -> L4
📥 【输入阶段 - 被选中的上层 SST (Top)】:
  - [ID: 000379] Size:  1880.26 KB | Range: [usertable:user0008761382 -> usertable:user0008798174]
  - [ID: 000380] Size:  1881.71 KB | Range: [usertable:user0008798166 -> usertable:user0008834955]
  - [ID: 000381] Size:  1887.18 KB | Range: [usertable:user0008834940 -> usertable:user0008871641]
  - [ID: 000382] Size:  1889.94 KB | Range: [usertable:user0008871638 -> usertable:user0008908307]
  - [ID: 000383] Size:  1869.73 KB | Range: [usertable:user0008908292 -> usertable:user0008945259]
📥 【输入阶段 - 涉及的底层 SST (Bot)】:
  - [ID: 000376] Size: 12448.53 KB | Range: [usertable:user0008518307 -> usertable:user0008761395]
📤 【输出阶段 - 生成的新冷数据 SST (New)】:
  - [ID: 000384] Size: 15920.45 KB | Range: [usertable:user0008518307 -> usertable:user0008829283]
  - [ID: 000385] Size:  5936.41 KB | Range: [usertable:user0008829284 -> usertable:user0008945259]
badger 2026/04/10 16:00:41 INFO: 
🔥 [Compact-3] 层级变更: L4 -> L5
📥 【输入阶段 - 被选中的上层 SST (Top)】:
  - [ID: 000335] Size:  1880.93 KB | Range: [usertable:user0007621453 -> usertable:user0007658247]
📥 【输入阶段 - 涉及的底层 SST (Bot)】:
  None
📤 【输出阶段 - 生成的新冷数据 SST (New)】:
  - [ID: 000386] Size:  1880.93 KB | Range: [usertable:user0007621453 -> usertable:user0007658247]
badger 2026/04/10 16:00:42 INFO: 
🔥 [Compact-0] 层级变更: L4 -> L5
📥 【输入阶段 - 被选中的上层 SST (Top)】:
  - [ID: 000345] Size: 15975.26 KB | Range: [usertable:user0007658248 -> usertable:user0007970445]
📥 【输入阶段 - 涉及的底层 SST (Bot)】:
  None
📤 【输出阶段 - 生成的新冷数据 SST (New)】:
  - [ID: 000387] Size: 15975.26 KB | Range: [usertable:user0007658248 -> usertable:user0007970445]
badger 2026/04/10 16:00:42 INFO: 
🔥 [Compact-0] 层级变更: L5 -> L6
📥 【输入阶段 - 被选中的上层 SST (Top)】:
  - [ID: 000268] Size: 15909.06 KB | Range: [usertable:user0005117829 -> usertable:user0005427220]
📥 【输入阶段 - 涉及的底层 SST (Bot)】:
  None
📤 【输出阶段 - 生成的新冷数据 SST (New)】:
  - [ID: 000389] Size: 15909.06 KB | Range: [usertable:user0005117829 -> usertable:user0005427220]
badger 2026/04/10 16:00:43 INFO: 
🔥 [Compact-1] 层级变更: L0 -> L4
📥 【输入阶段 - 被选中的上层 SST (Top)】:
  - [ID: 000388] Size:  1883.76 KB | Range: [usertable:user0008945245 -> usertable:user0008981991]
  - [ID: 000390] Size:  1877.23 KB | Range: [usertable:user0008981983 -> usertable:user0009018830]
  - [ID: 000391] Size:  1876.83 KB | Range: [usertable:user0009018820 -> usertable:user0009055673]
  - [ID: 000392] Size:  1884.87 KB | Range: [usertable:user0009055671 -> usertable:user0009092398]
  - [ID: 000393] Size:  1878.63 KB | Range: [usertable:user0009092394 -> usertable:user0009129220]
📥 【输入阶段 - 涉及的底层 SST (Bot)】:
  - [ID: 000385] Size:  5936.41 KB | Range: [usertable:user0008829284 -> usertable:user0008945259]
📤 【输出阶段 - 生成的新冷数据 SST (New)】:
  - [ID: 000394] Size: 15337.50 KB | Range: [usertable:user0008829284 -> usertable:user0009129220]
INSERT - Takes(s): 70.0, Count: 9341006, OPS: 133441.7, Avg(us): 117, Min(us): 3, Max(us): 13879, 50th(us): 94, 90th(us): 182, 95th(us): 224, 99th(us): 464, 99.9th(us): 1273, 99.99th(us): 2465
TOTAL  - Takes(s): 70.0, Count: 9341006, OPS: 133441.7, Avg(us): 117, Min(us): 3, Max(us): 13879, 50th(us): 94, 90th(us): 182, 95th(us): 224, 99th(us): 464, 99.9th(us): 1273, 99.99th(us): 2465
badger 2026/04/10 16:00:44 INFO: 
🔥 [Compact-3] 层级变更: L0 -> L4
📥 【输入阶段 - 被选中的上层 SST (Top)】:
  - [ID: 000395] Size:  1883.53 KB | Range: [usertable:user0009129217 -> usertable:user0009165983]
  - [ID: 000396] Size:  1877.85 KB | Range: [usertable:user0009165973 -> usertable:user0009202810]
  - [ID: 000397] Size:  1879.42 KB | Range: [usertable:user0009202808 -> usertable:user0009239616]
  - [ID: 000398] Size:  1877.63 KB | Range: [usertable:user0009239615 -> usertable:user0009276451]
  - [ID: 000399] Size:  1870.22 KB | Range: [usertable:user0009276447 -> usertable:user0009313408]
📥 【输入阶段 - 涉及的底层 SST (Bot)】:
  - [ID: 000394] Size: 15337.50 KB | Range: [usertable:user0008829284 -> usertable:user0009129220]
📤 【输出阶段 - 生成的新冷数据 SST (New)】:
  - [ID: 000400] Size: 24725.86 KB | Range: [usertable:user0008829284 -> usertable:user0009313408]
badger 2026/04/10 16:00:46 INFO: 
🔥 [Compact-3] 层级变更: L0 -> L4
📥 【输入阶段 - 被选中的上层 SST (Top)】:
  - [ID: 000401] Size:  1879.30 KB | Range: [usertable:user0009313394 -> usertable:user0009350203]
  - [ID: 000402] Size:  1879.53 KB | Range: [usertable:user0009350202 -> usertable:user0009387010]
📥 【输入阶段 - 涉及的底层 SST (Bot)】:
  - [ID: 000400] Size: 24725.86 KB | Range: [usertable:user0008829284 -> usertable:user0009313408]
📤 【输出阶段 - 生成的新冷数据 SST (New)】:
  - [ID: 000406] Size: 28484.71 KB | Range: [usertable:user0008829284 -> usertable:user0009387010]
badger 2026/04/10 16:00:46 INFO: 
🔥 [Compact-3] 层级变更: L4 -> L5
📥 【输入阶段 - 被选中的上层 SST (Top)】:
  - [ID: 000346] Size:   968.95 KB | Range: [usertable:user0007970446 -> usertable:user0007989091]
📥 【输入阶段 - 涉及的底层 SST (Bot)】:
  None
📤 【输出阶段 - 生成的新冷数据 SST (New)】:
  - [ID: 000408] Size:   968.95 KB | Range: [usertable:user0007970446 -> usertable:user0007989091]
badger 2026/04/10 16:00:46 INFO: 
🔥 [Compact-0] 层级变更: L4 -> L5
📥 【输入阶段 - 被选中的上层 SST (Top)】:
  - [ID: 000360] Size: 11272.52 KB | Range: [usertable:user0007989092 -> usertable:user0008209995]
📥 【输入阶段 - 涉及的底层 SST (Bot)】:
  None
📤 【输出阶段 - 生成的新冷数据 SST (New)】:
  - [ID: 000409] Size: 11272.52 KB | Range: [usertable:user0007989092 -> usertable:user0008209995]
badger 2026/04/10 16:00:46 INFO: 
🔥 [Compact-0] 层级变更: L5 -> L6
📥 【输入阶段 - 被选中的上层 SST (Top)】:
  - [ID: 000288] Size: 15809.63 KB | Range: [usertable:user0005427221 -> usertable:user0005735781]
📥 【输入阶段 - 涉及的底层 SST (Bot)】:
  None
📤 【输出阶段 - 生成的新冷数据 SST (New)】:
  - [ID: 000410] Size: 15809.63 KB | Range: [usertable:user0005427221 -> usertable:user0005735781]
badger 2026/04/10 16:00:46 INFO: 
🔥 [Compact-0] 层级变更: L0 -> L4
📥 【输入阶段 - 被选中的上层 SST (Top)】:
  - [ID: 000403] Size:  1884.31 KB | Range: [usertable:user0009387011 -> usertable:user0009423752]
  - [ID: 000404] Size:  1882.30 KB | Range: [usertable:user0009423740 -> usertable:user0009460499]
📥 【输入阶段 - 涉及的底层 SST (Bot)】:
  None
📤 【输出阶段 - 生成的新冷数据 SST (New)】:
  - [ID: 000412] Size:  3766.53 KB | Range: [usertable:user0009387011 -> usertable:user0009460499]
badger 2026/04/10 16:00:47 INFO: 
🔥 [Compact-1] 层级变更: L0 -> L4
📥 【输入阶段 - 被选中的上层 SST (Top)】:
  - [ID: 000405] Size:  1883.09 KB | Range: [usertable:user0009460500 -> usertable:user0009497272]
  - [ID: 000407] Size:  1871.06 KB | Range: [usertable:user0009497261 -> usertable:user0009534198]
  - [ID: 000411] Size:  1874.25 KB | Range: [usertable:user0009534193 -> usertable:user0009571091]
  - [ID: 000413] Size:  1881.10 KB | Range: [usertable:user0009571075 -> usertable:user0009607874]
  - [ID: 000414] Size:  1883.22 KB | Range: [usertable:user0009607860 -> usertable:user0009644618]
📥 【输入阶段 - 涉及的底层 SST (Bot)】:
  None
📤 【输出阶段 - 生成的新冷数据 SST (New)】:
  - [ID: 000415] Size:  9392.08 KB | Range: [usertable:user0009460500 -> usertable:user0009644618]
badger 2026/04/10 16:00:48 INFO: 
🔥 [Compact-0] 层级变更: L0 -> L4
📥 【输入阶段 - 被选中的上层 SST (Top)】:
  - [ID: 000416] Size:  1886.95 KB | Range: [usertable:user0009644613 -> usertable:user0009681314]
  - [ID: 000417] Size:  1876.55 KB | Range: [usertable:user0009681308 -> usertable:user0009718161]
  - [ID: 000418] Size:  1876.49 KB | Range: [usertable:user0009718150 -> usertable:user0009755004]
  - [ID: 000419] Size:  1880.45 KB | Range: [usertable:user0009755000 -> usertable:user0009791800]
  - [ID: 000420] Size:  1876.46 KB | Range: [usertable:user0009791788 -> usertable:user0009828648]
📥 【输入阶段 - 涉及的底层 SST (Bot)】:
  - [ID: 000415] Size:  9392.08 KB | Range: [usertable:user0009460500 -> usertable:user0009644618]
📤 【输出阶段 - 生成的新冷数据 SST (New)】:
  - [ID: 000421] Size: 18787.57 KB | Range: [usertable:user0009460500 -> usertable:user0009828648]
badger 2026/04/10 16:00:48 INFO: 
🔥 [Compact-0] 层级变更: L4 -> L5
📥 【输入阶段 - 被选中的上层 SST (Top)】:
  - [ID: 000368] Size: 15793.46 KB | Range: [usertable:user0008209996 -> usertable:user0008518306]
📥 【输入阶段 - 涉及的底层 SST (Bot)】:
  None
📤 【输出阶段 - 生成的新冷数据 SST (New)】:
  - [ID: 000422] Size: 15793.46 KB | Range: [usertable:user0008209996 -> usertable:user0008518306]
badger 2026/04/10 16:00:50 INFO: 
🔥 [Compact-0] 层级变更: L0 -> L4
📥 【输入阶段 - 被选中的上层 SST (Top)】:
  - [ID: 000423] Size:  1893.20 KB | Range: [usertable:user0009828635 -> usertable:user0009865240]
  - [ID: 000424] Size:  1889.19 KB | Range: [usertable:user0009865224 -> usertable:user0009901901]
  - [ID: 000425] Size:  1877.72 KB | Range: [usertable:user0009901898 -> usertable:user0009938739]
  - [ID: 000426] Size:  1877.05 KB | Range: [usertable:user0009938736 -> usertable:user0009975580]
📥 【输入阶段 - 涉及的底层 SST (Bot)】:
  - [ID: 000421] Size: 18787.57 KB | Range: [usertable:user0009460500 -> usertable:user0009828648]
📤 【输出阶段 - 生成的新冷数据 SST (New)】:
  - [ID: 000428] Size: 26323.34 KB | Range: [usertable:user0009460500 -> usertable:user0009975580]
badger 2026/04/10 16:00:50 INFO: 
🔥 [Compact-0] 层级变更: L4 -> L5
📥 【输入阶段 - 被选中的上层 SST (Top)】:
  - [ID: 000384] Size: 15920.45 KB | Range: [usertable:user0008518307 -> usertable:user0008829283]
📥 【输入阶段 - 涉及的底层 SST (Bot)】:
  None
📤 【输出阶段 - 生成的新冷数据 SST (New)】:
  - [ID: 000430] Size: 15920.45 KB | Range: [usertable:user0008518307 -> usertable:user0008829283]
badger 2026/04/10 16:00:50 INFO: 
🔥 [Compact-2] 层级变更: L5 -> L6
📥 【输入阶段 - 被选中的上层 SST (Top)】:
  - [ID: 000296] Size: 11832.56 KB | Range: [usertable:user0005735782 -> usertable:user0005966866]
📥 【输入阶段 - 涉及的底层 SST (Bot)】:
  None
📤 【输出阶段 - 生成的新冷数据 SST (New)】:
  - [ID: 000431] Size: 11832.56 KB | Range: [usertable:user0005735782 -> usertable:user0005966866]
badger 2026/04/10 16:00:51 INFO: 
🔥 [Compact-0] 层级变更: L0 -> L4
📥 【输入阶段 - 被选中的上层 SST (Top)】:
  - [ID: 000427] Size:  1890.54 KB | Range: [usertable:user0009975581 -> usertable:user0010012041]
  - [ID: 000429] Size:  1866.14 KB | Range: [usertable:user0010012028 -> usertable:user0010048480]
  - [ID: 000432] Size:  1864.20 KB | Range: [usertable:user0010048476 -> usertable:user0010084961]
  - [ID: 000433] Size:  1859.80 KB | Range: [usertable:user0010084947 -> usertable:user0010121485]
  - [ID: 000434] Size:  1866.66 KB | Range: [usertable:user0010121482 -> usertable:user0010157923]
📥 【输入阶段 - 涉及的底层 SST (Bot)】:
  None
📤 【输出阶段 - 生成的新冷数据 SST (New)】:
  - [ID: 000435] Size:  9346.23 KB | Range: [usertable:user0009975581 -> usertable:user0010157923]
badger 2026/04/10 16:00:52 INFO: 
🔥 [Compact-3] 层级变更: L0 -> L4
📥 【输入阶段 - 被选中的上层 SST (Top)】:
  - [ID: 000436] Size:  1864.62 KB | Range: [usertable:user0010157913 -> usertable:user0010194382]
  - [ID: 000437] Size:  1859.64 KB | Range: [usertable:user0010194377 -> usertable:user0010230936]
  - [ID: 000438] Size:  1864.04 KB | Range: [usertable:user0010230925 -> usertable:user0010267426]
  - [ID: 000439] Size:  1863.71 KB | Range: [usertable:user0010267413 -> usertable:user0010303905]
  - [ID: 000440] Size:  1869.22 KB | Range: [usertable:user0010303902 -> usertable:user0010340309]
📥 【输入阶段 - 涉及的底层 SST (Bot)】:
  - [ID: 000435] Size:  9346.23 KB | Range: [usertable:user0009975581 -> usertable:user0010157923]
📤 【输出阶段 - 生成的新冷数据 SST (New)】:
  - [ID: 000441] Size: 18665.81 KB | Range: [usertable:user0009975581 -> usertable:user0010340309]
badger 2026/04/10 16:00:52 INFO: 
🔥 [Compact-1] 层级变更: L4 -> L5
📥 【输入阶段 - 被选中的上层 SST (Top)】:
  - [ID: 000406] Size: 28484.71 KB | Range: [usertable:user0008829284 -> usertable:user0009387010]
📥 【输入阶段 - 涉及的底层 SST (Bot)】:
  None
📤 【输出阶段 - 生成的新冷数据 SST (New)】:
  - [ID: 000443] Size: 28484.71 KB | Range: [usertable:user0008829284 -> usertable:user0009387010]
badger 2026/04/10 16:00:53 INFO: 
🔥 [Compact-1] 层级变更: L5 -> L6
📥 【输入阶段 - 被选中的上层 SST (Top)】:
  - [ID: 000308] Size:  5648.37 KB | Range: [usertable:user0005966867 -> usertable:user0006077128]
📥 【输入阶段 - 涉及的底层 SST (Bot)】:
  None
📤 【输出阶段 - 生成的新冷数据 SST (New)】:
  - [ID: 000444] Size:  5648.37 KB | Range: [usertable:user0005966867 -> usertable:user0006077128]
badger 2026/04/10 16:00:53 INFO: 
🔥 [Compact-0] 层级变更: L5 -> L6
📥 【输入阶段 - 被选中的上层 SST (Top)】:
  - [ID: 000329] Size: 15808.13 KB | Range: [usertable:user0006388584 -> usertable:user0006696970]
📥 【输入阶段 - 涉及的底层 SST (Bot)】:
  None
📤 【输出阶段 - 生成的新冷数据 SST (New)】:
  - [ID: 000446] Size: 15808.13 KB | Range: [usertable:user0006388584 -> usertable:user0006696970]
badger 2026/04/10 16:00:53 INFO: 
🔥 [Compact-3] 层级变更: L5 -> L6
📥 【输入阶段 - 被选中的上层 SST (Top)】:
  - [ID: 000309] Size: 15898.98 KB | Range: [usertable:user0006077129 -> usertable:user0006388583]
📥 【输入阶段 - 涉及的底层 SST (Bot)】:
  None
📤 【输出阶段 - 生成的新冷数据 SST (New)】:
  - [ID: 000445] Size: 15898.98 KB | Range: [usertable:user0006077129 -> usertable:user0006388583]
badger 2026/04/10 16:00:54 INFO: 
🔥 [Compact-2] 层级变更: L0 -> L4
📥 【输入阶段 - 被选中的上层 SST (Top)】:
  - [ID: 000442] Size:  1878.55 KB | Range: [usertable:user0010340295 -> usertable:user0010376572]
  - [ID: 000447] Size:  1866.99 KB | Range: [usertable:user0010376564 -> usertable:user0010413009]
  - [ID: 000448] Size:  1864.50 KB | Range: [usertable:user0010413001 -> usertable:user0010449489]
  - [ID: 000449] Size:  1863.77 KB | Range: [usertable:user0010449487 -> usertable:user0010485984]
  - [ID: 000450] Size:  1870.70 KB | Range: [usertable:user0010485980 -> usertable:user0010522365]
📥 【输入阶段 - 涉及的底层 SST (Bot)】:
  - [ID: 000441] Size: 18665.81 KB | Range: [usertable:user0009975581 -> usertable:user0010340309]
📤 【输出阶段 - 生成的新冷数据 SST (New)】:
  - [ID: 000451] Size: 28009.26 KB | Range: [usertable:user0009975581 -> usertable:user0010522365]
INSERT - Takes(s): 80.0, Count: 10616233, OPS: 132702.5, Avg(us): 118, Min(us): 3, Max(us): 30079, 50th(us): 95, 90th(us): 183, 95th(us): 227, 99th(us): 474, 99.9th(us): 1259, 99.99th(us): 2469
TOTAL  - Takes(s): 80.0, Count: 10616233, OPS: 132702.5, Avg(us): 118, Min(us): 3, Max(us): 30079, 50th(us): 95, 90th(us): 183, 95th(us): 227, 99th(us): 474, 99.9th(us): 1259, 99.99th(us): 2469
badger 2026/04/10 16:00:55 INFO: 
🔥 [Compact-0] 层级变更: L0 -> L4
📥 【输入阶段 - 被选中的上层 SST (Top)】:
  - [ID: 000452] Size:  1862.49 KB | Range: [usertable:user0010522351 -> usertable:user0010558868]
  - [ID: 000453] Size:  1874.11 KB | Range: [usertable:user0010558857 -> usertable:user0010595183]
  - [ID: 000454] Size:  1857.36 KB | Range: [usertable:user0010595181 -> usertable:user0010631769]
  - [ID: 000455] Size:  1866.70 KB | Range: [usertable:user0010631759 -> usertable:user0010668197]
  - [ID: 000456] Size:  1875.89 KB | Range: [usertable:user0010668192 -> usertable:user0010704497]
📥 【输入阶段 - 涉及的底层 SST (Bot)】:
  - [ID: 000451] Size: 28009.26 KB | Range: [usertable:user0009975581 -> usertable:user0010522365]
📤 【输出阶段 - 生成的新冷数据 SST (New)】:
  - [ID: 000457] Size: 31572.55 KB | Range: [usertable:user0009975581 -> usertable:user0010592020]
  - [ID: 000458] Size:  5773.53 KB | Range: [usertable:user0010592021 -> usertable:user0010704497]
badger 2026/04/10 16:00:56 INFO: 
🔥 [Compact-3] 层级变更: L0 -> L4
📥 【输入阶段 - 被选中的上层 SST (Top)】:
  - [ID: 000459] Size:  1858.57 KB | Range: [usertable:user0010704491 -> usertable:user0010741049]
  - [ID: 000460] Size:  1866.54 KB | Range: [usertable:user0010741041 -> usertable:user0010777483]
  - [ID: 000461] Size:  1863.73 KB | Range: [usertable:user0010777476 -> usertable:user0010813961]
  - [ID: 000462] Size:  1864.83 KB | Range: [usertable:user0010813949 -> usertable:user0010850430]
  - [ID: 000463] Size:  1865.03 KB | Range: [usertable:user0010850424 -> usertable:user0010886900]
📥 【输入阶段 - 涉及的底层 SST (Bot)】:
  - [ID: 000458] Size:  5773.53 KB | Range: [usertable:user0010592021 -> usertable:user0010704497]
📤 【输出阶段 - 生成的新冷数据 SST (New)】:
  - [ID: 000464] Size: 15091.47 KB | Range: [usertable:user0010592021 -> usertable:user0010886900]
badger 2026/04/10 16:00:58 INFO: 
🔥 [Compact-3] 层级变更: L0 -> L4
📥 【输入阶段 - 被选中的上层 SST (Top)】:
  - [ID: 000465] Size:  1873.84 KB | Range: [usertable:user0010886885 -> usertable:user0010923221]
  - [ID: 000466] Size:  1864.28 KB | Range: [usertable:user0010923206 -> usertable:user0010959690]
  - [ID: 000467] Size:  1867.53 KB | Range: [usertable:user0010959682 -> usertable:user0010996115]
  - [ID: 000468] Size:  1867.24 KB | Range: [usertable:user0010996105 -> usertable:user0011032547]
  - [ID: 000469] Size:  1864.52 KB | Range: [usertable:user0011032537 -> usertable:user0011069013]
📥 【输入阶段 - 涉及的底层 SST (Bot)】:
  - [ID: 000464] Size: 15091.47 KB | Range: [usertable:user0010592021 -> usertable:user0010886900]
📤 【输出阶段 - 生成的新冷数据 SST (New)】:
  - [ID: 000470] Size: 24428.60 KB | Range: [usertable:user0010592021 -> usertable:user0011069013]
badger 2026/04/10 16:00:58 INFO: 
🔥 [Compact-3] 层级变更: L4 -> L5
📥 【输入阶段 - 被选中的上层 SST (Top)】:
  - [ID: 000412] Size:  3766.53 KB | Range: [usertable:user0009387011 -> usertable:user0009460499]
📥 【输入阶段 - 涉及的底层 SST (Bot)】:
  None
📤 【输出阶段 - 生成的新冷数据 SST (New)】:
  - [ID: 000471] Size:  3766.53 KB | Range: [usertable:user0009387011 -> usertable:user0009460499]
badger 2026/04/10 16:00:59 INFO: 
🔥 [Compact-3] 层级变更: L0 -> L4
📥 【输入阶段 - 被选中的上层 SST (Top)】:
  - [ID: 000472] Size:  1868.50 KB | Range: [usertable:user0011069004 -> usertable:user0011105422]
  - [ID: 000473] Size:  1861.20 KB | Range: [usertable:user0011105409 -> usertable:user0011141922]
  - [ID: 000474] Size:  1867.58 KB | Range: [usertable:user0011141914 -> usertable:user0011178340]
  - [ID: 000475] Size:  1864.49 KB | Range: [usertable:user0011178336 -> usertable:user0011214802]
  - [ID: 000476] Size:  1869.51 KB | Range: [usertable:user0011214800 -> usertable:user0011251195]
📥 【输入阶段 - 涉及的底层 SST (Bot)】:
  - [ID: 000470] Size: 24428.60 KB | Range: [usertable:user0010592021 -> usertable:user0011069013]
📤 【输出阶段 - 生成的新冷数据 SST (New)】:
  - [ID: 000477] Size: 31620.40 KB | Range: [usertable:user0010592021 -> usertable:user0011209491]
  - [ID: 000478] Size:  2139.28 KB | Range: [usertable:user0011209492 -> usertable:user0011251195]
badger 2026/04/10 16:01:00 INFO: 
🔥 [Compact-1] 层级变更: L4 -> L5
📥 【输入阶段 - 被选中的上层 SST (Top)】:
  - [ID: 000428] Size: 26323.34 KB | Range: [usertable:user0009460500 -> usertable:user0009975580]
📥 【输入阶段 - 涉及的底层 SST (Bot)】:
  None
📤 【输出阶段 - 生成的新冷数据 SST (New)】:
  - [ID: 000480] Size: 26323.34 KB | Range: [usertable:user0009460500 -> usertable:user0009975580]
badger 2026/04/10 16:01:00 INFO: 
🔥 [Compact-1] 层级变更: L0 -> L4
📥 【输入阶段 - 被选中的上层 SST (Top)】:
  - [ID: 000479] Size:  1852.76 KB | Range: [usertable:user0011251188 -> usertable:user0011287838]
  - [ID: 000481] Size:  1867.05 KB | Range: [usertable:user0011287826 -> usertable:user0011324258]
📥 【输入阶段 - 涉及的底层 SST (Bot)】:
  - [ID: 000478] Size:  2139.28 KB | Range: [usertable:user0011209492 -> usertable:user0011251195]
📤 【输出阶段 - 生成的新冷数据 SST (New)】:
  - [ID: 000485] Size:  5858.47 KB | Range: [usertable:user0011209492 -> usertable:user0011324258]
badger 2026/04/10 16:01:01 INFO: 
🔥 [Compact-0] 层级变更: L0 -> L4
📥 【输入阶段 - 被选中的上层 SST (Top)】:
  - [ID: 000482] Size:  1870.61 KB | Range: [usertable:user0011324259 -> usertable:user0011360644]
  - [ID: 000483] Size:  1869.19 KB | Range: [usertable:user0011360634 -> usertable:user0011397048]
  - [ID: 000484] Size:  1867.22 KB | Range: [usertable:user0011397035 -> usertable:user0011433457]
📥 【输入阶段 - 涉及的底层 SST (Bot)】:
  None
📤 【输出阶段 - 生成的新冷数据 SST (New)】:
  - [ID: 000488] Size:  5606.32 KB | Range: [usertable:user0011324259 -> usertable:user0011433457]
badger 2026/04/10 16:01:02 INFO: 
🔥 [Compact-0] 层级变更: L0 -> L4
📥 【输入阶段 - 被选中的上层 SST (Top)】:
  - [ID: 000486] Size:  1864.70 KB | Range: [usertable:user0011433458 -> usertable:user0011469916]
  - [ID: 000487] Size:  1855.36 KB | Range: [usertable:user0011469912 -> usertable:user0011506518]
  - [ID: 000489] Size:  1869.11 KB | Range: [usertable:user0011506503 -> usertable:user0011542913]
  - [ID: 000490] Size:  1856.84 KB | Range: [usertable:user0011542903 -> usertable:user0011579484]
  - [ID: 000491] Size:  1871.98 KB | Range: [usertable:user0011579483 -> usertable:user0011615844]
📥 【输入阶段 - 涉及的底层 SST (Bot)】:
  None
📤 【输出阶段 - 生成的新冷数据 SST (New)】:
  - [ID: 000492] Size:  9317.24 KB | Range: [usertable:user0011433458 -> usertable:user0011615844]
badger 2026/04/10 16:01:03 INFO: 
🔥 [Compact-0] 层级变更: L0 -> L4
📥 【输入阶段 - 被选中的上层 SST (Top)】:
  - [ID: 000493] Size:  1866.75 KB | Range: [usertable:user0011615838 -> usertable:user0011652286]
  - [ID: 000494] Size:  1871.23 KB | Range: [usertable:user0011652275 -> usertable:user0011688656]
  - [ID: 000495] Size:  1861.25 KB | Range: [usertable:user0011688636 -> usertable:user0011725165]
  - [ID: 000496] Size:  1856.26 KB | Range: [usertable:user0011725156 -> usertable:user0011761747]
📥 【输入阶段 - 涉及的底层 SST (Bot)】:
  - [ID: 000492] Size:  9317.24 KB | Range: [usertable:user0011433458 -> usertable:user0011615844]
📤 【输出阶段 - 生成的新冷数据 SST (New)】:
  - [ID: 000498] Size: 16771.89 KB | Range: [usertable:user0011433458 -> usertable:user0011761747]
badger 2026/04/10 16:01:04 INFO: 
🔥 [Compact-0] 层级变更: L4 -> L5
📥 【输入阶段 - 被选中的上层 SST (Top)】:
  - [ID: 000457] Size: 31572.55 KB | Range: [usertable:user0009975581 -> usertable:user0010592020]
📥 【输入阶段 - 涉及的底层 SST (Bot)】:
  None
📤 【输出阶段 - 生成的新冷数据 SST (New)】:
  - [ID: 000500] Size: 31572.55 KB | Range: [usertable:user0009975581 -> usertable:user0010592020]
badger 2026/04/10 16:01:04 INFO: 
🔥 [Compact-0] 层级变更: L5 -> L6
📥 【输入阶段 - 被选中的上层 SST (Top)】:
  - [ID: 000338] Size:  4022.60 KB | Range: [usertable:user0006696971 -> usertable:user0006776125]
📥 【输入阶段 - 涉及的底层 SST (Bot)】:
  None
📤 【输出阶段 - 生成的新冷数据 SST (New)】:
  - [ID: 000501] Size:  4022.60 KB | Range: [usertable:user0006696971 -> usertable:user0006776125]
badger 2026/04/10 16:01:04 INFO: 
🔥 [Compact-2] 层级变更: L5 -> L6
📥 【输入阶段 - 被选中的上层 SST (Top)】:
  - [ID: 000347] Size:  9400.07 KB | Range: [usertable:user0006776126 -> usertable:user0006960134]
📥 【输入阶段 - 涉及的底层 SST (Bot)】:
  None
📤 【输出阶段 - 生成的新冷数据 SST (New)】:
  - [ID: 000502] Size:  9400.07 KB | Range: [usertable:user0006776126 -> usertable:user0006960134]
badger 2026/04/10 16:01:04 INFO: 
🔥 [Compact-1] 层级变更: L5 -> L6
📥 【输入阶段 - 被选中的上层 SST (Top)】:
  - [ID: 000353] Size: 15802.99 KB | Range: [usertable:user0006960135 -> usertable:user0007267837]
📥 【输入阶段 - 涉及的底层 SST (Bot)】:
  None
📤 【输出阶段 - 生成的新冷数据 SST (New)】:
  - [ID: 000503] Size: 15802.99 KB | Range: [usertable:user0006960135 -> usertable:user0007267837]
INSERT - Takes(s): 90.0, Count: 11927117, OPS: 132523.3, Avg(us): 118, Min(us): 3, Max(us): 30079, 50th(us): 95, 90th(us): 183, 95th(us): 227, 99th(us): 476, 99.9th(us): 1249, 99.99th(us): 2467
TOTAL  - Takes(s): 90.0, Count: 11927117, OPS: 132523.3, Avg(us): 118, Min(us): 3, Max(us): 30079, 50th(us): 95, 90th(us): 183, 95th(us): 227, 99th(us): 476, 99.9th(us): 1249, 99.99th(us): 2467
badger 2026/04/10 16:01:04 INFO: 
🔥 [Compact-0] 层级变更: L0 -> L4
📥 【输入阶段 - 被选中的上层 SST (Top)】:
  - [ID: 000497] Size:  1861.79 KB | Range: [usertable:user0011761748 -> usertable:user0011798267]
  - [ID: 000499] Size:  1866.20 KB | Range: [usertable:user0011798255 -> usertable:user0011834714]
  - [ID: 000504] Size:  1866.93 KB | Range: [usertable:user0011834699 -> usertable:user0011871142]
  - [ID: 000505] Size:  1860.11 KB | Range: [usertable:user0011871128 -> usertable:user0011907668]
  - [ID: 000506] Size:  1862.26 KB | Range: [usertable:user0011907660 -> usertable:user0011944170]
📥 【输入阶段 - 涉及的底层 SST (Bot)】:
  None
📤 【输出阶段 - 生成的新冷数据 SST (New)】:
  - [ID: 000507] Size:  9316.51 KB | Range: [usertable:user0011761748 -> usertable:user0011944170]
badger 2026/04/10 16:01:06 INFO: 
🔥 [Compact-3] 层级变更: L0 -> L4
📥 【输入阶段 - 被选中的上层 SST (Top)】:
  - [ID: 000508] Size:  1860.89 KB | Range: [usertable:user0011944164 -> usertable:user0011980688]
  - [ID: 000509] Size:  1861.10 KB | Range: [usertable:user0011980674 -> usertable:user0012017191]
  - [ID: 000510] Size:  1861.67 KB | Range: [usertable:user0012017184 -> usertable:user0012053704]
  - [ID: 000511] Size:  1864.22 KB | Range: [usertable:user0012053691 -> usertable:user0012090168]
  - [ID: 000512] Size:  1865.27 KB | Range: [usertable:user0012090165 -> usertable:user0012126634]
📥 【输入阶段 - 涉及的底层 SST (Bot)】:
  - [ID: 000507] Size:  9316.51 KB | Range: [usertable:user0011761748 -> usertable:user0011944170]
📤 【输出阶段 - 生成的新冷数据 SST (New)】:
  - [ID: 000513] Size: 18628.72 KB | Range: [usertable:user0011761748 -> usertable:user0012126634]
badger 2026/04/10 16:01:07 INFO: 
🔥 [Compact-3] 层级变更: L0 -> L4
📥 【输入阶段 - 被选中的上层 SST (Top)】:
  - [ID: 000514] Size:  1862.80 KB | Range: [usertable:user0012126621 -> usertable:user0012163126]
  - [ID: 000515] Size:  1861.19 KB | Range: [usertable:user0012163111 -> usertable:user0012199637]
  - [ID: 000516] Size:  1857.45 KB | Range: [usertable:user0012199634 -> usertable:user0012236219]
  - [ID: 000517] Size:  1868.34 KB | Range: [usertable:user0012236205 -> usertable:user0012272615]
  - [ID: 000518] Size:  1864.94 KB | Range: [usertable:user0012272604 -> usertable:user0012309064]
📥 【输入阶段 - 涉及的底层 SST (Bot)】:
  - [ID: 000513] Size: 18628.72 KB | Range: [usertable:user0011761748 -> usertable:user0012126634]
📤 【输出阶段 - 生成的新冷数据 SST (New)】:
  - [ID: 000519] Size: 27942.61 KB | Range: [usertable:user0011761748 -> usertable:user0012309064]
badger 2026/04/10 16:01:09 INFO: 
🔥 [Compact-3] 层级变更: L0 -> L4
📥 【输入阶段 - 被选中的上层 SST (Top)】:
  - [ID: 000520] Size:  1872.11 KB | Range: [usertable:user0012309060 -> usertable:user0012345431]
  - [ID: 000521] Size:  1860.57 KB | Range: [usertable:user0012345421 -> usertable:user0012381958]
  - [ID: 000522] Size:  1865.07 KB | Range: [usertable:user0012381945 -> usertable:user0012418412]
  - [ID: 000523] Size:  1864.95 KB | Range: [usertable:user0012418402 -> usertable:user0012454875]
  - [ID: 000524] Size:  1867.21 KB | Range: [usertable:user0012454866 -> usertable:user0012491301]
📥 【输入阶段 - 涉及的底层 SST (Bot)】:
  - [ID: 000519] Size: 27942.61 KB | Range: [usertable:user0011761748 -> usertable:user0012309064]
📤 【输出阶段 - 生成的新冷数据 SST (New)】:
  - [ID: 000525] Size: 31709.01 KB | Range: [usertable:user0011761748 -> usertable:user0012382625]
  - [ID: 000526] Size:  5562.06 KB | Range: [usertable:user0012382626 -> usertable:user0012491301]
badger 2026/04/10 16:01:09 INFO: 
🔥 [Compact-3] 层级变更: L4 -> L5
📥 【输入阶段 - 被选中的上层 SST (Top)】:
  - [ID: 000477] Size: 31620.40 KB | Range: [usertable:user0010592021 -> usertable:user0011209491]
📥 【输入阶段 - 涉及的底层 SST (Bot)】:
  None
📤 【输出阶段 - 生成的新冷数据 SST (New)】:
  - [ID: 000528] Size: 31620.40 KB | Range: [usertable:user0010592021 -> usertable:user0011209491]
badger 2026/04/10 16:01:09 INFO: 
🔥 [Compact-0] 层级变更: L5 -> L6
📥 【输入阶段 - 被选中的上层 SST (Top)】:
  - [ID: 000377] Size:  1888.65 KB | Range: [usertable:user0007400942 -> usertable:user0007437620]
📥 【输入阶段 - 涉及的底层 SST (Bot)】:
  None
📤 【输出阶段 - 生成的新冷数据 SST (New)】:
  - [ID: 000531] Size:  1888.65 KB | Range: [usertable:user0007400942 -> usertable:user0007437620]
badger 2026/04/10 16:01:09 INFO: 
🔥 [Compact-3] 层级变更: L5 -> L6
📥 【输入阶段 - 被选中的上层 SST (Top)】:
  - [ID: 000370] Size:  6807.67 KB | Range: [usertable:user0007267838 -> usertable:user0007400941]
📥 【输入阶段 - 涉及的底层 SST (Bot)】:
  None
📤 【输出阶段 - 生成的新冷数据 SST (New)】:
  - [ID: 000530] Size:  6807.67 KB | Range: [usertable:user0007267838 -> usertable:user0007400941]
badger 2026/04/10 16:01:09 INFO: 
🔥 [Compact-2] 层级变更: L5 -> L6
📥 【输入阶段 - 被选中的上层 SST (Top)】:
  - [ID: 000378] Size:  9409.93 KB | Range: [usertable:user0007437621 -> usertable:user0007621452]
📥 【输入阶段 - 涉及的底层 SST (Bot)】:
  None
📤 【输出阶段 - 生成的新冷数据 SST (New)】:
  - [ID: 000532] Size:  9409.93 KB | Range: [usertable:user0007437621 -> usertable:user0007621452]
badger 2026/04/10 16:01:10 INFO: 
🔥 [Compact-3] 层级变更: L0 -> L4
📥 【输入阶段 - 被选中的上层 SST (Top)】:
  - [ID: 000527] Size:  1859.71 KB | Range: [usertable:user0012491289 -> usertable:user0012527839]
  - [ID: 000529] Size:  1871.06 KB | Range: [usertable:user0012527806 -> usertable:user0012564209]
  - [ID: 000533] Size:  1863.62 KB | Range: [usertable:user0012564196 -> usertable:user0012600698]
  - [ID: 000534] Size:  1863.46 KB | Range: [usertable:user0012600683 -> usertable:user0012637182]
  - [ID: 000535] Size:  1868.56 KB | Range: [usertable:user0012637177 -> usertable:user0012673603]
📥 【输入阶段 - 涉及的底层 SST (Bot)】:
  - [ID: 000526] Size:  5562.06 KB | Range: [usertable:user0012382626 -> usertable:user0012491301]
📤 【输出阶段 - 生成的新冷数据 SST (New)】:
  - [ID: 000536] Size: 14887.37 KB | Range: [usertable:user0012382626 -> usertable:user0012673603]
badger 2026/04/10 16:01:12 INFO: 
🔥 [Compact-3] 层级变更: L0 -> L4
📥 【输入阶段 - 被选中的上层 SST (Top)】:
  - [ID: 000537] Size:  1871.03 KB | Range: [usertable:user0012673593 -> usertable:user0012709976]
  - [ID: 000538] Size:  1870.01 KB | Range: [usertable:user0012709957 -> usertable:user0012746358]
  - [ID: 000539] Size:  1864.80 KB | Range: [usertable:user0012746348 -> usertable:user0012782823]
  - [ID: 000540] Size:  1863.16 KB | Range: [usertable:user0012782822 -> usertable:user0012819313]
  - [ID: 000541] Size:  1871.94 KB | Range: [usertable:user0012819306 -> usertable:user0012855659]
📥 【输入阶段 - 涉及的底层 SST (Bot)】:
  - [ID: 000536] Size: 14887.37 KB | Range: [usertable:user0012382626 -> usertable:user0012673603]
📤 【输出阶段 - 生成的新冷数据 SST (New)】:
  - [ID: 000542] Size: 24226.83 KB | Range: [usertable:user0012382626 -> usertable:user0012855659]
badger 2026/04/10 16:01:13 INFO: 
🔥 [Compact-0] 层级变更: L0 -> L4
📥 【输入阶段 - 被选中的上层 SST (Top)】:
  - [ID: 000543] Size:  1866.57 KB | Range: [usertable:user0012855660 -> usertable:user0012892094]
  - [ID: 000544] Size:  1856.11 KB | Range: [usertable:user0012892092 -> usertable:user0012928686]
  - [ID: 000545] Size:  1866.75 KB | Range: [usertable:user0012928683 -> usertable:user0012965125]
  - [ID: 000546] Size:  1863.62 KB | Range: [usertable:user0012965116 -> usertable:user0013001609]
  - [ID: 000547] Size:  1873.79 KB | Range: [usertable:user0013001600 -> usertable:user0013037934]
📥 【输入阶段 - 涉及的底层 SST (Bot)】:
  None
📤 【输出阶段 - 生成的新冷数据 SST (New)】:
  - [ID: 000548] Size:  9326.57 KB | Range: [usertable:user0012855660 -> usertable:user0013037934]
badger 2026/04/10 16:01:14 INFO: 
🔥 [Compact-3] 层级变更: L0 -> L4
📥 【输入阶段 - 被选中的上层 SST (Top)】:
  - [ID: 000549] Size:  1862.45 KB | Range: [usertable:user0013037930 -> usertable:user0013074428]
  - [ID: 000550] Size:  1862.05 KB | Range: [usertable:user0013074427 -> usertable:user0013110928]
📥 【输入阶段 - 涉及的底层 SST (Bot)】:
  - [ID: 000548] Size:  9326.57 KB | Range: [usertable:user0012855660 -> usertable:user0013037934]
📤 【输出阶段 - 生成的新冷数据 SST (New)】:
  - [ID: 000554] Size: 13051.15 KB | Range: [usertable:user0012855660 -> usertable:user0013110928]
INSERT - Takes(s): 100.0, Count: 13242327, OPS: 132422.1, Avg(us): 118, Min(us): 3, Max(us): 30079, 50th(us): 95, 90th(us): 183, 95th(us): 227, 99th(us): 477, 99.9th(us): 1241, 99.99th(us): 2505
TOTAL  - Takes(s): 100.0, Count: 13242327, OPS: 132422.0, Avg(us): 118, Min(us): 3, Max(us): 30079, 50th(us): 95, 90th(us): 183, 95th(us): 227, 99th(us): 477, 99.9th(us): 1241, 99.99th(us): 2505
badger 2026/04/10 16:01:15 INFO: 
🔥 [Compact-3] 层级变更: L0 -> L4
📥 【输入阶段 - 被选中的上层 SST (Top)】:
  - [ID: 000551] Size:  1861.49 KB | Range: [usertable:user0013110929 -> usertable:user0013147434]
  - [ID: 000552] Size:  1870.07 KB | Range: [usertable:user0013147424 -> usertable:user0013183834]
  - [ID: 000553] Size:  1875.31 KB | Range: [usertable:user0013183819 -> usertable:user0013220136]
  - [ID: 000555] Size:  1863.02 KB | Range: [usertable:user0013220121 -> usertable:user0013256635]
  - [ID: 000556] Size:  1865.42 KB | Range: [usertable:user0013256629 -> usertable:user0013293082]
📥 【输入阶段 - 涉及的底层 SST (Bot)】:
  None
📤 【输出阶段 - 生成的新冷数据 SST (New)】:
  - [ID: 000557] Size:  9334.35 KB | Range: [usertable:user0013110929 -> usertable:user0013293082]
badger 2026/04/10 16:01:15 INFO: 
🔥 [Compact-3] 层级变更: L4 -> L5
📥 【输入阶段 - 被选中的上层 SST (Top)】:
  - [ID: 000485] Size:  5858.47 KB | Range: [usertable:user0011209492 -> usertable:user0011324258]
📥 【输入阶段 - 涉及的底层 SST (Bot)】:
  None
📤 【输出阶段 - 生成的新冷数据 SST (New)】:
  - [ID: 000558] Size:  5858.47 KB | Range: [usertable:user0011209492 -> usertable:user0011324258]
badger 2026/04/10 16:01:15 INFO: 
🔥 [Compact-0] 层级变更: L4 -> L5
📥 【输入阶段 - 被选中的上层 SST (Top)】:
  - [ID: 000488] Size:  5606.32 KB | Range: [usertable:user0011324259 -> usertable:user0011433457]
📥 【输入阶段 - 涉及的底层 SST (Bot)】:
  None
📤 【输出阶段 - 生成的新冷数据 SST (New)】:
  - [ID: 000559] Size:  5606.32 KB | Range: [usertable:user0011324259 -> usertable:user0011433457]
badger 2026/04/10 16:01:15 INFO: 
🔥 [Compact-3] 层级变更: L5 -> L6
📥 【输入阶段 - 被选中的上层 SST (Top)】:
  - [ID: 000386] Size:  1880.93 KB | Range: [usertable:user0007621453 -> usertable:user0007658247]
📥 【输入阶段 - 涉及的底层 SST (Bot)】:
  None
📤 【输出阶段 - 生成的新冷数据 SST (New)】:
  - [ID: 000560] Size:  1880.93 KB | Range: [usertable:user0007621453 -> usertable:user0007658247]
badger 2026/04/10 16:01:16 INFO: 
🔥 [Compact-3] 层级变更: L0 -> L4
📥 【输入阶段 - 被选中的上层 SST (Top)】:
  - [ID: 000561] Size:  1865.76 KB | Range: [usertable:user0013293078 -> usertable:user0013329537]
  - [ID: 000562] Size:  1866.39 KB | Range: [usertable:user0013329531 -> usertable:user0013365983]
  - [ID: 000563] Size:  1857.48 KB | Range: [usertable:user0013365968 -> usertable:user0013402546]
  - [ID: 000564] Size:  1872.78 KB | Range: [usertable:user0013402534 -> usertable:user0013438881]
  - [ID: 000565] Size:  1857.49 KB | Range: [usertable:user0013438869 -> usertable:user0013475463]
📥 【输入阶段 - 涉及的底层 SST (Bot)】:
  - [ID: 000557] Size:  9334.35 KB | Range: [usertable:user0013110929 -> usertable:user0013293082]
📤 【输出阶段 - 生成的新冷数据 SST (New)】:
  - [ID: 000566] Size: 18652.86 KB | Range: [usertable:user0013110929 -> usertable:user0013475463]
badger 2026/04/10 16:01:16 INFO: 
🔥 [Compact-2] 层级变更: L4 -> L5
📥 【输入阶段 - 被选中的上层 SST (Top)】:
  - [ID: 000498] Size: 16771.89 KB | Range: [usertable:user0011433458 -> usertable:user0011761747]
📥 【输入阶段 - 涉及的底层 SST (Bot)】:
  None
📤 【输出阶段 - 生成的新冷数据 SST (New)】:
  - [ID: 000567] Size: 16771.89 KB | Range: [usertable:user0011433458 -> usertable:user0011761747]
badger 2026/04/10 16:01:16 INFO: 
🔥 [Compact-2] 层级变更: L5 -> L6
📥 【输入阶段 - 被选中的上层 SST (Top)】:
  - [ID: 000387] Size: 15975.26 KB | Range: [usertable:user0007658248 -> usertable:user0007970445]
📥 【输入阶段 - 涉及的底层 SST (Bot)】:
  None
📤 【输出阶段 - 生成的新冷数据 SST (New)】:
  - [ID: 000569] Size: 15975.26 KB | Range: [usertable:user0007658248 -> usertable:user0007970445]
badger 2026/04/10 16:01:18 INFO: 
🔥 [Compact-3] 层级变更: L0 -> L4
📥 【输入阶段 - 被选中的上层 SST (Top)】:
  - [ID: 000568] Size:  1864.89 KB | Range: [usertable:user0013475452 -> usertable:user0013511908]
📥 【输入阶段 - 涉及的底层 SST (Bot)】:
  - [ID: 000566] Size: 18652.86 KB | Range: [usertable:user0013110929 -> usertable:user0013475463]
📤 【输出阶段 - 生成的新冷数据 SST (New)】:
  - [ID: 000574] Size: 20517.55 KB | Range: [usertable:user0013110929 -> usertable:user0013511908]
badger 2026/04/10 16:01:18 INFO: 
🔥 [Compact-1] 层级变更: L0 -> L4
📥 【输入阶段 - 被选中的上层 SST (Top)】:
  - [ID: 000570] Size:  1864.30 KB | Range: [usertable:user0013511909 -> usertable:user0013548384]
  - [ID: 000571] Size:  1870.49 KB | Range: [usertable:user0013548371 -> usertable:user0013584753]
  - [ID: 000572] Size:  1864.74 KB | Range: [usertable:user0013584749 -> usertable:user0013621209]
📥 【输入阶段 - 涉及的底层 SST (Bot)】:
  None
📤 【输出阶段 - 生成的新冷数据 SST (New)】:
  - [ID: 000576] Size:  5599.13 KB | Range: [usertable:user0013511909 -> usertable:user0013621209]
badger 2026/04/10 16:01:19 INFO: 
🔥 [Compact-0] 层级变更: L0 -> L4
📥 【输入阶段 - 被选中的上层 SST (Top)】:
  - [ID: 000573] Size:  1871.72 KB | Range: [usertable:user0013621210 -> usertable:user0013657569]
  - [ID: 000575] Size:  1868.52 KB | Range: [usertable:user0013657567 -> usertable:user0013693973]
  - [ID: 000577] Size:  1863.53 KB | Range: [usertable:user0013693956 -> usertable:user0013730456]
  - [ID: 000578] Size:  1864.46 KB | Range: [usertable:user0013730448 -> usertable:user0013766928]
  - [ID: 000579] Size:  1860.08 KB | Range: [usertable:user0013766916 -> usertable:user0013803474]
📥 【输入阶段 - 涉及的底层 SST (Bot)】:
  None
📤 【输出阶段 - 生成的新冷数据 SST (New)】:
  - [ID: 000580] Size:  9326.64 KB | Range: [usertable:user0013621210 -> usertable:user0013803474]
badger 2026/04/10 16:01:19 INFO: 
🔥 [Compact-0] 层级变更: L4 -> L5
📥 【输入阶段 - 被选中的上层 SST (Top)】:
  - [ID: 000525] Size: 31709.01 KB | Range: [usertable:user0011761748 -> usertable:user0012382625]
📥 【输入阶段 - 涉及的底层 SST (Bot)】:
  None
📤 【输出阶段 - 生成的新冷数据 SST (New)】:
  - [ID: 000581] Size: 31709.01 KB | Range: [usertable:user0011761748 -> usertable:user0012382625]
badger 2026/04/10 16:01:19 INFO: 
🔥 [Compact-3] 层级变更: L5 -> L6
📥 【输入阶段 - 被选中的上层 SST (Top)】:
  - [ID: 000408] Size:   968.95 KB | Range: [usertable:user0007970446 -> usertable:user0007989091]
📥 【输入阶段 - 涉及的底层 SST (Bot)】:
  None
📤 【输出阶段 - 生成的新冷数据 SST (New)】:
  - [ID: 000583] Size:   968.95 KB | Range: [usertable:user0007970446 -> usertable:user0007989091]
badger 2026/04/10 16:01:19 INFO: 
🔥 [Compact-0] 层级变更: L5 -> L6
📥 【输入阶段 - 被选中的上层 SST (Top)】:
  - [ID: 000409] Size: 11272.52 KB | Range: [usertable:user0007989092 -> usertable:user0008209995]
📥 【输入阶段 - 涉及的底层 SST (Bot)】:
  None
📤 【输出阶段 - 生成的新冷数据 SST (New)】:
  - [ID: 000584] Size: 11272.52 KB | Range: [usertable:user0007989092 -> usertable:user0008209995]
badger 2026/04/10 16:01:19 INFO: 
🔥 [Compact-2] 层级变更: L5 -> L6
📥 【输入阶段 - 被选中的上层 SST (Top)】:
  - [ID: 000422] Size: 15793.46 KB | Range: [usertable:user0008209996 -> usertable:user0008518306]
📥 【输入阶段 - 涉及的底层 SST (Bot)】:
  None
📤 【输出阶段 - 生成的新冷数据 SST (New)】:
  - [ID: 000585] Size: 15793.46 KB | Range: [usertable:user0008209996 -> usertable:user0008518306]
badger 2026/04/10 16:01:20 INFO: 
🔥 [Compact-0] 层级变更: L0 -> L4
📥 【输入阶段 - 被选中的上层 SST (Top)】:
  - [ID: 000582] Size:  1873.55 KB | Range: [usertable:user0013803459 -> usertable:user0013839813]
  - [ID: 000586] Size:  1870.81 KB | Range: [usertable:user0013839803 -> usertable:user0013876178]
  - [ID: 000587] Size:  1868.26 KB | Range: [usertable:user0013876162 -> usertable:user0013912595]
  - [ID: 000588] Size:  1868.73 KB | Range: [usertable:user0013912581 -> usertable:user0013948996]
  - [ID: 000589] Size:  1870.62 KB | Range: [usertable:user0013948984 -> usertable:user0013985374]
📥 【输入阶段 - 涉及的底层 SST (Bot)】:
  - [ID: 000580] Size:  9326.64 KB | Range: [usertable:user0013621210 -> usertable:user0013803474]
📤 【输出阶段 - 生成的新冷数据 SST (New)】:
  - [ID: 000590] Size: 18677.60 KB | Range: [usertable:user0013621210 -> usertable:user0013985374]
badger 2026/04/10 16:01:22 INFO: 
🔥 [Compact-0] 层级变更: L0 -> L4
📥 【输入阶段 - 被选中的上层 SST (Top)】:
  - [ID: 000591] Size:  1872.06 KB | Range: [usertable:user0013985365 -> usertable:user0014021732]
  - [ID: 000592] Size:  1872.96 KB | Range: [usertable:user0014021723 -> usertable:user0014058062]
  - [ID: 000593] Size:  1861.00 KB | Range: [usertable:user0014058053 -> usertable:user0014094576]
  - [ID: 000594] Size:  1861.11 KB | Range: [usertable:user0014094561 -> usertable:user0014131099]
  - [ID: 000595] Size:  1867.50 KB | Range: [usertable:user0014131093 -> usertable:user0014167518]
📥 【输入阶段 - 涉及的底层 SST (Bot)】:
  - [ID: 000590] Size: 18677.60 KB | Range: [usertable:user0013621210 -> usertable:user0013985374]
📤 【输出阶段 - 生成的新冷数据 SST (New)】:
  - [ID: 000596] Size: 28012.00 KB | Range: [usertable:user0013621210 -> usertable:user0014167518]
badger 2026/04/10 16:01:23 INFO: 
🔥 [Compact-3] 层级变更: L0 -> L4
📥 【输入阶段 - 被选中的上层 SST (Top)】:
  - [ID: 000597] Size:  1864.86 KB | Range: [usertable:user0014167517 -> usertable:user0014203979]
📥 【输入阶段 - 涉及的底层 SST (Bot)】:
  - [ID: 000596] Size: 28012.00 KB | Range: [usertable:user0013621210 -> usertable:user0014167518]
📤 【输出阶段 - 生成的新冷数据 SST (New)】:
  - [ID: 000602] Size: 29877.15 KB | Range: [usertable:user0013621210 -> usertable:user0014203979]
badger 2026/04/10 16:01:23 INFO: 
🔥 [Compact-3] 层级变更: L0 -> L4
📥 【输入阶段 - 被选中的上层 SST (Top)】:
  - [ID: 000598] Size:  1865.26 KB | Range: [usertable:user0014203980 -> usertable:user0014240439]
  - [ID: 000599] Size:  1867.57 KB | Range: [usertable:user0014240435 -> usertable:user0014276868]
  - [ID: 000600] Size:  1867.32 KB | Range: [usertable:user0014276860 -> usertable:user0014313295]
  - [ID: 000601] Size:  1860.92 KB | Range: [usertable:user0014313281 -> usertable:user0014349822]
  - [ID: 000603] Size:  1859.56 KB | Range: [usertable:user0014349810 -> usertable:user0014386349]
📥 【输入阶段 - 涉及的底层 SST (Bot)】:
  None
📤 【输出阶段 - 生成的新冷数据 SST (New)】:
  - [ID: 000604] Size:  9320.19 KB | Range: [usertable:user0014203980 -> usertable:user0014386349]
INSERT - Takes(s): 110.0, Count: 14550149, OPS: 132273.6, Avg(us): 118, Min(us): 3, Max(us): 30079, 50th(us): 95, 90th(us): 183, 95th(us): 228, 99th(us): 479, 99.9th(us): 1234, 99.99th(us): 2489
TOTAL  - Takes(s): 110.0, Count: 14550149, OPS: 132273.3, Avg(us): 118, Min(us): 3, Max(us): 30079, 50th(us): 95, 90th(us): 183, 95th(us): 228, 99th(us): 479, 99.9th(us): 1234, 99.99th(us): 2489
badger 2026/04/10 16:01:24 INFO: 
🔥 [Compact-0] 层级变更: L0 -> L4
📥 【输入阶段 - 被选中的上层 SST (Top)】:
  - [ID: 000605] Size:  1873.55 KB | Range: [usertable:user0014386345 -> usertable:user0014422680]
📥 【输入阶段 - 涉及的底层 SST (Bot)】:
  - [ID: 000604] Size:  9320.19 KB | Range: [usertable:user0014203980 -> usertable:user0014386349]
📤 【输出阶段 - 生成的新冷数据 SST (New)】:
  - [ID: 000610] Size: 11193.91 KB | Range: [usertable:user0014203980 -> usertable:user0014422680]
badger 2026/04/10 16:01:25 INFO: 
🔥 [Compact-0] 层级变更: L0 -> L4
📥 【输入阶段 - 被选中的上层 SST (Top)】:
  - [ID: 000606] Size:  1874.21 KB | Range: [usertable:user0014422681 -> usertable:user0014459008]
  - [ID: 000607] Size:  1859.83 KB | Range: [usertable:user0014458997 -> usertable:user0014495547]
  - [ID: 000608] Size:  1860.58 KB | Range: [usertable:user0014495533 -> usertable:user0014532056]
  - [ID: 000609] Size:  1868.25 KB | Range: [usertable:user0014532046 -> usertable:user0014568467]
  - [ID: 000611] Size:  1861.27 KB | Range: [usertable:user0014568459 -> usertable:user0014604978]
📥 【输入阶段 - 涉及的底层 SST (Bot)】:
  None
📤 【输出阶段 - 生成的新冷数据 SST (New)】:
  - [ID: 000612] Size:  9324.30 KB | Range: [usertable:user0014422681 -> usertable:user0014604978]
badger 2026/04/10 16:01:25 INFO: 
🔥 [Compact-0] 层级变更: L4 -> L5
📥 【输入阶段 - 被选中的上层 SST (Top)】:
  - [ID: 000542] Size: 24226.83 KB | Range: [usertable:user0012382626 -> usertable:user0012855659]
📥 【输入阶段 - 涉及的底层 SST (Bot)】:
  None
📤 【输出阶段 - 生成的新冷数据 SST (New)】:
  - [ID: 000613] Size: 24226.83 KB | Range: [usertable:user0012382626 -> usertable:user0012855659]
badger 2026/04/10 16:01:25 INFO: 
🔥 [Compact-0] 层级变更: L5 -> L6
📥 【输入阶段 - 被选中的上层 SST (Top)】:
  - [ID: 000430] Size: 15920.45 KB | Range: [usertable:user0008518307 -> usertable:user0008829283]
📥 【输入阶段 - 涉及的底层 SST (Bot)】:
  None
📤 【输出阶段 - 生成的新冷数据 SST (New)】:
  - [ID: 000615] Size: 15920.45 KB | Range: [usertable:user0008518307 -> usertable:user0008829283]
badger 2026/04/10 16:01:26 INFO: 
🔥 [Compact-0] 层级变更: L0 -> L4
📥 【输入阶段 - 被选中的上层 SST (Top)】:
  - [ID: 000614] Size:  1864.26 KB | Range: [usertable:user0014604967 -> usertable:user0014641449]
  - [ID: 000616] Size:  1863.65 KB | Range: [usertable:user0014641437 -> usertable:user0014677928]
  - [ID: 000617] Size:  1874.85 KB | Range: [usertable:user0014677918 -> usertable:user0014714241]
  - [ID: 000618] Size:  1862.93 KB | Range: [usertable:user0014714235 -> usertable:user0014750733]
  - [ID: 000619] Size:  1866.26 KB | Range: [usertable:user0014750724 -> usertable:user0014787190]
📥 【输入阶段 - 涉及的底层 SST (Bot)】:
  - [ID: 000612] Size:  9324.30 KB | Range: [usertable:user0014422681 -> usertable:user0014604978]
📤 【输出阶段 - 生成的新冷数据 SST (New)】:
  - [ID: 000620] Size: 18654.80 KB | Range: [usertable:user0014422681 -> usertable:user0014787190]
badger 2026/04/10 16:01:28 INFO: 
🔥 [Compact-0] 层级变更: L0 -> L4
📥 【输入阶段 - 被选中的上层 SST (Top)】:
  - [ID: 000621] Size:  1867.75 KB | Range: [usertable:user0014787182 -> usertable:user0014823600]
  - [ID: 000622] Size:  1872.98 KB | Range: [usertable:user0014823595 -> usertable:user0014859938]
  - [ID: 000623] Size:  1873.28 KB | Range: [usertable:user0014859937 -> usertable:user0014896285]
  - [ID: 000624] Size:  1869.17 KB | Range: [usertable:user0014896265 -> usertable:user0014932682]
  - [ID: 000625] Size:  1866.16 KB | Range: [usertable:user0014932674 -> usertable:user0014969142]
📥 【输入阶段 - 涉及的底层 SST (Bot)】:
  - [ID: 000620] Size: 18654.80 KB | Range: [usertable:user0014422681 -> usertable:user0014787190]
📤 【输出阶段 - 生成的新冷数据 SST (New)】:
  - [ID: 000626] Size: 28002.93 KB | Range: [usertable:user0014422681 -> usertable:user0014969142]
badger 2026/04/10 16:01:29 INFO: 
🔥 [Compact-3] 层级变更: L0 -> L4
📥 【输入阶段 - 被选中的上层 SST (Top)】:
  - [ID: 000627] Size:  1869.77 KB | Range: [usertable:user0014969131 -> usertable:user0015005529]
  - [ID: 000628] Size:  1868.96 KB | Range: [usertable:user0015005524 -> usertable:user0015041929]
  - [ID: 000629] Size:  1868.63 KB | Range: [usertable:user0015041915 -> usertable:user0015078325]
  - [ID: 000630] Size:  1867.56 KB | Range: [usertable:user0015078305 -> usertable:user0015114755]
  - [ID: 000631] Size:  1872.17 KB | Range: [usertable:user0015114742 -> usertable:user0015151105]
📥 【输入阶段 - 涉及的底层 SST (Bot)】:
  - [ID: 000626] Size: 28002.93 KB | Range: [usertable:user0014422681 -> usertable:user0014969142]
📤 【输出阶段 - 生成的新冷数据 SST (New)】:
  - [ID: 000632] Size: 31648.61 KB | Range: [usertable:user0014422681 -> usertable:user0015040083]
  - [ID: 000633] Size:  5700.28 KB | Range: [usertable:user0015040084 -> usertable:user0015151105]
badger 2026/04/10 16:01:29 INFO: 
🔥 [Compact-3] 层级变更: L4 -> L5
📥 【输入阶段 - 被选中的上层 SST (Top)】:
  - [ID: 000554] Size: 13051.15 KB | Range: [usertable:user0012855660 -> usertable:user0013110928]
📥 【输入阶段 - 涉及的底层 SST (Bot)】:
  None
📤 【输出阶段 - 生成的新冷数据 SST (New)】:
  - [ID: 000635] Size: 13051.15 KB | Range: [usertable:user0012855660 -> usertable:user0013110928]
badger 2026/04/10 16:01:30 INFO: 
🔥 [Compact-0] 层级变更: L0 -> L4
📥 【输入阶段 - 被选中的上层 SST (Top)】:
  - [ID: 000634] Size:  1867.89 KB | Range: [usertable:user0015151088 -> usertable:user0015187516]
  - [ID: 000636] Size:  1852.76 KB | Range: [usertable:user0015187507 -> usertable:user0015224148]
  - [ID: 000637] Size:  1866.92 KB | Range: [usertable:user0015224139 -> usertable:user0015260581]
  - [ID: 000638] Size:  1862.15 KB | Range: [usertable:user0015260567 -> usertable:user0015297082]
  - [ID: 000639] Size:  1864.61 KB | Range: [usertable:user0015297067 -> usertable:user0015333521]
📥 【输入阶段 - 涉及的底层 SST (Bot)】:
  - [ID: 000633] Size:  5700.28 KB | Range: [usertable:user0015040084 -> usertable:user0015151105]
📤 【输出阶段 - 生成的新冷数据 SST (New)】:
  - [ID: 000640] Size: 15013.33 KB | Range: [usertable:user0015040084 -> usertable:user0015333521]
badger 2026/04/10 16:01:31 INFO: 
🔥 [Compact-0] 层级变更: L4 -> L5
📥 【输入阶段 - 被选中的上层 SST (Top)】:
  - [ID: 000574] Size: 20517.55 KB | Range: [usertable:user0013110929 -> usertable:user0013511908]
📥 【输入阶段 - 涉及的底层 SST (Bot)】:
  None
📤 【输出阶段 - 生成的新冷数据 SST (New)】:
  - [ID: 000641] Size: 20517.55 KB | Range: [usertable:user0013110929 -> usertable:user0013511908]
badger 2026/04/10 16:01:31 INFO: 
🔥 [Compact-0] 层级变更: L5 -> L6
📥 【输入阶段 - 被选中的上层 SST (Top)】:
  - [ID: 000443] Size: 28484.71 KB | Range: [usertable:user0008829284 -> usertable:user0009387010]
📥 【输入阶段 - 涉及的底层 SST (Bot)】:
  None
📤 【输出阶段 - 生成的新冷数据 SST (New)】:
  - [ID: 000643] Size: 28484.71 KB | Range: [usertable:user0008829284 -> usertable:user0009387010]
badger 2026/04/10 16:01:32 INFO: 
🔥 [Compact-0] 层级变更: L0 -> L4
📥 【输入阶段 - 被选中的上层 SST (Top)】:
  - [ID: 000642] Size:  1859.86 KB | Range: [usertable:user0015333519 -> usertable:user0015370054]
  - [ID: 000644] Size:  1871.27 KB | Range: [usertable:user0015370039 -> usertable:user0015406441]
  - [ID: 000645] Size:  1867.35 KB | Range: [usertable:user0015406431 -> usertable:user0015442853]
  - [ID: 000646] Size:  1865.77 KB | Range: [usertable:user0015442838 -> usertable:user0015479305]
  - [ID: 000647] Size:  1867.61 KB | Range: [usertable:user0015479303 -> usertable:user0015515730]
📥 【输入阶段 - 涉及的底层 SST (Bot)】:
  - [ID: 000640] Size: 15013.33 KB | Range: [usertable:user0015040084 -> usertable:user0015333521]
📤 【输出阶段 - 生成的新冷数据 SST (New)】:
  - [ID: 000648] Size: 24344.44 KB | Range: [usertable:user0015040084 -> usertable:user0015515730]
badger 2026/04/10 16:01:33 INFO: 
🔥 [Compact-3] 层级变更: L0 -> L4
📥 【输入阶段 - 被选中的上层 SST (Top)】:
  - [ID: 000649] Size:  1862.08 KB | Range: [usertable:user0015515726 -> usertable:user0015552245]
  - [ID: 000650] Size:  1874.60 KB | Range: [usertable:user0015552232 -> usertable:user0015588574]
  - [ID: 000651] Size:  1870.96 KB | Range: [usertable:user0015588564 -> usertable:user0015624940]
  - [ID: 000652] Size:  1869.29 KB | Range: [usertable:user0015624939 -> usertable:user0015661352]
  - [ID: 000653] Size:  1865.55 KB | Range: [usertable:user0015661341 -> usertable:user0015697805]
📥 【输入阶段 - 涉及的底层 SST (Bot)】:
  - [ID: 000648] Size: 24344.44 KB | Range: [usertable:user0015040084 -> usertable:user0015515730]
📤 【输出阶段 - 生成的新冷数据 SST (New)】:
  - [ID: 000654] Size: 31567.76 KB | Range: [usertable:user0015040084 -> usertable:user0015656447]
  - [ID: 000655] Size:  2118.22 KB | Range: [usertable:user0015656448 -> usertable:user0015697805]
INSERT - Takes(s): 120.0, Count: 15848694, OPS: 132072.1, Avg(us): 118, Min(us): 3, Max(us): 30079, 50th(us): 95, 90th(us): 183, 95th(us): 228, 99th(us): 482, 99.9th(us): 1227, 99.99th(us): 2509
TOTAL  - Takes(s): 120.0, Count: 15848694, OPS: 132071.9, Avg(us): 118, Min(us): 3, Max(us): 30079, 50th(us): 95, 90th(us): 183, 95th(us): 228, 99th(us): 482, 99.9th(us): 1227, 99.99th(us): 2509
badger 2026/04/10 16:01:35 INFO: 
🔥 [Compact-0] 层级变更: L0 -> L4
📥 【输入阶段 - 被选中的上层 SST (Top)】:
  - [ID: 000656] Size:  1863.31 KB | Range: [usertable:user0015697795 -> usertable:user0015734279]
  - [ID: 000657] Size:  1863.82 KB | Range: [usertable:user0015734278 -> usertable:user0015770765]
  - [ID: 000658] Size:  1863.58 KB | Range: [usertable:user0015770756 -> usertable:user0015807257]
  - [ID: 000659] Size:  1866.09 KB | Range: [usertable:user0015807242 -> usertable:user0015843698]
  - [ID: 000660] Size:  1869.79 KB | Range: [usertable:user0015843691 -> usertable:user0015880106]
📥 【输入阶段 - 涉及的底层 SST (Bot)】:
  - [ID: 000655] Size:  2118.22 KB | Range: [usertable:user0015656448 -> usertable:user0015697805]
📤 【输出阶段 - 生成的新冷数据 SST (New)】:
  - [ID: 000661] Size: 11444.31 KB | Range: [usertable:user0015656448 -> usertable:user0015880106]
badger 2026/04/10 16:01:35 INFO: 
🔥 [Compact-0] 层级变更: L4 -> L5
📥 【输入阶段 - 被选中的上层 SST (Top)】:
  - [ID: 000576] Size:  5599.13 KB | Range: [usertable:user0013511909 -> usertable:user0013621209]
📥 【输入阶段 - 涉及的底层 SST (Bot)】:
  None
📤 【输出阶段 - 生成的新冷数据 SST (New)】:
  - [ID: 000662] Size:  5599.13 KB | Range: [usertable:user0013511909 -> usertable:user0013621209]
badger 2026/04/10 16:01:36 INFO: 
🔥 [Compact-0] 层级变更: L0 -> L4
📥 【输入阶段 - 被选中的上层 SST (Top)】:
  - [ID: 000663] Size:  1858.56 KB | Range: [usertable:user0015880091 -> usertable:user0015916649]
  - [ID: 000664] Size:  1867.86 KB | Range: [usertable:user0015916643 -> usertable:user0015953072]
  - [ID: 000665] Size:  1860.93 KB | Range: [usertable:user0015953069 -> usertable:user0015989592]
  - [ID: 000666] Size:  1864.12 KB | Range: [usertable:user0015989586 -> usertable:user0016026068]
  - [ID: 000667] Size:  1856.35 KB | Range: [usertable:user0016026061 -> usertable:user0016062643]
📥 【输入阶段 - 涉及的底层 SST (Bot)】:
  - [ID: 000661] Size: 11444.31 KB | Range: [usertable:user0015656448 -> usertable:user0015880106]
📤 【输出阶段 - 生成的新冷数据 SST (New)】:
  - [ID: 000668] Size: 20751.94 KB | Range: [usertable:user0015656448 -> usertable:user0016062643]
badger 2026/04/10 16:01:36 INFO: 
🔥 [Compact-0] 层级变更: L4 -> L5
📥 【输入阶段 - 被选中的上层 SST (Top)】:
  - [ID: 000602] Size: 29877.15 KB | Range: [usertable:user0013621210 -> usertable:user0014203979]
📥 【输入阶段 - 涉及的底层 SST (Bot)】:
  None
📤 【输出阶段 - 生成的新冷数据 SST (New)】:
  - [ID: 000670] Size: 29877.15 KB | Range: [usertable:user0013621210 -> usertable:user0014203979]
badger 2026/04/10 16:01:36 INFO: 
🔥 [Compact-0] 层级变更: L5 -> L6
📥 【输入阶段 - 被选中的上层 SST (Top)】:
  - [ID: 000471] Size:  3766.53 KB | Range: [usertable:user0009387011 -> usertable:user0009460499]
📥 【输入阶段 - 涉及的底层 SST (Bot)】:
  None
📤 【输出阶段 - 生成的新冷数据 SST (New)】:
  - [ID: 000671] Size:  3766.53 KB | Range: [usertable:user0009387011 -> usertable:user0009460499]
badger 2026/04/10 16:01:37 INFO: 
🔥 [Compact-2] 层级变更: L5 -> L6
📥 【输入阶段 - 被选中的上层 SST (Top)】:
  - [ID: 000480] Size: 26323.34 KB | Range: [usertable:user0009460500 -> usertable:user0009975580]
📥 【输入阶段 - 涉及的底层 SST (Bot)】:
  None
📤 【输出阶段 - 生成的新冷数据 SST (New)】:
  - [ID: 000672] Size: 26323.34 KB | Range: [usertable:user0009460500 -> usertable:user0009975580]
badger 2026/04/10 16:01:38 INFO: 
🔥 [Compact-0] 层级变更: L0 -> L4
📥 【输入阶段 - 被选中的上层 SST (Top)】:
  - [ID: 000669] Size:  1873.78 KB | Range: [usertable:user0016062636 -> usertable:user0016098976]
  - [ID: 000673] Size:  1872.39 KB | Range: [usertable:user0016098968 -> usertable:user0016135330]
  - [ID: 000674] Size:  1850.44 KB | Range: [usertable:user0016135321 -> usertable:user0016172011]
  - [ID: 000675] Size:  1870.46 KB | Range: [usertable:user0016171999 -> usertable:user0016208391]
  - [ID: 000676] Size:  1857.73 KB | Range: [usertable:user0016208381 -> usertable:user0016244957]
📥 【输入阶段 - 涉及的底层 SST (Bot)】:
  - [ID: 000668] Size: 20751.94 KB | Range: [usertable:user0015656448 -> usertable:user0016062643]
📤 【输出阶段 - 生成的新冷数据 SST (New)】:
  - [ID: 000677] Size: 30075.53 KB | Range: [usertable:user0015656448 -> usertable:user0016244957]
badger 2026/04/10 16:01:39 INFO: 
🔥 [Compact-0] 层级变更: L0 -> L4
📥 【输入阶段 - 被选中的上层 SST (Top)】:
  - [ID: 000678] Size:  1863.26 KB | Range: [usertable:user0016244942 -> usertable:user0016281427]
  - [ID: 000679] Size:  1864.14 KB | Range: [usertable:user0016281417 -> usertable:user0016317916]
  - [ID: 000680] Size:  1870.11 KB | Range: [usertable:user0016317901 -> usertable:user0016354282]
  - [ID: 000681] Size:  1866.13 KB | Range: [usertable:user0016354270 -> usertable:user0016390722]
  - [ID: 000682] Size:  1864.71 KB | Range: [usertable:user0016390711 -> usertable:user0016427179]
📥 【输入阶段 - 涉及的底层 SST (Bot)】:
  - [ID: 000677] Size: 30075.53 KB | Range: [usertable:user0015656448 -> usertable:user0016244957]
📤 【输出阶段 - 生成的新冷数据 SST (New)】:
  - [ID: 000683] Size: 31692.44 KB | Range: [usertable:user0015656448 -> usertable:user0016276478]
  - [ID: 000684] Size:  7711.29 KB | Range: [usertable:user0016276479 -> usertable:user0016427179]
badger 2026/04/10 16:01:40 INFO: 
🔥 [Compact-0] 层级变更: L0 -> L4
📥 【输入阶段 - 被选中的上层 SST (Top)】:
  - [ID: 000685] Size:  1867.88 KB | Range: [usertable:user0016427178 -> usertable:user0016463606]
  - [ID: 000686] Size:  1858.67 KB | Range: [usertable:user0016463600 -> usertable:user0016500162]
  - [ID: 000687] Size:  1865.47 KB | Range: [usertable:user0016500153 -> usertable:user0016536618]
  - [ID: 000688] Size:  1862.12 KB | Range: [usertable:user0016536613 -> usertable:user0016573122]
  - [ID: 000689] Size:  1859.40 KB | Range: [usertable:user0016573109 -> usertable:user0016609673]
📥 【输入阶段 - 涉及的底层 SST (Bot)】:
  - [ID: 000684] Size:  7711.29 KB | Range: [usertable:user0016276479 -> usertable:user0016427179]
📤 【输出阶段 - 生成的新冷数据 SST (New)】:
  - [ID: 000690] Size: 17023.70 KB | Range: [usertable:user0016276479 -> usertable:user0016609673]
badger 2026/04/10 16:01:42 INFO: 
🔥 [Compact-0] 层级变更: L0 -> L4
📥 【输入阶段 - 被选中的上层 SST (Top)】:
  - [ID: 000691] Size:  1862.30 KB | Range: [usertable:user0016609663 -> usertable:user0016646177]
  - [ID: 000692] Size:  1866.50 KB | Range: [usertable:user0016646166 -> usertable:user0016682603]
  - [ID: 000693] Size:  1859.26 KB | Range: [usertable:user0016682593 -> usertable:user0016719141]
📥 【输入阶段 - 涉及的底层 SST (Bot)】:
  - [ID: 000690] Size: 17023.70 KB | Range: [usertable:user0016276479 -> usertable:user0016609673]
📤 【输出阶段 - 生成的新冷数据 SST (New)】:
  - [ID: 000696] Size: 22611.33 KB | Range: [usertable:user0016276479 -> usertable:user0016719141]
badger 2026/04/10 16:01:42 INFO: 
🔥 [Compact-0] 层级变更: L4 -> L5
📥 【输入阶段 - 被选中的上层 SST (Top)】:
  - [ID: 000610] Size: 11193.91 KB | Range: [usertable:user0014203980 -> usertable:user0014422680]
📥 【输入阶段 - 涉及的底层 SST (Bot)】:
  None
📤 【输出阶段 - 生成的新冷数据 SST (New)】:
  - [ID: 000697] Size: 11193.91 KB | Range: [usertable:user0014203980 -> usertable:user0014422680]
badger 2026/04/10 16:01:42 INFO: 
🔥 [Compact-0] 层级变更: L0 -> L4
📥 【输入阶段 - 被选中的上层 SST (Top)】:
  - [ID: 000694] Size:  1871.56 KB | Range: [usertable:user0016719142 -> usertable:user0016755501]
  - [ID: 000695] Size:  1861.99 KB | Range: [usertable:user0016755496 -> usertable:user0016791987]
  - [ID: 000698] Size:  1861.85 KB | Range: [usertable:user0016791982 -> usertable:user0016828433]
  - [ID: 000699] Size:  1865.49 KB | Range: [usertable:user0016828418 -> usertable:user0016864807]
  - [ID: 000700] Size:  1863.04 KB | Range: [usertable:user0016864799 -> usertable:user0016901241]
📥 【输入阶段 - 涉及的底层 SST (Bot)】:
  None
📤 【输出阶段 - 生成的新冷数据 SST (New)】:
  - [ID: 000701] Size:  9323.90 KB | Range: [usertable:user0016719142 -> usertable:user0016901241]
badger 2026/04/10 16:01:44 INFO: 
🔥 [Compact-0] 层级变更: L0 -> L4
📥 【输入阶段 - 被选中的上层 SST (Top)】:
  - [ID: 000702] Size:  1859.61 KB | Range: [usertable:user0016901229 -> usertable:user0016937705]
📥 【输入阶段 - 涉及的底层 SST (Bot)】:
  - [ID: 000701] Size:  9323.90 KB | Range: [usertable:user0016719142 -> usertable:user0016901241]
📤 【输出阶段 - 生成的新冷数据 SST (New)】:
  - [ID: 000707] Size: 11183.11 KB | Range: [usertable:user0016719142 -> usertable:user0016937705]
badger 2026/04/10 16:01:44 INFO: 
🔥 [Compact-0] 层级变更: L4 -> L5
📥 【输入阶段 - 被选中的上层 SST (Top)】:
  - [ID: 000632] Size: 31648.61 KB | Range: [usertable:user0014422681 -> usertable:user0015040083]
📥 【输入阶段 - 涉及的底层 SST (Bot)】:
  None
📤 【输出阶段 - 生成的新冷数据 SST (New)】:
  - [ID: 000708] Size: 31648.61 KB | Range: [usertable:user0014422681 -> usertable:user0015040083]
badger 2026/04/10 16:01:44 INFO: 
🔥 [Compact-3] 层级变更: L0 -> L3
📥 【输入阶段 - 被选中的上层 SST (Top)】:
  - [ID: 000703] Size:  1855.92 KB | Range: [usertable:user0016937706 -> usertable:user0016974217]
  - [ID: 000704] Size:  1855.69 KB | Range: [usertable:user0016974216 -> usertable:user0017010743]
  - [ID: 000705] Size:  1859.68 KB | Range: [usertable:user0017010742 -> usertable:user0017047211]
  - [ID: 000706] Size:  1862.80 KB | Range: [usertable:user0017047201 -> usertable:user0017083632]
  - [ID: 000709] Size:  1857.85 KB | Range: [usertable:user0017083629 -> usertable:user0017120142]
📥 【输入阶段 - 涉及的底层 SST (Bot)】:
  None
📤 【输出阶段 - 生成的新冷数据 SST (New)】:
  - [ID: 000710] Size:  9291.35 KB | Range: [usertable:user0016937706 -> usertable:user0017120142]
INSERT - Takes(s): 130.0, Count: 17148785, OPS: 131913.4, Avg(us): 119, Min(us): 3, Max(us): 30079, 50th(us): 95, 90th(us): 184, 95th(us): 229, 99th(us): 483, 99.9th(us): 1222, 99.99th(us): 2505
TOTAL  - Takes(s): 130.0, Count: 17148785, OPS: 131913.4, Avg(us): 119, Min(us): 3, Max(us): 30079, 50th(us): 95, 90th(us): 184, 95th(us): 229, 99th(us): 483, 99.9th(us): 1222, 99.99th(us): 2505
badger 2026/04/10 16:01:44 INFO: 
🔥 [Compact-0] 层级变更: L5 -> L6
📥 【输入阶段 - 被选中的上层 SST (Top)】:
  - [ID: 000500] Size: 31572.55 KB | Range: [usertable:user0009975581 -> usertable:user0010592020]
📥 【输入阶段 - 涉及的底层 SST (Bot)】:
  None
📤 【输出阶段 - 生成的新冷数据 SST (New)】:
  - [ID: 000711] Size: 31572.55 KB | Range: [usertable:user0009975581 -> usertable:user0010592020]
badger 2026/04/10 16:01:46 INFO: 
🔥 [Compact-3] 层级变更: L0 -> L3
📥 【输入阶段 - 被选中的上层 SST (Top)】:
  - [ID: 000712] Size:  1853.44 KB | Range: [usertable:user0017120136 -> usertable:user0017156717]
  - [ID: 000713] Size:  1865.55 KB | Range: [usertable:user0017156703 -> usertable:user0017193086]
  - [ID: 000714] Size:  1856.99 KB | Range: [usertable:user0017193077 -> usertable:user0017229603]
  - [ID: 000715] Size:  1860.75 KB | Range: [usertable:user0017229592 -> usertable:user0017266063]
  - [ID: 000716] Size:  1853.46 KB | Range: [usertable:user0017266057 -> usertable:user0017302645]
📥 【输入阶段 - 涉及的底层 SST (Bot)】:
  - [ID: 000710] Size:  9291.35 KB | Range: [usertable:user0016937706 -> usertable:user0017120142]
📤 【输出阶段 - 生成的新冷数据 SST (New)】:
  - [ID: 000717] Size: 15831.16 KB | Range: [usertable:user0016937706 -> usertable:user0017248419]
  - [ID: 000718] Size:  2749.36 KB | Range: [usertable:user0017248420 -> usertable:user0017302645]
badger 2026/04/10 16:01:47 INFO: 
🔥 [Compact-3] 层级变更: L0 -> L3
📥 【输入阶段 - 被选中的上层 SST (Top)】:
  - [ID: 000719] Size:  1862.62 KB | Range: [usertable:user0017302629 -> usertable:user0017339081]
  - [ID: 000720] Size:  1853.98 KB | Range: [usertable:user0017339066 -> usertable:user0017375631]
  - [ID: 000721] Size:  1860.46 KB | Range: [usertable:user0017375622 -> usertable:user0017412077]
  - [ID: 000722] Size:  1864.53 KB | Range: [usertable:user0017412076 -> usertable:user0017448479]
  - [ID: 000723] Size:  1860.95 KB | Range: [usertable:user0017448471 -> usertable:user0017484917]
📥 【输入阶段 - 涉及的底层 SST (Bot)】:
  - [ID: 000718] Size:  2749.36 KB | Range: [usertable:user0017248420 -> usertable:user0017302645]
📤 【输出阶段 - 生成的新冷数据 SST (New)】:
  - [ID: 000724] Size: 12051.97 KB | Range: [usertable:user0017248420 -> usertable:user0017484917]
badger 2026/04/10 16:01:48 INFO: 
🔥 [Compact-3] 层级变更: L0 -> L3
📥 【输入阶段 - 被选中的上层 SST (Top)】:
  - [ID: 000725] Size:  1858.28 KB | Range: [usertable:user0017484915 -> usertable:user0017521407]
  - [ID: 000726] Size:  1855.02 KB | Range: [usertable:user0017521401 -> usertable:user0017557943]
  - [ID: 000727] Size:  1853.46 KB | Range: [usertable:user0017557940 -> usertable:user0017594496]
  - [ID: 000728] Size:  1857.24 KB | Range: [usertable:user0017594495 -> usertable:user0017631013]
  - [ID: 000729] Size:  1864.53 KB | Range: [usertable:user0017630998 -> usertable:user0017667382]
📥 【输入阶段 - 涉及的底层 SST (Bot)】:
  - [ID: 000724] Size: 12051.97 KB | Range: [usertable:user0017248420 -> usertable:user0017484917]
📤 【输出阶段 - 生成的新冷数据 SST (New)】:
  - [ID: 000730] Size: 15791.41 KB | Range: [usertable:user0017248420 -> usertable:user0017558471]
  - [ID: 000731] Size:  5548.32 KB | Range: [usertable:user0017558472 -> usertable:user0017667382]
badger 2026/04/10 16:01:50 INFO: 
🔥 [Compact-0] 层级变更: L0 -> L3
📥 【输入阶段 - 被选中的上层 SST (Top)】:
  - [ID: 000732] Size:  1864.79 KB | Range: [usertable:user0017667373 -> usertable:user0017703779]
  - [ID: 000733] Size:  1859.81 KB | Range: [usertable:user0017703770 -> usertable:user0017740246]
  - [ID: 000734] Size:  1855.39 KB | Range: [usertable:user0017740235 -> usertable:user0017776776]
  - [ID: 000735] Size:  1864.65 KB | Range: [usertable:user0017776762 -> usertable:user0017813153]
📥 【输入阶段 - 涉及的底层 SST (Bot)】:
  - [ID: 000731] Size:  5548.32 KB | Range: [usertable:user0017558472 -> usertable:user0017667382]
📤 【输出阶段 - 生成的新冷数据 SST (New)】:
  - [ID: 000737] Size: 12992.44 KB | Range: [usertable:user0017558472 -> usertable:user0017813153]
badger 2026/04/10 16:01:51 INFO: 
🔥 [Compact-3] 层级变更: L0 -> L3
📥 【输入阶段 - 被选中的上层 SST (Top)】:
  - [ID: 000736] Size:  1860.45 KB | Range: [usertable:user0017813154 -> usertable:user0017849615]
  - [ID: 000738] Size:  1855.36 KB | Range: [usertable:user0017849609 -> usertable:user0017886140]
  - [ID: 000739] Size:  1859.61 KB | Range: [usertable:user0017886132 -> usertable:user0017922598]
  - [ID: 000740] Size:  1862.57 KB | Range: [usertable:user0017922588 -> usertable:user0017959033]
  - [ID: 000741] Size:  1855.59 KB | Range: [usertable:user0017959027 -> usertable:user0017995566]
📥 【输入阶段 - 涉及的底层 SST (Bot)】:
  None
📤 【输出阶段 - 生成的新冷数据 SST (New)】:
  - [ID: 000742] Size:  9292.54 KB | Range: [usertable:user0017813154 -> usertable:user0017995566]
badger 2026/04/10 16:01:52 INFO: 
🔥 [Compact-2] 层级变更: L0 -> L3
📥 【输入阶段 - 被选中的上层 SST (Top)】:
  - [ID: 000743] Size:  1863.91 KB | Range: [usertable:user0017995554 -> usertable:user0018031957]
  - [ID: 000744] Size:  1863.11 KB | Range: [usertable:user0018031940 -> usertable:user0018068362]
  - [ID: 000745] Size:  1858.57 KB | Range: [usertable:user0018068359 -> usertable:user0018104852]
  - [ID: 000746] Size:  1868.79 KB | Range: [usertable:user0018104838 -> usertable:user0018141182]
  - [ID: 000747] Size:  1864.32 KB | Range: [usertable:user0018141173 -> usertable:user0018177580]
📥 【输入阶段 - 涉及的底层 SST (Bot)】:
  - [ID: 000742] Size:  9292.54 KB | Range: [usertable:user0017813154 -> usertable:user0017995566]
📤 【输出阶段 - 生成的新冷数据 SST (New)】:
  - [ID: 000748] Size: 15787.80 KB | Range: [usertable:user0017813154 -> usertable:user0018122772]
  - [ID: 000749] Size:  2823.57 KB | Range: [usertable:user0018122773 -> usertable:user0018177580]
badger 2026/04/10 16:01:53 INFO: 
🔥 [Compact-0] 层级变更: L0 -> L3
📥 【输入阶段 - 被选中的上层 SST (Top)】:
  - [ID: 000750] Size:  1846.04 KB | Range: [usertable:user0018177573 -> usertable:user0018214254]
  - [ID: 000751] Size:  1856.10 KB | Range: [usertable:user0018214242 -> usertable:user0018250768]
  - [ID: 000752] Size:  1864.99 KB | Range: [usertable:user0018250753 -> usertable:user0018287161]
  - [ID: 000753] Size:  1875.84 KB | Range: [usertable:user0018287146 -> usertable:user0018323395]
  - [ID: 000754] Size:  1860.85 KB | Range: [usertable:user0018323384 -> usertable:user0018359840]
📥 【输入阶段 - 涉及的底层 SST (Bot)】:
  - [ID: 000749] Size:  2823.57 KB | Range: [usertable:user0018122773 -> usertable:user0018177580]
📤 【输出阶段 - 生成的新冷数据 SST (New)】:
  - [ID: 000755] Size: 12126.66 KB | Range: [usertable:user0018122773 -> usertable:user0018359840]
badger 2026/04/10 16:01:53 INFO: 
🔥 [Compact-0] 层级变更: L3 -> L4
📥 【输入阶段 - 被选中的上层 SST (Top)】:
  - [ID: 000717] Size: 15831.16 KB | Range: [usertable:user0016937706 -> usertable:user0017248419]
📥 【输入阶段 - 涉及的底层 SST (Bot)】:
  None
📤 【输出阶段 - 生成的新冷数据 SST (New)】:
  - [ID: 000756] Size: 15831.16 KB | Range: [usertable:user0016937706 -> usertable:user0017248419]
INSERT - Takes(s): 140.0, Count: 18500208, OPS: 132144.3, Avg(us): 118, Min(us): 3, Max(us): 30079, 50th(us): 95, 90th(us): 183, 95th(us): 228, 99th(us): 480, 99.9th(us): 1214, 99.99th(us): 2453
TOTAL  - Takes(s): 140.0, Count: 18500208, OPS: 132144.3, Avg(us): 118, Min(us): 3, Max(us): 30079, 50th(us): 95, 90th(us): 183, 95th(us): 228, 99th(us): 480, 99.9th(us): 1214, 99.99th(us): 2453
badger 2026/04/10 16:01:55 INFO: 
🔥 [Compact-3] 层级变更: L0 -> L3
📥 【输入阶段 - 被选中的上层 SST (Top)】:
  - [ID: 000757] Size:  1866.83 KB | Range: [usertable:user0018359833 -> usertable:user0018396200]
📥 【输入阶段 - 涉及的底层 SST (Bot)】:
  - [ID: 000755] Size: 12126.66 KB | Range: [usertable:user0018122773 -> usertable:user0018359840]
📤 【输出阶段 - 生成的新冷数据 SST (New)】:
  - [ID: 000762] Size: 13992.81 KB | Range: [usertable:user0018122773 -> usertable:user0018396200]
badger 2026/04/10 16:01:55 INFO: 
🔥 [Compact-3] 层级变更: L0 -> L3
📥 【输入阶段 - 被选中的上层 SST (Top)】:
  - [ID: 000758] Size:  1856.84 KB | Range: [usertable:user0018396201 -> usertable:user0018432713]
  - [ID: 000759] Size:  1853.29 KB | Range: [usertable:user0018432704 -> usertable:user0018469279]
  - [ID: 000760] Size:  1871.68 KB | Range: [usertable:user0018469269 -> usertable:user0018505572]
  - [ID: 000761] Size:  1855.29 KB | Range: [usertable:user0018505559 -> usertable:user0018542092]
  - [ID: 000763] Size:  1868.09 KB | Range: [usertable:user0018542080 -> usertable:user0018578449]
📥 【输入阶段 - 涉及的底层 SST (Bot)】:
  None
📤 【输出阶段 - 生成的新冷数据 SST (New)】:
  - [ID: 000764] Size:  9304.61 KB | Range: [usertable:user0018396201 -> usertable:user0018578449]
badger 2026/04/10 16:01:55 INFO: 
🔥 [Compact-3] 层级变更: L3 -> L4
📥 【输入阶段 - 被选中的上层 SST (Top)】:
  - [ID: 000730] Size: 15791.41 KB | Range: [usertable:user0017248420 -> usertable:user0017558471]
📥 【输入阶段 - 涉及的底层 SST (Bot)】:
  None
📤 【输出阶段 - 生成的新冷数据 SST (New)】:
  - [ID: 000765] Size: 15791.41 KB | Range: [usertable:user0017248420 -> usertable:user0017558471]
badger 2026/04/10 16:01:56 INFO: 
🔥 [Compact-0] 层级变更: L0 -> L3
📥 【输入阶段 - 被选中的上层 SST (Top)】:
  - [ID: 000766] Size:  1858.11 KB | Range: [usertable:user0018578440 -> usertable:user0018614948]
  - [ID: 000767] Size:  1852.40 KB | Range: [usertable:user0018614935 -> usertable:user0018651516]
  - [ID: 000768] Size:  1856.89 KB | Range: [usertable:user0018651507 -> usertable:user0018688026]
  - [ID: 000769] Size:  1855.28 KB | Range: [usertable:user0018688018 -> usertable:user0018724555]
  - [ID: 000770] Size:  1854.21 KB | Range: [usertable:user0018724541 -> usertable:user0018761113]
📥 【输入阶段 - 涉及的底层 SST (Bot)】:
  - [ID: 000764] Size:  9304.61 KB | Range: [usertable:user0018396201 -> usertable:user0018578449]
📤 【输出阶段 - 生成的新冷数据 SST (New)】:
  - [ID: 000771] Size: 15899.61 KB | Range: [usertable:user0018396201 -> usertable:user0018708426]
  - [ID: 000772] Size:  2681.49 KB | Range: [usertable:user0018708427 -> usertable:user0018761113]
badger 2026/04/10 16:01:58 INFO: 
🔥 [Compact-3] 层级变更: L0 -> L3
📥 【输入阶段 - 被选中的上层 SST (Top)】:
  - [ID: 000773] Size:  1860.04 KB | Range: [usertable:user0018761109 -> usertable:user0018797575]
  - [ID: 000774] Size:  1865.50 KB | Range: [usertable:user0018797574 -> usertable:user0018833969]
  - [ID: 000775] Size:  1862.49 KB | Range: [usertable:user0018833963 -> usertable:user0018870392]
  - [ID: 000776] Size:  1869.76 KB | Range: [usertable:user0018870388 -> usertable:user0018906720]
  - [ID: 000777] Size:  1855.66 KB | Range: [usertable:user0018906709 -> usertable:user0018943235]
📥 【输入阶段 - 涉及的底层 SST (Bot)】:
  - [ID: 000772] Size:  2681.49 KB | Range: [usertable:user0018708427 -> usertable:user0018761113]
📤 【输出阶段 - 生成的新冷数据 SST (New)】:
  - [ID: 000778] Size: 11993.80 KB | Range: [usertable:user0018708427 -> usertable:user0018943235]
badger 2026/04/10 16:01:58 INFO: 
🔥 [Compact-3] 层级变更: L3 -> L4
📥 【输入阶段 - 被选中的上层 SST (Top)】:
  - [ID: 000737] Size: 12992.44 KB | Range: [usertable:user0017558472 -> usertable:user0017813153]
📥 【输入阶段 - 涉及的底层 SST (Bot)】:
  None
📤 【输出阶段 - 生成的新冷数据 SST (New)】:
  - [ID: 000779] Size: 12992.44 KB | Range: [usertable:user0017558472 -> usertable:user0017813153]
badger 2026/04/10 16:01:58 INFO: 
🔥 [Compact-3] 层级变更: L4 -> L5
📥 【输入阶段 - 被选中的上层 SST (Top)】:
  - [ID: 000654] Size: 31567.76 KB | Range: [usertable:user0015040084 -> usertable:user0015656447]
📥 【输入阶段 - 涉及的底层 SST (Bot)】:
  None
📤 【输出阶段 - 生成的新冷数据 SST (New)】:
  - [ID: 000781] Size: 31567.76 KB | Range: [usertable:user0015040084 -> usertable:user0015656447]
badger 2026/04/10 16:01:59 INFO: 
🔥 [Compact-3] 层级变更: L0 -> L3
📥 【输入阶段 - 被选中的上层 SST (Top)】:
  - [ID: 000780] Size:  1865.17 KB | Range: [usertable:user0018943236 -> usertable:user0018979630]
  - [ID: 000782] Size:  1846.07 KB | Range: [usertable:user0018979616 -> usertable:user0019016300]
  - [ID: 000783] Size:  1857.17 KB | Range: [usertable:user0019016291 -> usertable:user0019052799]
  - [ID: 000784] Size:  1857.92 KB | Range: [usertable:user0019052786 -> usertable:user0019089301]
  - [ID: 000785] Size:  1846.58 KB | Range: [usertable:user0019089288 -> usertable:user0019125952]
📥 【输入阶段 - 涉及的底层 SST (Bot)】:
  None
📤 【输出阶段 - 生成的新冷数据 SST (New)】:
  - [ID: 000786] Size:  9272.05 KB | Range: [usertable:user0018943236 -> usertable:user0019125952]
badger 2026/04/10 16:02:01 INFO: 
🔥 [Compact-0] 层级变更: L0 -> L3
📥 【输入阶段 - 被选中的上层 SST (Top)】:
  - [ID: 000787] Size:  1859.88 KB | Range: [usertable:user0019125948 -> usertable:user0019162414]
  - [ID: 000788] Size:  1860.77 KB | Range: [usertable:user0019162405 -> usertable:user0019198859]
  - [ID: 000789] Size:  1865.11 KB | Range: [usertable:user0019198853 -> usertable:user0019235248]
  - [ID: 000790] Size:  1866.04 KB | Range: [usertable:user0019235243 -> usertable:user0019271624]
  - [ID: 000791] Size:  1854.06 KB | Range: [usertable:user0019271619 -> usertable:user0019308179]
📥 【输入阶段 - 涉及的底层 SST (Bot)】:
  - [ID: 000786] Size:  9272.05 KB | Range: [usertable:user0018943236 -> usertable:user0019125952]
📤 【输出阶段 - 生成的新冷数据 SST (New)】:
  - [ID: 000792] Size: 15887.43 KB | Range: [usertable:user0018943236 -> usertable:user0019255389]
  - [ID: 000793] Size:  2689.53 KB | Range: [usertable:user0019255390 -> usertable:user0019308179]
badger 2026/04/10 16:02:01 INFO: 
🔥 [Compact-0] 层级变更: L3 -> L4
📥 【输入阶段 - 被选中的上层 SST (Top)】:
  - [ID: 000748] Size: 15787.80 KB | Range: [usertable:user0017813154 -> usertable:user0018122772]
📥 【输入阶段 - 涉及的底层 SST (Bot)】:
  None
📤 【输出阶段 - 生成的新冷数据 SST (New)】:
  - [ID: 000794] Size: 15787.80 KB | Range: [usertable:user0017813154 -> usertable:user0018122772]
badger 2026/04/10 16:02:02 INFO: 
🔥 [Compact-3] 层级变更: L0 -> L3
📥 【输入阶段 - 被选中的上层 SST (Top)】:
  - [ID: 000795] Size:  1865.74 KB | Range: [usertable:user0019308172 -> usertable:user0019344552]
  - [ID: 000796] Size:  1866.66 KB | Range: [usertable:user0019344540 -> usertable:user0019380902]
📥 【输入阶段 - 涉及的底层 SST (Bot)】:
  - [ID: 000793] Size:  2689.53 KB | Range: [usertable:user0019255390 -> usertable:user0019308179]
📤 【输出阶段 - 生成的新冷数据 SST (New)】:
  - [ID: 000800] Size:  6421.76 KB | Range: [usertable:user0019255390 -> usertable:user0019380902]
badger 2026/04/10 16:02:02 INFO: 
🔥 [Compact-1] 层级变更: L0 -> L3
📥 【输入阶段 - 被选中的上层 SST (Top)】:
  - [ID: 000797] Size:  1866.97 KB | Range: [usertable:user0019380903 -> usertable:user0019417279]
  - [ID: 000798] Size:  1867.51 KB | Range: [usertable:user0019417270 -> usertable:user0019453633]
  - [ID: 000799] Size:  1862.83 KB | Range: [usertable:user0019453622 -> usertable:user0019490041]
  - [ID: 000801] Size:  1871.60 KB | Range: [usertable:user0019490040 -> usertable:user0019526332]
  - [ID: 000802] Size:  1852.38 KB | Range: [usertable:user0019526325 -> usertable:user0019562910]
📥 【输入阶段 - 涉及的底层 SST (Bot)】:
  None
📤 【输出阶段 - 生成的新冷数据 SST (New)】:
  - [ID: 000803] Size:  9320.61 KB | Range: [usertable:user0019380903 -> usertable:user0019562910]
badger 2026/04/10 16:02:03 INFO: 
🔥 [Compact-1] 层级变更: L3 -> L4
📥 【输入阶段 - 被选中的上层 SST (Top)】:
  - [ID: 000762] Size: 13992.81 KB | Range: [usertable:user0018122773 -> usertable:user0018396200]
📥 【输入阶段 - 涉及的底层 SST (Bot)】:
  None
📤 【输出阶段 - 生成的新冷数据 SST (New)】:
  - [ID: 000804] Size: 13992.81 KB | Range: [usertable:user0018122773 -> usertable:user0018396200]
badger 2026/04/10 16:02:03 INFO: 
🔥 [Compact-1] 层级变更: L4 -> L5
📥 【输入阶段 - 被选中的上层 SST (Top)】:
  - [ID: 000683] Size: 31692.44 KB | Range: [usertable:user0015656448 -> usertable:user0016276478]
📥 【输入阶段 - 涉及的底层 SST (Bot)】:
  None
📤 【输出阶段 - 生成的新冷数据 SST (New)】:
  - [ID: 000806] Size: 31692.44 KB | Range: [usertable:user0015656448 -> usertable:user0016276478]
badger 2026/04/10 16:02:03 INFO: 
🔥 [Compact-0] 层级变更: L5 -> L6
📥 【输入阶段 - 被选中的上层 SST (Top)】:
  - [ID: 000528] Size: 31620.40 KB | Range: [usertable:user0010592021 -> usertable:user0011209491]
📥 【输入阶段 - 涉及的底层 SST (Bot)】:
  None
📤 【输出阶段 - 生成的新冷数据 SST (New)】:
  - [ID: 000808] Size: 31620.40 KB | Range: [usertable:user0010592021 -> usertable:user0011209491]
badger 2026/04/10 16:02:04 INFO: 
🔥 [Compact-0] 层级变更: L0 -> L3
📥 【输入阶段 - 被选中的上层 SST (Top)】:
  - [ID: 000805] Size:  1849.36 KB | Range: [usertable:user0019562895 -> usertable:user0019599517]
  - [ID: 000807] Size:  1856.77 KB | Range: [usertable:user0019599515 -> usertable:user0019636027]
  - [ID: 000809] Size:  1859.14 KB | Range: [usertable:user0019636015 -> usertable:user0019672498]
  - [ID: 000810] Size:  1870.71 KB | Range: [usertable:user0019672493 -> usertable:user0019708823]
  - [ID: 000811] Size:  1868.61 KB | Range: [usertable:user0019708810 -> usertable:user0019745158]
📥 【输入阶段 - 涉及的底层 SST (Bot)】:
  - [ID: 000803] Size:  9320.61 KB | Range: [usertable:user0019380903 -> usertable:user0019562910]
📤 【输出阶段 - 生成的新冷数据 SST (New)】:
  - [ID: 000812] Size: 15974.69 KB | Range: [usertable:user0019380903 -> usertable:user0019693676]
  - [ID: 000813] Size:  2650.28 KB | Range: [usertable:user0019693677 -> usertable:user0019745158]
INSERT - Takes(s): 150.0, Count: 19790754, OPS: 131937.6, Avg(us): 119, Min(us): 3, Max(us): 30079, 50th(us): 95, 90th(us): 184, 95th(us): 229, 99th(us): 483, 99.9th(us): 1212, 99.99th(us): 2417
TOTAL  - Takes(s): 150.0, Count: 19790754, OPS: 131937.6, Avg(us): 119, Min(us): 3, Max(us): 30079, 50th(us): 95, 90th(us): 184, 95th(us): 229, 99th(us): 483, 99.9th(us): 1212, 99.99th(us): 2417
badger 2026/04/10 16:02:05 INFO: 
🔥 [Compact-3] 层级变更: L0 -> L3
📥 【输入阶段 - 被选中的上层 SST (Top)】:
  - [ID: 000814] Size:  1873.79 KB | Range: [usertable:user0019745159 -> usertable:user0019781420]
  - [ID: 000815] Size:  1857.40 KB | Range: [usertable:user0019781407 -> usertable:user0019817932]
  - [ID: 000816] Size:  1863.19 KB | Range: [usertable:user0019817920 -> usertable:user0019854327]
  - [ID: 000817] Size:  1871.10 KB | Range: [usertable:user0019854324 -> usertable:user0019890650]
  - [ID: 000818] Size:  1856.14 KB | Range: [usertable:user0019890644 -> usertable:user0019927173]
📥 【输入阶段 - 涉及的底层 SST (Bot)】:
  None
📤 【输出阶段 - 生成的新冷数据 SST (New)】:
  - [ID: 000819] Size:  9320.97 KB | Range: [usertable:user0019745159 -> usertable:user0019927173]
badger 2026/04/10 16:02:05 INFO: 
🔥 [Compact-3] 层级变更: L3 -> L4
📥 【输入阶段 - 被选中的上层 SST (Top)】:
  - [ID: 000771] Size: 15899.61 KB | Range: [usertable:user0018396201 -> usertable:user0018708426]
📥 【输入阶段 - 涉及的底层 SST (Bot)】:
  None
📤 【输出阶段 - 生成的新冷数据 SST (New)】:
  - [ID: 000820] Size: 15899.61 KB | Range: [usertable:user0018396201 -> usertable:user0018708426]
badger 2026/04/10 16:02:07 INFO: 
🔥 [Compact-0] 层级变更: L0 -> L3
📥 【输入阶段 - 被选中的上层 SST (Top)】:
  - [ID: 000821] Size:  1850.25 KB | Range: [usertable:user0019927167 -> usertable:user0019963775]
  - [ID: 000822] Size:  1871.33 KB | Range: [usertable:user0019963772 -> usertable:user0020000088]
  - [ID: 000823] Size:  1865.24 KB | Range: [usertable:user0020000068 -> usertable:user0020036483]
  - [ID: 000824] Size:  1864.71 KB | Range: [usertable:user0020036472 -> usertable:user0020072867]
  - [ID: 000825] Size:  1860.82 KB | Range: [usertable:user0020072859 -> usertable:user0020109317]
📥 【输入阶段 - 涉及的底层 SST (Bot)】:
  - [ID: 000819] Size:  9320.97 KB | Range: [usertable:user0019745159 -> usertable:user0019927173]
📤 【输出阶段 - 生成的新冷数据 SST (New)】:
  - [ID: 000826] Size: 15826.07 KB | Range: [usertable:user0019745159 -> usertable:user0020054300]
  - [ID: 000827] Size:  2806.02 KB | Range: [usertable:user0020054301 -> usertable:user0020109317]
badger 2026/04/10 16:02:08 INFO: 
🔥 [Compact-3] 层级变更: L0 -> L3
📥 【输入阶段 - 被选中的上层 SST (Top)】:
  - [ID: 000828] Size:  1858.20 KB | Range: [usertable:user0020109310 -> usertable:user0020145813]
  - [ID: 000829] Size:  1866.76 KB | Range: [usertable:user0020145800 -> usertable:user0020182170]
  - [ID: 000830] Size:  1862.84 KB | Range: [usertable:user0020182159 -> usertable:user0020218586]
  - [ID: 000831] Size:  1855.22 KB | Range: [usertable:user0020218576 -> usertable:user0020255124]
  - [ID: 000832] Size:  1868.57 KB | Range: [usertable:user0020255112 -> usertable:user0020291467]
📥 【输入阶段 - 涉及的底层 SST (Bot)】:
  - [ID: 000827] Size:  2806.02 KB | Range: [usertable:user0020054301 -> usertable:user0020109317]
📤 【输出阶段 - 生成的新冷数据 SST (New)】:
  - [ID: 000833] Size: 12117.10 KB | Range: [usertable:user0020054301 -> usertable:user0020291467]
badger 2026/04/10 16:02:08 INFO: 
🔥 [Compact-3] 层级变更: L3 -> L4
📥 【输入阶段 - 被选中的上层 SST (Top)】:
  - [ID: 000778] Size: 11993.80 KB | Range: [usertable:user0018708427 -> usertable:user0018943235]
📥 【输入阶段 - 涉及的底层 SST (Bot)】:
  None
📤 【输出阶段 - 生成的新冷数据 SST (New)】:
  - [ID: 000834] Size: 11993.80 KB | Range: [usertable:user0018708427 -> usertable:user0018943235]
badger 2026/04/10 16:02:09 INFO: 
🔥 [Compact-3] 层级变更: L0 -> L3
📥 【输入阶段 - 被选中的上层 SST (Top)】:
  - [ID: 000835] Size:  1864.00 KB | Range: [usertable:user0020291456 -> usertable:user0020327857]
  - [ID: 000836] Size:  1853.77 KB | Range: [usertable:user0020327852 -> usertable:user0020364401]
  - [ID: 000837] Size:  1858.26 KB | Range: [usertable:user0020364400 -> usertable:user0020400898]
  - [ID: 000838] Size:  1851.76 KB | Range: [usertable:user0020400889 -> usertable:user0020437467]
  - [ID: 000839] Size:  1867.29 KB | Range: [usertable:user0020437466 -> usertable:user0020473831]
📥 【输入阶段 - 涉及的底层 SST (Bot)】:
  - [ID: 000833] Size: 12117.10 KB | Range: [usertable:user0020054301 -> usertable:user0020291467]
📤 【输出阶段 - 生成的新冷数据 SST (New)】:
  - [ID: 000840] Size: 15949.46 KB | Range: [usertable:user0020054301 -> usertable:user0020366566]
  - [ID: 000841] Size:  5462.35 KB | Range: [usertable:user0020366567 -> usertable:user0020473831]
badger 2026/04/10 16:02:10 INFO: 
🔥 [Compact-0] 层级变更: L3 -> L4
📥 【输入阶段 - 被选中的上层 SST (Top)】:
  - [ID: 000792] Size: 15887.43 KB | Range: [usertable:user0018943236 -> usertable:user0019255389]
📥 【输入阶段 - 涉及的底层 SST (Bot)】:
  None
📤 【输出阶段 - 生成的新冷数据 SST (New)】:
  - [ID: 000842] Size: 15887.43 KB | Range: [usertable:user0018943236 -> usertable:user0019255389]
badger 2026/04/10 16:02:10 INFO: 
🔥 [Compact-0] 层级变更: L4 -> L5
📥 【输入阶段 - 被选中的上层 SST (Top)】:
  - [ID: 000696] Size: 22611.33 KB | Range: [usertable:user0016276479 -> usertable:user0016719141]
📥 【输入阶段 - 涉及的底层 SST (Bot)】:
  None
📤 【输出阶段 - 生成的新冷数据 SST (New)】:
  - [ID: 000844] Size: 22611.33 KB | Range: [usertable:user0016276479 -> usertable:user0016719141]
badger 2026/04/10 16:02:11 INFO: 
🔥 [Compact-3] 层级变更: L0 -> L3
📥 【输入阶段 - 被选中的上层 SST (Top)】:
  - [ID: 000843] Size:  1864.93 KB | Range: [usertable:user0020473821 -> usertable:user0020510218]
📥 【输入阶段 - 涉及的底层 SST (Bot)】:
  - [ID: 000841] Size:  5462.35 KB | Range: [usertable:user0020366567 -> usertable:user0020473831]
📤 【输出阶段 - 生成的新冷数据 SST (New)】:
  - [ID: 000849] Size:  7327.32 KB | Range: [usertable:user0020366567 -> usertable:user0020510218]
badger 2026/04/10 16:02:11 INFO: 
🔥 [Compact-2] 层级变更: L0 -> L3
📥 【输入阶段 - 被选中的上层 SST (Top)】:
  - [ID: 000845] Size:  1866.32 KB | Range: [usertable:user0020510219 -> usertable:user0020546593]
  - [ID: 000846] Size:  1865.03 KB | Range: [usertable:user0020546588 -> usertable:user0020582969]
  - [ID: 000847] Size:  1852.02 KB | Range: [usertable:user0020582967 -> usertable:user0020619559]
  - [ID: 000848] Size:  1859.42 KB | Range: [usertable:user0020619547 -> usertable:user0020656039]
  - [ID: 000850] Size:  1855.66 KB | Range: [usertable:user0020656024 -> usertable:user0020692554]
📥 【输入阶段 - 涉及的底层 SST (Bot)】:
  None
📤 【输出阶段 - 生成的新冷数据 SST (New)】:
  - [ID: 000851] Size:  9298.00 KB | Range: [usertable:user0020510219 -> usertable:user0020692554]
badger 2026/04/10 16:02:11 INFO: 
🔥 [Compact-1] 层级变更: L3 -> L4
📥 【输入阶段 - 被选中的上层 SST (Top)】:
  - [ID: 000800] Size:  6421.76 KB | Range: [usertable:user0019255390 -> usertable:user0019380902]
📥 【输入阶段 - 涉及的底层 SST (Bot)】:
  None
📤 【输出阶段 - 生成的新冷数据 SST (New)】:
  - [ID: 000852] Size:  6421.76 KB | Range: [usertable:user0019255390 -> usertable:user0019380902]
badger 2026/04/10 16:02:13 INFO: 
🔥 [Compact-0] 层级变更: L0 -> L3
📥 【输入阶段 - 被选中的上层 SST (Top)】:
  - [ID: 000853] Size:  1869.34 KB | Range: [usertable:user0020692546 -> usertable:user0020728874]
  - [ID: 000854] Size:  1865.25 KB | Range: [usertable:user0020728867 -> usertable:user0020765264]
  - [ID: 000855] Size:  1860.33 KB | Range: [usertable:user0020765250 -> usertable:user0020801706]
  - [ID: 000856] Size:  1857.89 KB | Range: [usertable:user0020801694 -> usertable:user0020838206]
  - [ID: 000857] Size:  1864.45 KB | Range: [usertable:user0020838199 -> usertable:user0020874602]
📥 【输入阶段 - 涉及的底层 SST (Bot)】:
  - [ID: 000851] Size:  9298.00 KB | Range: [usertable:user0020510219 -> usertable:user0020692554]
📤 【输出阶段 - 生成的新冷数据 SST (New)】:
  - [ID: 000858] Size: 15896.65 KB | Range: [usertable:user0020510219 -> usertable:user0020821402]
  - [ID: 000859] Size:  2717.97 KB | Range: [usertable:user0020821403 -> usertable:user0020874602]
badger 2026/04/10 16:02:13 INFO: 
🔥 [Compact-0] 层级变更: L3 -> L4
📥 【输入阶段 - 被选中的上层 SST (Top)】:
  - [ID: 000812] Size: 15974.69 KB | Range: [usertable:user0019380903 -> usertable:user0019693676]
📥 【输入阶段 - 涉及的底层 SST (Bot)】:
  None
📤 【输出阶段 - 生成的新冷数据 SST (New)】:
  - [ID: 000860] Size: 15974.69 KB | Range: [usertable:user0019380903 -> usertable:user0019693676]
badger 2026/04/10 16:02:13 INFO: 
🔥 [Compact-0] 层级变更: L4 -> L5
📥 【输入阶段 - 被选中的上层 SST (Top)】:
  - [ID: 000707] Size: 11183.11 KB | Range: [usertable:user0016719142 -> usertable:user0016937705]
📥 【输入阶段 - 涉及的底层 SST (Bot)】:
  None
📤 【输出阶段 - 生成的新冷数据 SST (New)】:
  - [ID: 000862] Size: 11183.11 KB | Range: [usertable:user0016719142 -> usertable:user0016937705]
badger 2026/04/10 16:02:13 INFO: 
🔥 [Compact-0] 层级变更: L5 -> L6
📥 【输入阶段 - 被选中的上层 SST (Top)】:
  - [ID: 000558] Size:  5858.47 KB | Range: [usertable:user0011209492 -> usertable:user0011324258]
📥 【输入阶段 - 涉及的底层 SST (Bot)】:
  None
📤 【输出阶段 - 生成的新冷数据 SST (New)】:
  - [ID: 000863] Size:  5858.47 KB | Range: [usertable:user0011209492 -> usertable:user0011324258]
badger 2026/04/10 16:02:13 INFO: 
🔥 [Compact-3] 层级变更: L5 -> L6
📥 【输入阶段 - 被选中的上层 SST (Top)】:
  - [ID: 000559] Size:  5606.32 KB | Range: [usertable:user0011324259 -> usertable:user0011433457]
📥 【输入阶段 - 涉及的底层 SST (Bot)】:
  None
📤 【输出阶段 - 生成的新冷数据 SST (New)】:
  - [ID: 000864] Size:  5606.32 KB | Range: [usertable:user0011324259 -> usertable:user0011433457]
badger 2026/04/10 16:02:14 INFO: 
🔥 [Compact-0] 层级变更: L0 -> L3
📥 【输入阶段 - 被选中的上层 SST (Top)】:
  - [ID: 000861] Size:  1864.01 KB | Range: [usertable:user0020874587 -> usertable:user0020911010]
  - [ID: 000865] Size:  1853.66 KB | Range: [usertable:user0020911005 -> usertable:user0020947567]
📥 【输入阶段 - 涉及的底层 SST (Bot)】:
  - [ID: 000859] Size:  2717.97 KB | Range: [usertable:user0020821403 -> usertable:user0020874602]
📤 【输出阶段 - 生成的新冷数据 SST (New)】:
  - [ID: 000869] Size:  6435.38 KB | Range: [usertable:user0020821403 -> usertable:user0020947567]
INSERT - Takes(s): 160.0, Count: 21104912, OPS: 131905.2, Avg(us): 119, Min(us): 3, Max(us): 30079, 50th(us): 95, 90th(us): 184, 95th(us): 229, 99th(us): 482, 99.9th(us): 1209, 99.99th(us): 2419
TOTAL  - Takes(s): 160.0, Count: 21104912, OPS: 131905.2, Avg(us): 119, Min(us): 3, Max(us): 30079, 50th(us): 95, 90th(us): 184, 95th(us): 229, 99th(us): 482, 99.9th(us): 1209, 99.99th(us): 2419
badger 2026/04/10 16:02:14 INFO: 
🔥 [Compact-0] 层级变更: L0 -> L3
📥 【输入阶段 - 被选中的上层 SST (Top)】:
  - [ID: 000866] Size:  1860.38 KB | Range: [usertable:user0020947568 -> usertable:user0020984031]
  - [ID: 000867] Size:  1858.42 KB | Range: [usertable:user0020984022 -> usertable:user0021020509]
  - [ID: 000868] Size:  1862.01 KB | Range: [usertable:user0021020504 -> usertable:user0021056940]
📥 【输入阶段 - 涉及的底层 SST (Bot)】:
  None
📤 【输出阶段 - 生成的新冷数据 SST (New)】:
  - [ID: 000872] Size:  5581.06 KB | Range: [usertable:user0020947568 -> usertable:user0021056940]
badger 2026/04/10 16:02:15 INFO: 
🔥 [Compact-3] 层级变更: L0 -> L3
📥 【输入阶段 - 被选中的上层 SST (Top)】:
  - [ID: 000870] Size:  1855.83 KB | Range: [usertable:user0021056941 -> usertable:user0021093465]
  - [ID: 000871] Size:  1858.92 KB | Range: [usertable:user0021093455 -> usertable:user0021129961]
  - [ID: 000873] Size:  1858.57 KB | Range: [usertable:user0021129952 -> usertable:user0021166443]
  - [ID: 000874] Size:  1864.54 KB | Range: [usertable:user0021166438 -> usertable:user0021202844]
📥 【输入阶段 - 涉及的底层 SST (Bot)】:
  None
📤 【输出阶段 - 生成的新冷数据 SST (New)】:
  - [ID: 000876] Size:  7436.73 KB | Range: [usertable:user0021056941 -> usertable:user0021202844]
badger 2026/04/10 16:02:15 INFO: 
🔥 [Compact-3] 层级变更: L3 -> L4
📥 【输入阶段 - 被选中的上层 SST (Top)】:
  - [ID: 000813] Size:  2650.28 KB | Range: [usertable:user0019693677 -> usertable:user0019745158]
📥 【输入阶段 - 涉及的底层 SST (Bot)】:
  None
📤 【输出阶段 - 生成的新冷数据 SST (New)】:
  - [ID: 000877] Size:  2650.28 KB | Range: [usertable:user0019693677 -> usertable:user0019745158]
badger 2026/04/10 16:02:15 INFO: 
🔥 [Compact-0] 层级变更: L3 -> L4
📥 【输入阶段 - 被选中的上层 SST (Top)】:
  - [ID: 000826] Size: 15826.07 KB | Range: [usertable:user0019745159 -> usertable:user0020054300]
📥 【输入阶段 - 涉及的底层 SST (Bot)】:
  None
📤 【输出阶段 - 生成的新冷数据 SST (New)】:
  - [ID: 000878] Size: 15826.07 KB | Range: [usertable:user0019745159 -> usertable:user0020054300]
badger 2026/04/10 16:02:16 INFO: 
🔥 [Compact-0] 层级变更: L4 -> L5
📥 【输入阶段 - 被选中的上层 SST (Top)】:
  - [ID: 000756] Size: 15831.16 KB | Range: [usertable:user0016937706 -> usertable:user0017248419]
📥 【输入阶段 - 涉及的底层 SST (Bot)】:
  None
📤 【输出阶段 - 生成的新冷数据 SST (New)】:
  - [ID: 000880] Size: 15831.16 KB | Range: [usertable:user0016937706 -> usertable:user0017248419]
badger 2026/04/10 16:02:16 INFO: 
🔥 [Compact-0] 层级变更: L5 -> L6
📥 【输入阶段 - 被选中的上层 SST (Top)】:
  - [ID: 000567] Size: 16771.89 KB | Range: [usertable:user0011433458 -> usertable:user0011761747]
📥 【输入阶段 - 涉及的底层 SST (Bot)】:
  None
📤 【输出阶段 - 生成的新冷数据 SST (New)】:
  - [ID: 000881] Size: 16771.89 KB | Range: [usertable:user0011433458 -> usertable:user0011761747]
badger 2026/04/10 16:02:17 INFO: 
🔥 [Compact-3] 层级变更: L0 -> L3
📥 【输入阶段 - 被选中的上层 SST (Top)】:
  - [ID: 000875] Size:  1871.74 KB | Range: [usertable:user0021202845 -> usertable:user0021239145]
  - [ID: 000879] Size:  1854.58 KB | Range: [usertable:user0021239130 -> usertable:user0021275693]
  - [ID: 000882] Size:  1863.90 KB | Range: [usertable:user0021275682 -> usertable:user0021312100]
  - [ID: 000883] Size:  1860.56 KB | Range: [usertable:user0021312091 -> usertable:user0021348552]
  - [ID: 000884] Size:  1863.23 KB | Range: [usertable:user0021348541 -> usertable:user0021384968]
📥 【输入阶段 - 涉及的底层 SST (Bot)】:
  None
📤 【输出阶段 - 生成的新冷数据 SST (New)】:
  - [ID: 000885] Size:  9313.66 KB | Range: [usertable:user0021202845 -> usertable:user0021384968]
badger 2026/04/10 16:02:18 INFO: 
🔥 [Compact-0] 层级变更: L0 -> L3
📥 【输入阶段 - 被选中的上层 SST (Top)】:
  - [ID: 000886] Size:  1863.78 KB | Range: [usertable:user0021384955 -> usertable:user0021421364]
  - [ID: 000887] Size:  1865.12 KB | Range: [usertable:user0021421359 -> usertable:user0021457743]
  - [ID: 000888] Size:  1859.83 KB | Range: [usertable:user0021457741 -> usertable:user0021494208]
  - [ID: 000889] Size:  1857.90 KB | Range: [usertable:user0021494206 -> usertable:user0021530724]
  - [ID: 000890] Size:  1861.93 KB | Range: [usertable:user0021530711 -> usertable:user0021567144]
📥 【输入阶段 - 涉及的底层 SST (Bot)】:
  - [ID: 000885] Size:  9313.66 KB | Range: [usertable:user0021202845 -> usertable:user0021384968]
📤 【输出阶段 - 生成的新冷数据 SST (New)】:
  - [ID: 000891] Size: 15766.71 KB | Range: [usertable:user0021202845 -> usertable:user0021511227]
  - [ID: 000892] Size:  2854.88 KB | Range: [usertable:user0021511228 -> usertable:user0021567144]
badger 2026/04/10 16:02:18 INFO: 
🔥 [Compact-0] 层级变更: L3 -> L4
📥 【输入阶段 - 被选中的上层 SST (Top)】:
  - [ID: 000840] Size: 15949.46 KB | Range: [usertable:user0020054301 -> usertable:user0020366566]
📥 【输入阶段 - 涉及的底层 SST (Bot)】:
  None
📤 【输出阶段 - 生成的新冷数据 SST (New)】:
  - [ID: 000893] Size: 15949.46 KB | Range: [usertable:user0020054301 -> usertable:user0020366566]
badger 2026/04/10 16:02:18 INFO: 
🔥 [Compact-0] 层级变更: L4 -> L5
📥 【输入阶段 - 被选中的上层 SST (Top)】:
  - [ID: 000765] Size: 15791.41 KB | Range: [usertable:user0017248420 -> usertable:user0017558471]
📥 【输入阶段 - 涉及的底层 SST (Bot)】:
  None
📤 【输出阶段 - 生成的新冷数据 SST (New)】:
  - [ID: 000895] Size: 15791.41 KB | Range: [usertable:user0017248420 -> usertable:user0017558471]
badger 2026/04/10 16:02:19 INFO: 
🔥 [Compact-3] 层级变更: L0 -> L3
📥 【输入阶段 - 被选中的上层 SST (Top)】:
  - [ID: 000894] Size:  1857.57 KB | Range: [usertable:user0021567132 -> usertable:user0021603635]
  - [ID: 000896] Size:  1872.73 KB | Range: [usertable:user0021603629 -> usertable:user0021639905]
  - [ID: 000897] Size:  1860.92 KB | Range: [usertable:user0021639888 -> usertable:user0021676364]
  - [ID: 000898] Size:  1855.27 KB | Range: [usertable:user0021676349 -> usertable:user0021712901]
  - [ID: 000899] Size:  1864.68 KB | Range: [usertable:user0021712888 -> usertable:user0021749290]
📥 【输入阶段 - 涉及的底层 SST (Bot)】:
  - [ID: 000892] Size:  2854.88 KB | Range: [usertable:user0021511228 -> usertable:user0021567144]
📤 【输出阶段 - 生成的新冷数据 SST (New)】:
  - [ID: 000900] Size: 12165.46 KB | Range: [usertable:user0021511228 -> usertable:user0021749290]
badger 2026/04/10 16:02:21 INFO: 
🔥 [Compact-3] 层级变更: L0 -> L3
📥 【输入阶段 - 被选中的上层 SST (Top)】:
  - [ID: 000901] Size:  1860.33 KB | Range: [usertable:user0021749281 -> usertable:user0021785756]
  - [ID: 000902] Size:  1856.11 KB | Range: [usertable:user0021785746 -> usertable:user0021822283]
  - [ID: 000903] Size:  1864.00 KB | Range: [usertable:user0021822274 -> usertable:user0021858673]
  - [ID: 000904] Size:  1861.57 KB | Range: [usertable:user0021858668 -> usertable:user0021895122]
  - [ID: 000905] Size:  1862.93 KB | Range: [usertable:user0021895107 -> usertable:user0021931533]
📥 【输入阶段 - 涉及的底层 SST (Bot)】:
  - [ID: 000900] Size: 12165.46 KB | Range: [usertable:user0021511228 -> usertable:user0021749290]
📤 【输出阶段 - 生成的新冷数据 SST (New)】:
  - [ID: 000906] Size: 15809.07 KB | Range: [usertable:user0021511228 -> usertable:user0021820841]
  - [ID: 000907] Size:  5661.82 KB | Range: [usertable:user0021820842 -> usertable:user0021931533]
badger 2026/04/10 16:02:21 INFO: 
🔥 [Compact-3] 层级变更: L3 -> L4
📥 【输入阶段 - 被选中的上层 SST (Top)】:
  - [ID: 000849] Size:  7327.32 KB | Range: [usertable:user0020366567 -> usertable:user0020510218]
📥 【输入阶段 - 涉及的底层 SST (Bot)】:
  None
📤 【输出阶段 - 生成的新冷数据 SST (New)】:
  - [ID: 000908] Size:  7327.32 KB | Range: [usertable:user0020366567 -> usertable:user0020510218]
badger 2026/04/10 16:02:21 INFO: 
🔥 [Compact-3] 层级变更: L4 -> L5
📥 【输入阶段 - 被选中的上层 SST (Top)】:
  - [ID: 000779] Size: 12992.44 KB | Range: [usertable:user0017558472 -> usertable:user0017813153]
📥 【输入阶段 - 涉及的底层 SST (Bot)】:
  None
📤 【输出阶段 - 生成的新冷数据 SST (New)】:
  - [ID: 000910] Size: 12992.44 KB | Range: [usertable:user0017558472 -> usertable:user0017813153]
badger 2026/04/10 16:02:21 INFO: 
🔥 [Compact-2] 层级变更: L5 -> L6
📥 【输入阶段 - 被选中的上层 SST (Top)】:
  - [ID: 000581] Size: 31709.01 KB | Range: [usertable:user0011761748 -> usertable:user0012382625]
📥 【输入阶段 - 涉及的底层 SST (Bot)】:
  None
📤 【输出阶段 - 生成的新冷数据 SST (New)】:
  - [ID: 000911] Size: 31709.01 KB | Range: [usertable:user0011761748 -> usertable:user0012382625]
badger 2026/04/10 16:02:22 INFO: 
🔥 [Compact-0] 层级变更: L0 -> L3
📥 【输入阶段 - 被选中的上层 SST (Top)】:
  - [ID: 000909] Size:  1855.61 KB | Range: [usertable:user0021931521 -> usertable:user0021968065]
  - [ID: 000912] Size:  1859.73 KB | Range: [usertable:user0021968053 -> usertable:user0022004531]
  - [ID: 000913] Size:  1860.98 KB | Range: [usertable:user0022004524 -> usertable:user0022040988]
  - [ID: 000914] Size:  1864.18 KB | Range: [usertable:user0022040979 -> usertable:user0022077385]
  - [ID: 000915] Size:  1855.67 KB | Range: [usertable:user0022077381 -> usertable:user0022113924]
📥 【输入阶段 - 涉及的底层 SST (Bot)】:
  - [ID: 000907] Size:  5661.82 KB | Range: [usertable:user0021820842 -> usertable:user0021931533]
📤 【输出阶段 - 生成的新冷数据 SST (New)】:
  - [ID: 000916] Size: 14957.08 KB | Range: [usertable:user0021820842 -> usertable:user0022113924]
badger 2026/04/10 16:02:22 INFO: 
🔥 [Compact-3] 层级变更: L3 -> L4
📥 【输入阶段 - 被选中的上层 SST (Top)】:
  - [ID: 000858] Size: 15896.65 KB | Range: [usertable:user0020510219 -> usertable:user0020821402]
📥 【输入阶段 - 涉及的底层 SST (Bot)】:
  None
📤 【输出阶段 - 生成的新冷数据 SST (New)】:
  - [ID: 000917] Size: 15896.65 KB | Range: [usertable:user0020510219 -> usertable:user0020821402]
badger 2026/04/10 16:02:24 INFO: 
🔥 [Compact-3] 层级变更: L0 -> L3
📥 【输入阶段 - 被选中的上层 SST (Top)】:
  - [ID: 000918] Size:  1856.09 KB | Range: [usertable:user0022113910 -> usertable:user0022150446]
  - [ID: 000919] Size:  1862.92 KB | Range: [usertable:user0022150433 -> usertable:user0022186861]
  - [ID: 000920] Size:  1865.25 KB | Range: [usertable:user0022186848 -> usertable:user0022223260]
  - [ID: 000921] Size:  1864.72 KB | Range: [usertable:user0022223247 -> usertable:user0022259638]
  - [ID: 000922] Size:  1855.27 KB | Range: [usertable:user0022259634 -> usertable:user0022296185]
📥 【输入阶段 - 涉及的底层 SST (Bot)】:
  - [ID: 000916] Size: 14957.08 KB | Range: [usertable:user0021820842 -> usertable:user0022113924]
📤 【输出阶段 - 生成的新冷数据 SST (New)】:
  - [ID: 000923] Size: 15909.14 KB | Range: [usertable:user0021820842 -> usertable:user0022132809]
  - [ID: 000924] Size:  8351.25 KB | Range: [usertable:user0022132810 -> usertable:user0022296185]
INSERT - Takes(s): 170.0, Count: 22406702, OPS: 131804.0, Avg(us): 119, Min(us): 3, Max(us): 30079, 50th(us): 95, 90th(us): 184, 95th(us): 229, 99th(us): 484, 99.9th(us): 1206, 99.99th(us): 2403
TOTAL  - Takes(s): 170.0, Count: 22406702, OPS: 131803.9, Avg(us): 119, Min(us): 3, Max(us): 30079, 50th(us): 95, 90th(us): 184, 95th(us): 229, 99th(us): 484, 99.9th(us): 1206, 99.99th(us): 2403
badger 2026/04/10 16:02:25 INFO: 
🔥 [Compact-3] 层级变更: L0 -> L3
📥 【输入阶段 - 被选中的上层 SST (Top)】:
  - [ID: 000925] Size:  1859.14 KB | Range: [usertable:user0022296170 -> usertable:user0022332655]
  - [ID: 000926] Size:  1859.88 KB | Range: [usertable:user0022332640 -> usertable:user0022369119]
  - [ID: 000927] Size:  1860.59 KB | Range: [usertable:user0022369104 -> usertable:user0022405567]
  - [ID: 000928] Size:  1857.30 KB | Range: [usertable:user0022405563 -> usertable:user0022442074]
  - [ID: 000929] Size:  1863.76 KB | Range: [usertable:user0022442070 -> usertable:user0022478474]
📥 【输入阶段 - 涉及的底层 SST (Bot)】:
  - [ID: 000924] Size:  8351.25 KB | Range: [usertable:user0022132810 -> usertable:user0022296185]
📤 【输出阶段 - 生成的新冷数据 SST (New)】:
  - [ID: 000930] Size: 15974.69 KB | Range: [usertable:user0022132810 -> usertable:user0022445750]
  - [ID: 000931] Size:  1677.80 KB | Range: [usertable:user0022445751 -> usertable:user0022478474]
badger 2026/04/10 16:02:25 INFO: 
🔥 [Compact-3] 层级变更: L3 -> L4
📥 【输入阶段 - 被选中的上层 SST (Top)】:
  - [ID: 000869] Size:  6435.38 KB | Range: [usertable:user0020821403 -> usertable:user0020947567]
📥 【输入阶段 - 涉及的底层 SST (Bot)】:
  None
📤 【输出阶段 - 生成的新冷数据 SST (New)】:
  - [ID: 000932] Size:  6435.38 KB | Range: [usertable:user0020821403 -> usertable:user0020947567]
badger 2026/04/10 16:02:25 INFO: 
🔥 [Compact-3] 层级变更: L4 -> L5
📥 【输入阶段 - 被选中的上层 SST (Top)】:
  - [ID: 000794] Size: 15787.80 KB | Range: [usertable:user0017813154 -> usertable:user0018122772]
📥 【输入阶段 - 涉及的底层 SST (Bot)】:
  None
📤 【输出阶段 - 生成的新冷数据 SST (New)】:
  - [ID: 000934] Size: 15787.80 KB | Range: [usertable:user0017813154 -> usertable:user0018122772]
badger 2026/04/10 16:02:26 INFO: 
🔥 [Compact-2] 层级变更: L0 -> L3
📥 【输入阶段 - 被选中的上层 SST (Top)】:
  - [ID: 000933] Size:  1852.22 KB | Range: [usertable:user0022478471 -> usertable:user0022515045]
  - [ID: 000935] Size:  1859.79 KB | Range: [usertable:user0022515044 -> usertable:user0022551525]
  - [ID: 000936] Size:  1855.28 KB | Range: [usertable:user0022551511 -> usertable:user0022588051]
  - [ID: 000937] Size:  1862.44 KB | Range: [usertable:user0022588037 -> usertable:user0022624490]
  - [ID: 000938] Size:  1858.49 KB | Range: [usertable:user0022624479 -> usertable:user0022660971]
📥 【输入阶段 - 涉及的底层 SST (Bot)】:
  - [ID: 000931] Size:  1677.80 KB | Range: [usertable:user0022445751 -> usertable:user0022478474]
📤 【输出阶段 - 生成的新冷数据 SST (New)】:
  - [ID: 000939] Size: 10965.56 KB | Range: [usertable:user0022445751 -> usertable:user0022660971]
badger 2026/04/10 16:02:26 INFO: 
🔥 [Compact-3] 层级变更: L3 -> L4
📥 【输入阶段 - 被选中的上层 SST (Top)】:
  - [ID: 000872] Size:  5581.06 KB | Range: [usertable:user0020947568 -> usertable:user0021056940]
📥 【输入阶段 - 涉及的底层 SST (Bot)】:
  None
📤 【输出阶段 - 生成的新冷数据 SST (New)】:
  - [ID: 000940] Size:  5581.06 KB | Range: [usertable:user0020947568 -> usertable:user0021056940]
badger 2026/04/10 16:02:26 INFO: 
🔥 [Compact-2] 层级变更: L3 -> L4
📥 【输入阶段 - 被选中的上层 SST (Top)】:
  - [ID: 000876] Size:  7436.73 KB | Range: [usertable:user0021056941 -> usertable:user0021202844]
📥 【输入阶段 - 涉及的底层 SST (Bot)】:
  None
📤 【输出阶段 - 生成的新冷数据 SST (New)】:
  - [ID: 000941] Size:  7436.73 KB | Range: [usertable:user0021056941 -> usertable:user0021202844]
badger 2026/04/10 16:02:28 INFO: 
🔥 [Compact-0] 层级变更: L0 -> L3
📥 【输入阶段 - 被选中的上层 SST (Top)】:
  - [ID: 000942] Size:  1852.57 KB | Range: [usertable:user0022660957 -> usertable:user0022697543]
  - [ID: 000943] Size:  1861.25 KB | Range: [usertable:user0022697530 -> usertable:user0022733984]
  - [ID: 000944] Size:  1860.46 KB | Range: [usertable:user0022733976 -> usertable:user0022770442]
  - [ID: 000945] Size:  1864.79 KB | Range: [usertable:user0022770431 -> usertable:user0022806839]
  - [ID: 000946] Size:  1858.49 KB | Range: [usertable:user0022806824 -> usertable:user0022843319]
📥 【输入阶段 - 涉及的底层 SST (Bot)】:
  - [ID: 000939] Size: 10965.56 KB | Range: [usertable:user0022445751 -> usertable:user0022660971]
📤 【输出阶段 - 生成的新冷数据 SST (New)】:
  - [ID: 000947] Size: 15880.98 KB | Range: [usertable:user0022445751 -> usertable:user0022757362]
  - [ID: 000948] Size:  4381.23 KB | Range: [usertable:user0022757363 -> usertable:user0022843319]
badger 2026/04/10 16:02:28 INFO: 
🔥 [Compact-0] 层级变更: L3 -> L4
📥 【输入阶段 - 被选中的上层 SST (Top)】:
  - [ID: 000891] Size: 15766.71 KB | Range: [usertable:user0021202845 -> usertable:user0021511227]
📥 【输入阶段 - 涉及的底层 SST (Bot)】:
  None
📤 【输出阶段 - 生成的新冷数据 SST (New)】:
  - [ID: 000949] Size: 15766.71 KB | Range: [usertable:user0021202845 -> usertable:user0021511227]
badger 2026/04/10 16:02:28 INFO: 
🔥 [Compact-2] 层级变更: L4 -> L5
📥 【输入阶段 - 被选中的上层 SST (Top)】:
  - [ID: 000804] Size: 13992.81 KB | Range: [usertable:user0018122773 -> usertable:user0018396200]
📥 【输入阶段 - 涉及的底层 SST (Bot)】:
  None
📤 【输出阶段 - 生成的新冷数据 SST (New)】:
  - [ID: 000951] Size: 13992.81 KB | Range: [usertable:user0018122773 -> usertable:user0018396200]
badger 2026/04/10 16:02:28 INFO: 
🔥 [Compact-0] 层级变更: L4 -> L5
📥 【输入阶段 - 被选中的上层 SST (Top)】:
  - [ID: 000820] Size: 15899.61 KB | Range: [usertable:user0018396201 -> usertable:user0018708426]
📥 【输入阶段 - 涉及的底层 SST (Bot)】:
  None
📤 【输出阶段 - 生成的新冷数据 SST (New)】:
  - [ID: 000952] Size: 15899.61 KB | Range: [usertable:user0018396201 -> usertable:user0018708426]
badger 2026/04/10 16:02:28 INFO: 
🔥 [Compact-2] 层级变更: L5 -> L6
📥 【输入阶段 - 被选中的上层 SST (Top)】:
  - [ID: 000613] Size: 24226.83 KB | Range: [usertable:user0012382626 -> usertable:user0012855659]
📥 【输入阶段 - 涉及的底层 SST (Bot)】:
  None
📤 【输出阶段 - 生成的新冷数据 SST (New)】:
  - [ID: 000953] Size: 24226.83 KB | Range: [usertable:user0012382626 -> usertable:user0012855659]
badger 2026/04/10 16:02:29 INFO: 
🔥 [Compact-0] 层级变更: L0 -> L3
📥 【输入阶段 - 被选中的上层 SST (Top)】:
  - [ID: 000950] Size:  1862.73 KB | Range: [usertable:user0022843307 -> usertable:user0022879743]
  - [ID: 000954] Size:  1852.00 KB | Range: [usertable:user0022879726 -> usertable:user0022916321]
  - [ID: 000955] Size:  1860.48 KB | Range: [usertable:user0022916308 -> usertable:user0022952776]
  - [ID: 000956] Size:  1866.88 KB | Range: [usertable:user0022952771 -> usertable:user0022989132]
  - [ID: 000957] Size:  1846.82 KB | Range: [usertable:user0022989121 -> usertable:user0023025785]
📥 【输入阶段 - 涉及的底层 SST (Bot)】:
  - [ID: 000948] Size:  4381.23 KB | Range: [usertable:user0022757363 -> usertable:user0022843319]
📤 【输出阶段 - 生成的新冷数据 SST (New)】:
  - [ID: 000958] Size: 13669.92 KB | Range: [usertable:user0022757363 -> usertable:user0023025785]
badger 2026/04/10 16:02:31 INFO: 
🔥 [Compact-3] 层级变更: L0 -> L3
📥 【输入阶段 - 被选中的上层 SST (Top)】:
  - [ID: 000959] Size:  1856.67 KB | Range: [usertable:user0023025773 -> usertable:user0023062293]
  - [ID: 000960] Size:  1860.65 KB | Range: [usertable:user0023062288 -> usertable:user0023098745]
  - [ID: 000961] Size:  1870.11 KB | Range: [usertable:user0023098741 -> usertable:user0023135060]
  - [ID: 000962] Size:  1863.21 KB | Range: [usertable:user0023135049 -> usertable:user0023171481]
  - [ID: 000963] Size:  1857.72 KB | Range: [usertable:user0023171467 -> usertable:user0023207968]
📥 【输入阶段 - 涉及的底层 SST (Bot)】:
  - [ID: 000958] Size: 13669.92 KB | Range: [usertable:user0022757363 -> usertable:user0023025785]
📤 【输出阶段 - 生成的新冷数据 SST (New)】:
  - [ID: 000964] Size: 15916.23 KB | Range: [usertable:user0022757363 -> usertable:user0023069990]
  - [ID: 000965] Size:  7061.05 KB | Range: [usertable:user0023069991 -> usertable:user0023207968]
badger 2026/04/10 16:02:31 INFO: 
🔥 [Compact-3] 层级变更: L3 -> L4
📥 【输入阶段 - 被选中的上层 SST (Top)】:
  - [ID: 000906] Size: 15809.07 KB | Range: [usertable:user0021511228 -> usertable:user0021820841]
📥 【输入阶段 - 涉及的底层 SST (Bot)】:
  None
📤 【输出阶段 - 生成的新冷数据 SST (New)】:
  - [ID: 000966] Size: 15809.07 KB | Range: [usertable:user0021511228 -> usertable:user0021820841]
badger 2026/04/10 16:02:32 INFO: 
🔥 [Compact-3] 层级变更: L0 -> L3
📥 【输入阶段 - 被选中的上层 SST (Top)】:
  - [ID: 000967] Size:  1858.08 KB | Range: [usertable:user0023207955 -> usertable:user0023244478]
  - [ID: 000968] Size:  1859.37 KB | Range: [usertable:user0023244471 -> usertable:user0023280955]
  - [ID: 000969] Size:  1857.66 KB | Range: [usertable:user0023280936 -> usertable:user0023317459]
  - [ID: 000970] Size:  1862.06 KB | Range: [usertable:user0023317449 -> usertable:user0023353886]
  - [ID: 000971] Size:  1852.14 KB | Range: [usertable:user0023353882 -> usertable:user0023390474]
📥 【输入阶段 - 涉及的底层 SST (Bot)】:
  - [ID: 000965] Size:  7061.05 KB | Range: [usertable:user0023069991 -> usertable:user0023207968]
📤 【输出阶段 - 生成的新冷数据 SST (New)】:
  - [ID: 000972] Size: 15871.56 KB | Range: [usertable:user0023069991 -> usertable:user0023381055]
  - [ID: 000973] Size:   478.02 KB | Range: [usertable:user0023381056 -> usertable:user0023390474]
badger 2026/04/10 16:02:33 INFO: 
🔥 [Compact-3] 层级变更: L0 -> L3
📥 【输入阶段 - 被选中的上层 SST (Top)】:
  - [ID: 000974] Size:  1855.17 KB | Range: [usertable:user0023390465 -> usertable:user0023427012]
  - [ID: 000975] Size:  1862.08 KB | Range: [usertable:user0023427002 -> usertable:user0023463431]
📥 【输入阶段 - 涉及的底层 SST (Bot)】:
  - [ID: 000973] Size:   478.02 KB | Range: [usertable:user0023381056 -> usertable:user0023390474]
📤 【输出阶段 - 生成的新冷数据 SST (New)】:
  - [ID: 000979] Size:  4195.56 KB | Range: [usertable:user0023381056 -> usertable:user0023463431]
badger 2026/04/10 16:02:33 INFO: 
🔥 [Compact-3] 层级变更: L3 -> L4
📥 【输入阶段 - 被选中的上层 SST (Top)】:
  - [ID: 000923] Size: 15909.14 KB | Range: [usertable:user0021820842 -> usertable:user0022132809]
📥 【输入阶段 - 涉及的底层 SST (Bot)】:
  None
📤 【输出阶段 - 生成的新冷数据 SST (New)】:
  - [ID: 000980] Size: 15909.14 KB | Range: [usertable:user0021820842 -> usertable:user0022132809]
badger 2026/04/10 16:02:33 INFO: 
🔥 [Compact-3] 层级变更: L4 -> L5
📥 【输入阶段 - 被选中的上层 SST (Top)】:
  - [ID: 000834] Size: 11993.80 KB | Range: [usertable:user0018708427 -> usertable:user0018943235]
📥 【输入阶段 - 涉及的底层 SST (Bot)】:
  None
📤 【输出阶段 - 生成的新冷数据 SST (New)】:
  - [ID: 000981] Size: 11993.80 KB | Range: [usertable:user0018708427 -> usertable:user0018943235]
badger 2026/04/10 16:02:34 INFO: 
🔥 [Compact-1] 层级变更: L0 -> L3
📥 【输入阶段 - 被选中的上层 SST (Top)】:
  - [ID: 000976] Size:  1860.46 KB | Range: [usertable:user0023463432 -> usertable:user0023499893]
  - [ID: 000977] Size:  1856.85 KB | Range: [usertable:user0023499886 -> usertable:user0023536389]
  - [ID: 000978] Size:  1868.46 KB | Range: [usertable:user0023536375 -> usertable:user0023572721]
  - [ID: 000982] Size:  1855.62 KB | Range: [usertable:user0023572716 -> usertable:user0023609254]
  - [ID: 000983] Size:  1857.23 KB | Range: [usertable:user0023609246 -> usertable:user0023645745]
📥 【输入阶段 - 涉及的底层 SST (Bot)】:
  None
📤 【输出阶段 - 生成的新冷数据 SST (New)】:
  - [ID: 000984] Size:  9298.32 KB | Range: [usertable:user0023463432 -> usertable:user0023645745]
INSERT - Takes(s): 180.0, Count: 23713348, OPS: 131740.3, Avg(us): 119, Min(us): 3, Max(us): 30079, 50th(us): 95, 90th(us): 184, 95th(us): 229, 99th(us): 484, 99.9th(us): 1204, 99.99th(us): 2425
TOTAL  - Takes(s): 180.0, Count: 23713348, OPS: 131740.5, Avg(us): 119, Min(us): 3, Max(us): 30079, 50th(us): 95, 90th(us): 184, 95th(us): 229, 99th(us): 484, 99.9th(us): 1204, 99.99th(us): 2425
badger 2026/04/10 16:02:35 INFO: 
🔥 [Compact-3] 层级变更: L0 -> L3
📥 【输入阶段 - 被选中的上层 SST (Top)】:
  - [ID: 000985] Size:  1862.70 KB | Range: [usertable:user0023645744 -> usertable:user0023682168]
  - [ID: 000986] Size:  1859.21 KB | Range: [usertable:user0023682166 -> usertable:user0023718658]
  - [ID: 000987] Size:  1861.27 KB | Range: [usertable:user0023718646 -> usertable:user0023755097]
  - [ID: 000988] Size:  1855.05 KB | Range: [usertable:user0023755085 -> usertable:user0023791638]
  - [ID: 000989] Size:  1857.34 KB | Range: [usertable:user0023791623 -> usertable:user0023828136]
📥 【输入阶段 - 涉及的底层 SST (Bot)】:
  - [ID: 000984] Size:  9298.32 KB | Range: [usertable:user0023463432 -> usertable:user0023645745]
📤 【输出阶段 - 生成的新冷数据 SST (New)】:
  - [ID: 000990] Size: 15830.02 KB | Range: [usertable:user0023463432 -> usertable:user0023773787]
  - [ID: 000991] Size:  2763.13 KB | Range: [usertable:user0023773788 -> usertable:user0023828136]
badger 2026/04/10 16:02:35 INFO: 
🔥 [Compact-3] 层级变更: L3 -> L4
📥 【输入阶段 - 被选中的上层 SST (Top)】:
  - [ID: 000930] Size: 15974.69 KB | Range: [usertable:user0022132810 -> usertable:user0022445750]
📥 【输入阶段 - 涉及的底层 SST (Bot)】:
  None
📤 【输出阶段 - 生成的新冷数据 SST (New)】:
  - [ID: 000992] Size: 15974.69 KB | Range: [usertable:user0022132810 -> usertable:user0022445750]
badger 2026/04/10 16:02:36 INFO: 
🔥 [Compact-3] 层级变更: L4 -> L5
📥 【输入阶段 - 被选中的上层 SST (Top)】:
  - [ID: 000842] Size: 15887.43 KB | Range: [usertable:user0018943236 -> usertable:user0019255389]
📥 【输入阶段 - 涉及的底层 SST (Bot)】:
  None
📤 【输出阶段 - 生成的新冷数据 SST (New)】:
  - [ID: 000994] Size: 15887.43 KB | Range: [usertable:user0018943236 -> usertable:user0019255389]
badger 2026/04/10 16:02:37 INFO: 
🔥 [Compact-3] 层级变更: L0 -> L3
📥 【输入阶段 - 被选中的上层 SST (Top)】:
  - [ID: 000993] Size:  1859.68 KB | Range: [usertable:user0023828126 -> usertable:user0023864587]
  - [ID: 000995] Size:  1862.33 KB | Range: [usertable:user0023864579 -> usertable:user0023901014]
  - [ID: 000996] Size:  1860.29 KB | Range: [usertable:user0023901010 -> usertable:user0023937490]
  - [ID: 000997] Size:  1863.88 KB | Range: [usertable:user0023937474 -> usertable:user0023973896]
  - [ID: 000998] Size:  1866.99 KB | Range: [usertable:user0023973893 -> usertable:user0024010249]
📥 【输入阶段 - 涉及的底层 SST (Bot)】:
  - [ID: 000991] Size:  2763.13 KB | Range: [usertable:user0023773788 -> usertable:user0023828136]
📤 【输出阶段 - 生成的新冷数据 SST (New)】:
  - [ID: 000999] Size: 12075.91 KB | Range: [usertable:user0023773788 -> usertable:user0024010249]
badger 2026/04/10 16:02:38 INFO: 
🔥 [Compact-0] 层级变更: L0 -> L3
📥 【输入阶段 - 被选中的上层 SST (Top)】:
  - [ID: 001000] Size:  1859.20 KB | Range: [usertable:user0024010238 -> usertable:user0024046731]
  - [ID: 001001] Size:  1855.35 KB | Range: [usertable:user0024046716 -> usertable:user0024083249]
  - [ID: 001002] Size:  1858.98 KB | Range: [usertable:user0024083245 -> usertable:user0024119724]
  - [ID: 001003] Size:  1859.78 KB | Range: [usertable:user0024119716 -> usertable:user0024156183]
  - [ID: 001004] Size:  1865.20 KB | Range: [usertable:user0024156178 -> usertable:user0024192567]
📥 【输入阶段 - 涉及的底层 SST (Bot)】:
  - [ID: 000999] Size: 12075.91 KB | Range: [usertable:user0023773788 -> usertable:user0024010249]
📤 【输出阶段 - 生成的新冷数据 SST (New)】:
  - [ID: 001005] Size: 15778.74 KB | Range: [usertable:user0023773788 -> usertable:user0024083019]
  - [ID: 001006] Size:  5596.08 KB | Range: [usertable:user0024083020 -> usertable:user0024192567]
badger 2026/04/10 16:02:38 INFO: 
🔥 [Compact-0] 层级变更: L3 -> L4
📥 【输入阶段 - 被选中的上层 SST (Top)】:
  - [ID: 000947] Size: 15880.98 KB | Range: [usertable:user0022445751 -> usertable:user0022757362]
📥 【输入阶段 - 涉及的底层 SST (Bot)】:
  None
📤 【输出阶段 - 生成的新冷数据 SST (New)】:
  - [ID: 001007] Size: 15880.98 KB | Range: [usertable:user0022445751 -> usertable:user0022757362]
badger 2026/04/10 16:02:38 INFO: 
🔥 [Compact-0] 层级变更: L4 -> L5
📥 【输入阶段 - 被选中的上层 SST (Top)】:
  - [ID: 000852] Size:  6421.76 KB | Range: [usertable:user0019255390 -> usertable:user0019380902]
📥 【输入阶段 - 涉及的底层 SST (Bot)】:
  None
📤 【输出阶段 - 生成的新冷数据 SST (New)】:
  - [ID: 001009] Size:  6421.76 KB | Range: [usertable:user0019255390 -> usertable:user0019380902]
badger 2026/04/10 16:02:38 INFO: 
🔥 [Compact-3] 层级变更: L4 -> L5
📥 【输入阶段 - 被选中的上层 SST (Top)】:
  - [ID: 000860] Size: 15974.69 KB | Range: [usertable:user0019380903 -> usertable:user0019693676]
📥 【输入阶段 - 涉及的底层 SST (Bot)】:
  None
📤 【输出阶段 - 生成的新冷数据 SST (New)】:
  - [ID: 001010] Size: 15974.69 KB | Range: [usertable:user0019380903 -> usertable:user0019693676]
badger 2026/04/10 16:02:38 INFO: 
🔥 [Compact-0] 层级变更: L5 -> L6
📥 【输入阶段 - 被选中的上层 SST (Top)】:
  - [ID: 000635] Size: 13051.15 KB | Range: [usertable:user0012855660 -> usertable:user0013110928]
📥 【输入阶段 - 涉及的底层 SST (Bot)】:
  None
📤 【输出阶段 - 生成的新冷数据 SST (New)】:
  - [ID: 001011] Size: 13051.15 KB | Range: [usertable:user0012855660 -> usertable:user0013110928]
badger 2026/04/10 16:02:39 INFO: 
🔥 [Compact-0] 层级变更: L5 -> L6
📥 【输入阶段 - 被选中的上层 SST (Top)】:
  - [ID: 000641] Size: 20517.55 KB | Range: [usertable:user0013110929 -> usertable:user0013511908]
📥 【输入阶段 - 涉及的底层 SST (Bot)】:
  None
📤 【输出阶段 - 生成的新冷数据 SST (New)】:
  - [ID: 001012] Size: 20517.55 KB | Range: [usertable:user0013110929 -> usertable:user0013511908]
badger 2026/04/10 16:02:39 INFO: 
🔥 [Compact-1] 层级变更: L0 -> L3
📥 【输入阶段 - 被选中的上层 SST (Top)】:
  - [ID: 001008] Size:  1866.97 KB | Range: [usertable:user0024192552 -> usertable:user0024228931]
  - [ID: 001013] Size:  1857.88 KB | Range: [usertable:user0024228921 -> usertable:user0024265417]
  - [ID: 001014] Size:  1866.68 KB | Range: [usertable:user0024265412 -> usertable:user0024301797]
  - [ID: 001015] Size:  1851.74 KB | Range: [usertable:user0024301783 -> usertable:user0024338378]
  - [ID: 001016] Size:  1861.75 KB | Range: [usertable:user0024338364 -> usertable:user0024374807]
📥 【输入阶段 - 涉及的底层 SST (Bot)】:
  - [ID: 001006] Size:  5596.08 KB | Range: [usertable:user0024083020 -> usertable:user0024192567]
📤 【输出阶段 - 生成的新冷数据 SST (New)】:
  - [ID: 001017] Size: 14900.74 KB | Range: [usertable:user0024083020 -> usertable:user0024374807]
badger 2026/04/10 16:02:41 INFO: 
🔥 [Compact-0] 层级变更: L0 -> L3
📥 【输入阶段 - 被选中的上层 SST (Top)】:
  - [ID: 001018] Size:  1858.59 KB | Range: [usertable:user0024374800 -> usertable:user0024411291]
  - [ID: 001019] Size:  1873.57 KB | Range: [usertable:user0024411282 -> usertable:user0024447559]
  - [ID: 001020] Size:  1859.91 KB | Range: [usertable:user0024447545 -> usertable:user0024484029]
  - [ID: 001021] Size:  1855.09 KB | Range: [usertable:user0024484014 -> usertable:user0024520576]
  - [ID: 001022] Size:  1870.00 KB | Range: [usertable:user0024520561 -> usertable:user0024556881]
📥 【输入阶段 - 涉及的底层 SST (Bot)】:
  - [ID: 001017] Size: 14900.74 KB | Range: [usertable:user0024083020 -> usertable:user0024374807]
📤 【输出阶段 - 生成的新冷数据 SST (New)】:
  - [ID: 001023] Size: 15856.48 KB | Range: [usertable:user0024083020 -> usertable:user0024393511]
  - [ID: 001024] Size:  8360.55 KB | Range: [usertable:user0024393512 -> usertable:user0024556881]
badger 2026/04/10 16:02:41 INFO: 
🔥 [Compact-0] 层级变更: L3 -> L4
📥 【输入阶段 - 被选中的上层 SST (Top)】:
  - [ID: 000964] Size: 15916.23 KB | Range: [usertable:user0022757363 -> usertable:user0023069990]
📥 【输入阶段 - 涉及的底层 SST (Bot)】:
  None
📤 【输出阶段 - 生成的新冷数据 SST (New)】:
  - [ID: 001025] Size: 15916.23 KB | Range: [usertable:user0022757363 -> usertable:user0023069990]
badger 2026/04/10 16:02:42 INFO: 
🔥 [Compact-3] 层级变更: L0 -> L3
📥 【输入阶段 - 被选中的上层 SST (Top)】:
  - [ID: 001026] Size:  1865.04 KB | Range: [usertable:user0024556882 -> usertable:user0024593275]
  - [ID: 001027] Size:  1857.71 KB | Range: [usertable:user0024593272 -> usertable:user0024629769]
  - [ID: 001028] Size:  1865.38 KB | Range: [usertable:user0024629763 -> usertable:user0024666160]
  - [ID: 001029] Size:  1855.67 KB | Range: [usertable:user0024666149 -> usertable:user0024702707]
  - [ID: 001030] Size:  1864.88 KB | Range: [usertable:user0024702688 -> usertable:user0024739095]
📥 【输入阶段 - 涉及的底层 SST (Bot)】:
  None
📤 【输出阶段 - 生成的新冷数据 SST (New)】:
  - [ID: 001031] Size:  9308.10 KB | Range: [usertable:user0024556882 -> usertable:user0024739095]
badger 2026/04/10 16:02:44 INFO: 
🔥 [Compact-0] 层级变更: L0 -> L3
📥 【输入阶段 - 被选中的上层 SST (Top)】:
  - [ID: 001032] Size:  1861.19 KB | Range: [usertable:user0024739083 -> usertable:user0024775536]
  - [ID: 001033] Size:  1865.48 KB | Range: [usertable:user0024775532 -> usertable:user0024811921]
  - [ID: 001034] Size:  1858.22 KB | Range: [usertable:user0024811908 -> usertable:user0024848417]
  - [ID: 001035] Size:  1862.34 KB | Range: [usertable:user0024848412 -> usertable:user0024884855]
  - [ID: 001036] Size:  1856.71 KB | Range: [usertable:user0024884843 -> usertable:user0024921374]
📥 【输入阶段 - 涉及的底层 SST (Bot)】:
  - [ID: 001031] Size:  9308.10 KB | Range: [usertable:user0024556882 -> usertable:user0024739095]
📤 【输出阶段 - 生成的新冷数据 SST (New)】:
  - [ID: 001037] Size: 15764.87 KB | Range: [usertable:user0024556882 -> usertable:user0024865573]
  - [ID: 001038] Size:  2847.08 KB | Range: [usertable:user0024865574 -> usertable:user0024921374]
badger 2026/04/10 16:02:44 INFO: 
🔥 [Compact-3] 层级变更: L3 -> L4
📥 【输入阶段 - 被选中的上层 SST (Top)】:
  - [ID: 000972] Size: 15871.56 KB | Range: [usertable:user0023069991 -> usertable:user0023381055]
📥 【输入阶段 - 涉及的底层 SST (Bot)】:
  None
📤 【输出阶段 - 生成的新冷数据 SST (New)】:
  - [ID: 001039] Size: 15871.56 KB | Range: [usertable:user0023069991 -> usertable:user0023381055]
badger 2026/04/10 16:02:44 INFO: 
🔥 [Compact-3] 层级变更: L4 -> L5
📥 【输入阶段 - 被选中的上层 SST (Top)】:
  - [ID: 000877] Size:  2650.28 KB | Range: [usertable:user0019693677 -> usertable:user0019745158]
📥 【输入阶段 - 涉及的底层 SST (Bot)】:
  None
📤 【输出阶段 - 生成的新冷数据 SST (New)】:
  - [ID: 001041] Size:  2650.28 KB | Range: [usertable:user0019693677 -> usertable:user0019745158]
badger 2026/04/10 16:02:44 INFO: 
🔥 [Compact-0] 层级变更: L4 -> L5
📥 【输入阶段 - 被选中的上层 SST (Top)】:
  - [ID: 000878] Size: 15826.07 KB | Range: [usertable:user0019745159 -> usertable:user0020054300]
📥 【输入阶段 - 涉及的底层 SST (Bot)】:
  None
📤 【输出阶段 - 生成的新冷数据 SST (New)】:
  - [ID: 001042] Size: 15826.07 KB | Range: [usertable:user0019745159 -> usertable:user0020054300]
INSERT - Takes(s): 190.0, Count: 25023859, OPS: 131704.3, Avg(us): 119, Min(us): 3, Max(us): 30079, 50th(us): 95, 90th(us): 184, 95th(us): 230, 99th(us): 484, 99.9th(us): 1203, 99.99th(us): 2451
TOTAL  - Takes(s): 190.0, Count: 25023859, OPS: 131704.3, Avg(us): 119, Min(us): 3, Max(us): 30079, 50th(us): 95, 90th(us): 184, 95th(us): 230, 99th(us): 484, 99.9th(us): 1203, 99.99th(us): 2451
badger 2026/04/10 16:02:45 INFO: 
🔥 [Compact-0] 层级变更: L0 -> L3
📥 【输入阶段 - 被选中的上层 SST (Top)】:
  - [ID: 001040] Size:  1858.70 KB | Range: [usertable:user0024921360 -> usertable:user0024957860]
  - [ID: 001043] Size:  1868.08 KB | Range: [usertable:user0024957845 -> usertable:user0024994194]
  - [ID: 001044] Size:  1857.59 KB | Range: [usertable:user0024994192 -> usertable:user0025030683]
  - [ID: 001045] Size:  1860.18 KB | Range: [usertable:user0025030681 -> usertable:user0025067148]
  - [ID: 001046] Size:  1852.98 KB | Range: [usertable:user0025067139 -> usertable:user0025103721]
📥 【输入阶段 - 涉及的底层 SST (Bot)】:
  - [ID: 001038] Size:  2847.08 KB | Range: [usertable:user0024865574 -> usertable:user0024921374]
📤 【输出阶段 - 生成的新冷数据 SST (New)】:
  - [ID: 001047] Size: 12144.00 KB | Range: [usertable:user0024865574 -> usertable:user0025103721]
badger 2026/04/10 16:02:45 INFO: 
🔥 [Compact-0] 层级变更: L3 -> L4
📥 【输入阶段 - 被选中的上层 SST (Top)】:
  - [ID: 000979] Size:  4195.56 KB | Range: [usertable:user0023381056 -> usertable:user0023463431]
📥 【输入阶段 - 涉及的底层 SST (Bot)】:
  None
📤 【输出阶段 - 生成的新冷数据 SST (New)】:
  - [ID: 001048] Size:  4195.56 KB | Range: [usertable:user0023381056 -> usertable:user0023463431]
badger 2026/04/10 16:02:45 INFO: 
🔥 [Compact-0] 层级变更: L4 -> L5
📥 【输入阶段 - 被选中的上层 SST (Top)】:
  - [ID: 000893] Size: 15949.46 KB | Range: [usertable:user0020054301 -> usertable:user0020366566]
📥 【输入阶段 - 涉及的底层 SST (Bot)】:
  None
📤 【输出阶段 - 生成的新冷数据 SST (New)】:
  - [ID: 001049] Size: 15949.46 KB | Range: [usertable:user0020054301 -> usertable:user0020366566]
badger 2026/04/10 16:02:45 INFO: 
🔥 [Compact-0] 层级变更: L5 -> L6
📥 【输入阶段 - 被选中的上层 SST (Top)】:
  - [ID: 000662] Size:  5599.13 KB | Range: [usertable:user0013511909 -> usertable:user0013621209]
📥 【输入阶段 - 涉及的底层 SST (Bot)】:
  None
📤 【输出阶段 - 生成的新冷数据 SST (New)】:
  - [ID: 001051] Size:  5599.13 KB | Range: [usertable:user0013511909 -> usertable:user0013621209]
badger 2026/04/10 16:02:46 INFO: 
🔥 [Compact-0] 层级变更: L0 -> L3
📥 【输入阶段 - 被选中的上层 SST (Top)】:
  - [ID: 001050] Size:  1848.11 KB | Range: [usertable:user0025103711 -> usertable:user0025140361]
  - [ID: 001052] Size:  1858.02 KB | Range: [usertable:user0025140349 -> usertable:user0025176851]
  - [ID: 001053] Size:  1866.69 KB | Range: [usertable:user0025176847 -> usertable:user0025213222]
  - [ID: 001054] Size:  1855.86 KB | Range: [usertable:user0025213213 -> usertable:user0025249748]
  - [ID: 001055] Size:  1865.85 KB | Range: [usertable:user0025249742 -> usertable:user0025286126]
📥 【输入阶段 - 涉及的底层 SST (Bot)】:
  - [ID: 001047] Size: 12144.00 KB | Range: [usertable:user0024865574 -> usertable:user0025103721]
📤 【输出阶段 - 生成的新冷数据 SST (New)】:
  - [ID: 001056] Size: 15873.75 KB | Range: [usertable:user0024865574 -> usertable:user0025177326]
  - [ID: 001057] Size:  5564.25 KB | Range: [usertable:user0025177327 -> usertable:user0025286126]
badger 2026/04/10 16:02:47 INFO: 
🔥 [Compact-3] 层级变更: L3 -> L4
📥 【输入阶段 - 被选中的上层 SST (Top)】:
  - [ID: 000990] Size: 15830.02 KB | Range: [usertable:user0023463432 -> usertable:user0023773787]
📥 【输入阶段 - 涉及的底层 SST (Bot)】:
  None
📤 【输出阶段 - 生成的新冷数据 SST (New)】:
  - [ID: 001058] Size: 15830.02 KB | Range: [usertable:user0023463432 -> usertable:user0023773787]
badger 2026/04/10 16:02:48 INFO: 
🔥 [Compact-3] 层级变更: L0 -> L3
📥 【输入阶段 - 被选中的上层 SST (Top)】:
  - [ID: 001059] Size:  1861.48 KB | Range: [usertable:user0025286112 -> usertable:user0025322567]
  - [ID: 001060] Size:  1859.46 KB | Range: [usertable:user0025322555 -> usertable:user0025359045]
  - [ID: 001061] Size:  1858.99 KB | Range: [usertable:user0025359042 -> usertable:user0025395513]
  - [ID: 001062] Size:  1858.53 KB | Range: [usertable:user0025395511 -> usertable:user0025432005]
  - [ID: 001063] Size:  1858.52 KB | Range: [usertable:user0025431996 -> usertable:user0025468495]
📥 【输入阶段 - 涉及的底层 SST (Bot)】:
  - [ID: 001057] Size:  5564.25 KB | Range: [usertable:user0025177327 -> usertable:user0025286126]
📤 【输出阶段 - 生成的新冷数据 SST (New)】:
  - [ID: 001064] Size: 14859.51 KB | Range: [usertable:user0025177327 -> usertable:user0025468495]
badger 2026/04/10 16:02:49 INFO: 
🔥 [Compact-3] 层级变更: L0 -> L3
📥 【输入阶段 - 被选中的上层 SST (Top)】:
  - [ID: 001065] Size:  1861.35 KB | Range: [usertable:user0025468480 -> usertable:user0025504925]
📥 【输入阶段 - 涉及的底层 SST (Bot)】:
  - [ID: 001064] Size: 14859.51 KB | Range: [usertable:user0025177327 -> usertable:user0025468495]
📤 【输出阶段 - 生成的新冷数据 SST (New)】:
  - [ID: 001070] Size: 15767.78 KB | Range: [usertable:user0025177327 -> usertable:user0025486286]
  - [ID: 001071] Size:   953.07 KB | Range: [usertable:user0025486287 -> usertable:user0025504925]
badger 2026/04/10 16:02:49 INFO: 
🔥 [Compact-0] 层级变更: L3 -> L4
📥 【输入阶段 - 被选中的上层 SST (Top)】:
  - [ID: 001005] Size: 15778.74 KB | Range: [usertable:user0023773788 -> usertable:user0024083019]
📥 【输入阶段 - 涉及的底层 SST (Bot)】:
  None
📤 【输出阶段 - 生成的新冷数据 SST (New)】:
  - [ID: 001072] Size: 15778.74 KB | Range: [usertable:user0023773788 -> usertable:user0024083019]
badger 2026/04/10 16:02:49 INFO: 
🔥 [Compact-2] 层级变更: L0 -> L3
📥 【输入阶段 - 被选中的上层 SST (Top)】:
  - [ID: 001066] Size:  1847.83 KB | Range: [usertable:user0025504926 -> usertable:user0025541579]
  - [ID: 001067] Size:  1861.88 KB | Range: [usertable:user0025541567 -> usertable:user0025578003]
📥 【输入阶段 - 涉及的底层 SST (Bot)】:
  None
📤 【输出阶段 - 生成的新冷数据 SST (New)】:
  - [ID: 001075] Size:  3709.24 KB | Range: [usertable:user0025504926 -> usertable:user0025578003]
badger 2026/04/10 16:02:49 INFO: 
🔥 [Compact-1] 层级变更: L4 -> L5
📥 【输入阶段 - 被选中的上层 SST (Top)】:
  - [ID: 000908] Size:  7327.32 KB | Range: [usertable:user0020366567 -> usertable:user0020510218]
📥 【输入阶段 - 涉及的底层 SST (Bot)】:
  None
📤 【输出阶段 - 生成的新冷数据 SST (New)】:
  - [ID: 001074] Size:  7327.32 KB | Range: [usertable:user0020366567 -> usertable:user0020510218]
badger 2026/04/10 16:02:49 INFO: 
🔥 [Compact-0] 层级变更: L4 -> L5
📥 【输入阶段 - 被选中的上层 SST (Top)】:
  - [ID: 000917] Size: 15896.65 KB | Range: [usertable:user0020510219 -> usertable:user0020821402]
📥 【输入阶段 - 涉及的底层 SST (Bot)】:
  None
📤 【输出阶段 - 生成的新冷数据 SST (New)】:
  - [ID: 001076] Size: 15896.65 KB | Range: [usertable:user0020510219 -> usertable:user0020821402]
badger 2026/04/10 16:02:50 INFO: 
🔥 [Compact-2] 层级变更: L5 -> L6
📥 【输入阶段 - 被选中的上层 SST (Top)】:
  - [ID: 000670] Size: 29877.15 KB | Range: [usertable:user0013621210 -> usertable:user0014203979]
📥 【输入阶段 - 涉及的底层 SST (Bot)】:
  None
📤 【输出阶段 - 生成的新冷数据 SST (New)】:
  - [ID: 001077] Size: 29877.15 KB | Range: [usertable:user0013621210 -> usertable:user0014203979]
badger 2026/04/10 16:02:50 INFO: 
🔥 [Compact-0] 层级变更: L0 -> L3
📥 【输入阶段 - 被选中的上层 SST (Top)】:
  - [ID: 001068] Size:  1860.96 KB | Range: [usertable:user0025578004 -> usertable:user0025614455]
  - [ID: 001069] Size:  1856.27 KB | Range: [usertable:user0025614451 -> usertable:user0025650974]
  - [ID: 001073] Size:  1857.94 KB | Range: [usertable:user0025650956 -> usertable:user0025687477]
  - [ID: 001078] Size:  1852.92 KB | Range: [usertable:user0025687468 -> usertable:user0025724046]
  - [ID: 001079] Size:  1858.31 KB | Range: [usertable:user0025724035 -> usertable:user0025760522]
📥 【输入阶段 - 涉及的底层 SST (Bot)】:
  None
📤 【输出阶段 - 生成的新冷数据 SST (New)】:
  - [ID: 001080] Size:  9285.81 KB | Range: [usertable:user0025578004 -> usertable:user0025760522]
badger 2026/04/10 16:02:51 INFO: 
🔥 [Compact-2] 层级变更: L0 -> L3
📥 【输入阶段 - 被选中的上层 SST (Top)】:
  - [ID: 001081] Size:  1861.87 KB | Range: [usertable:user0025760519 -> usertable:user0025796966]
  - [ID: 001082] Size:  1854.33 KB | Range: [usertable:user0025796957 -> usertable:user0025833517]
  - [ID: 001083] Size:  1867.21 KB | Range: [usertable:user0025833505 -> usertable:user0025869872]
  - [ID: 001084] Size:  1860.48 KB | Range: [usertable:user0025869870 -> usertable:user0025906328]
  - [ID: 001085] Size:  1860.72 KB | Range: [usertable:user0025906321 -> usertable:user0025942788]
📥 【输入阶段 - 涉及的底层 SST (Bot)】:
  - [ID: 001080] Size:  9285.81 KB | Range: [usertable:user0025578004 -> usertable:user0025760522]
📤 【输出阶段 - 生成的新冷数据 SST (New)】:
  - [ID: 001086] Size: 15763.95 KB | Range: [usertable:user0025578004 -> usertable:user0025887419]
  - [ID: 001087] Size:  2825.16 KB | Range: [usertable:user0025887420 -> usertable:user0025942788]
badger 2026/04/10 16:02:52 INFO: 
🔥 [Compact-2] 层级变更: L3 -> L4
📥 【输入阶段 - 被选中的上层 SST (Top)】:
  - [ID: 001023] Size: 15856.48 KB | Range: [usertable:user0024083020 -> usertable:user0024393511]
📥 【输入阶段 - 涉及的底层 SST (Bot)】:
  None
📤 【输出阶段 - 生成的新冷数据 SST (New)】:
  - [ID: 001088] Size: 15856.48 KB | Range: [usertable:user0024083020 -> usertable:user0024393511]
badger 2026/04/10 16:02:52 INFO: 
🔥 [Compact-2] 层级变更: L4 -> L5
📥 【输入阶段 - 被选中的上层 SST (Top)】:
  - [ID: 000932] Size:  6435.38 KB | Range: [usertable:user0020821403 -> usertable:user0020947567]
📥 【输入阶段 - 涉及的底层 SST (Bot)】:
  None
📤 【输出阶段 - 生成的新冷数据 SST (New)】:
  - [ID: 001090] Size:  6435.38 KB | Range: [usertable:user0020821403 -> usertable:user0020947567]
badger 2026/04/10 16:02:53 INFO: 
🔥 [Compact-3] 层级变更: L0 -> L3
📥 【输入阶段 - 被选中的上层 SST (Top)】:
  - [ID: 001089] Size:  1860.49 KB | Range: [usertable:user0025942786 -> usertable:user0025979262]
  - [ID: 001091] Size:  1854.66 KB | Range: [usertable:user0025979251 -> usertable:user0026015804]
  - [ID: 001092] Size:  1862.35 KB | Range: [usertable:user0026015796 -> usertable:user0026052230]
  - [ID: 001093] Size:  1851.36 KB | Range: [usertable:user0026052225 -> usertable:user0026088825]
📥 【输入阶段 - 涉及的底层 SST (Bot)】:
  - [ID: 001087] Size:  2825.16 KB | Range: [usertable:user0025887420 -> usertable:user0025942788]
📤 【输出阶段 - 生成的新冷数据 SST (New)】:
  - [ID: 001095] Size: 10253.44 KB | Range: [usertable:user0025887420 -> usertable:user0026088825]
badger 2026/04/10 16:02:54 INFO: 
🔥 [Compact-0] 层级变更: L0 -> L3
📥 【输入阶段 - 被选中的上层 SST (Top)】:
  - [ID: 001094] Size:  1861.74 KB | Range: [usertable:user0026088826 -> usertable:user0026125274]
  - [ID: 001096] Size:  1861.65 KB | Range: [usertable:user0026125266 -> usertable:user0026161708]
  - [ID: 001097] Size:  1857.54 KB | Range: [usertable:user0026161702 -> usertable:user0026198211]
  - [ID: 001098] Size:  1866.78 KB | Range: [usertable:user0026198196 -> usertable:user0026234579]
  - [ID: 001099] Size:  1864.14 KB | Range: [usertable:user0026234571 -> usertable:user0026270974]
📥 【输入阶段 - 涉及的底层 SST (Bot)】:
  None
📤 【输出阶段 - 生成的新冷数据 SST (New)】:
  - [ID: 001100] Size:  9311.37 KB | Range: [usertable:user0026088826 -> usertable:user0026270974]
badger 2026/04/10 16:02:54 INFO: 
🔥 [Compact-0] 层级变更: L3 -> L4
📥 【输入阶段 - 被选中的上层 SST (Top)】:
  - [ID: 001024] Size:  8360.55 KB | Range: [usertable:user0024393512 -> usertable:user0024556881]
📥 【输入阶段 - 涉及的底层 SST (Bot)】:
  None
📤 【输出阶段 - 生成的新冷数据 SST (New)】:
  - [ID: 001101] Size:  8360.55 KB | Range: [usertable:user0024393512 -> usertable:user0024556881]
badger 2026/04/10 16:02:54 INFO: 
🔥 [Compact-0] 层级变更: L4 -> L5
📥 【输入阶段 - 被选中的上层 SST (Top)】:
  - [ID: 000940] Size:  5581.06 KB | Range: [usertable:user0020947568 -> usertable:user0021056940]
📥 【输入阶段 - 涉及的底层 SST (Bot)】:
  None
📤 【输出阶段 - 生成的新冷数据 SST (New)】:
  - [ID: 001102] Size:  5581.06 KB | Range: [usertable:user0020947568 -> usertable:user0021056940]
INSERT - Takes(s): 200.0, Count: 26321463, OPS: 131607.2, Avg(us): 119, Min(us): 3, Max(us): 30079, 50th(us): 95, 90th(us): 184, 95th(us): 230, 99th(us): 484, 99.9th(us): 1199, 99.99th(us): 2445
TOTAL  - Takes(s): 200.0, Count: 26321463, OPS: 131607.1, Avg(us): 119, Min(us): 3, Max(us): 30079, 50th(us): 95, 90th(us): 184, 95th(us): 230, 99th(us): 484, 99.9th(us): 1199, 99.99th(us): 2445
badger 2026/04/10 16:02:55 INFO: 
🔥 [Compact-0] 层级变更: L0 -> L3
📥 【输入阶段 - 被选中的上层 SST (Top)】:
  - [ID: 001103] Size:  1857.16 KB | Range: [usertable:user0026270972 -> usertable:user0026307492]
  - [ID: 001104] Size:  1859.13 KB | Range: [usertable:user0026307476 -> usertable:user0026343956]
  - [ID: 001105] Size:  1859.09 KB | Range: [usertable:user0026343943 -> usertable:user0026380426]
  - [ID: 001106] Size:  1868.86 KB | Range: [usertable:user0026380417 -> usertable:user0026416760]
  - [ID: 001107] Size:  1858.03 KB | Range: [usertable:user0026416745 -> usertable:user0026453257]
📥 【输入阶段 - 涉及的底层 SST (Bot)】:
  - [ID: 001100] Size:  9311.37 KB | Range: [usertable:user0026088826 -> usertable:user0026270974]
📤 【输出阶段 - 生成的新冷数据 SST (New)】:
  - [ID: 001108] Size: 15881.97 KB | Range: [usertable:user0026088826 -> usertable:user0026399718]
  - [ID: 001109] Size:  2732.52 KB | Range: [usertable:user0026399719 -> usertable:user0026453257]
badger 2026/04/10 16:02:55 INFO: 
🔥 [Compact-0] 层级变更: L3 -> L4
📥 【输入阶段 - 被选中的上层 SST (Top)】:
  - [ID: 001037] Size: 15764.87 KB | Range: [usertable:user0024556882 -> usertable:user0024865573]
📥 【输入阶段 - 涉及的底层 SST (Bot)】:
  None
📤 【输出阶段 - 生成的新冷数据 SST (New)】:
  - [ID: 001110] Size: 15764.87 KB | Range: [usertable:user0024556882 -> usertable:user0024865573]
badger 2026/04/10 16:02:56 INFO: 
🔥 [Compact-0] 层级变更: L4 -> L5
📥 【输入阶段 - 被选中的上层 SST (Top)】:
  - [ID: 000941] Size:  7436.73 KB | Range: [usertable:user0021056941 -> usertable:user0021202844]
📥 【输入阶段 - 涉及的底层 SST (Bot)】:
  None
📤 【输出阶段 - 生成的新冷数据 SST (New)】:
  - [ID: 001112] Size:  7436.73 KB | Range: [usertable:user0021056941 -> usertable:user0021202844]
badger 2026/04/10 16:02:56 INFO: 
🔥 [Compact-2] 层级变更: L4 -> L5
📥 【输入阶段 - 被选中的上层 SST (Top)】:
  - [ID: 000949] Size: 15766.71 KB | Range: [usertable:user0021202845 -> usertable:user0021511227]
📥 【输入阶段 - 涉及的底层 SST (Bot)】:
  None
📤 【输出阶段 - 生成的新冷数据 SST (New)】:
  - [ID: 001113] Size: 15766.71 KB | Range: [usertable:user0021202845 -> usertable:user0021511227]
badger 2026/04/10 16:02:56 INFO: 
🔥 [Compact-2] 层级变更: L5 -> L6
📥 【输入阶段 - 被选中的上层 SST (Top)】:
  - [ID: 000697] Size: 11193.91 KB | Range: [usertable:user0014203980 -> usertable:user0014422680]
📥 【输入阶段 - 涉及的底层 SST (Bot)】:
  None
📤 【输出阶段 - 生成的新冷数据 SST (New)】:
  - [ID: 001114] Size: 11193.91 KB | Range: [usertable:user0014203980 -> usertable:user0014422680]
badger 2026/04/10 16:02:57 INFO: 
🔥 [Compact-0] 层级变更: L0 -> L3
📥 【输入阶段 - 被选中的上层 SST (Top)】:
  - [ID: 001111] Size:  1862.34 KB | Range: [usertable:user0026453247 -> usertable:user0026489680]
  - [ID: 001115] Size:  1860.72 KB | Range: [usertable:user0026489673 -> usertable:user0026526128]
📥 【输入阶段 - 涉及的底层 SST (Bot)】:
  - [ID: 001109] Size:  2732.52 KB | Range: [usertable:user0026399719 -> usertable:user0026453257]
📤 【输出阶段 - 生成的新冷数据 SST (New)】:
  - [ID: 001119] Size:  6454.90 KB | Range: [usertable:user0026399719 -> usertable:user0026526128]
badger 2026/04/10 16:02:57 INFO: 
🔥 [Compact-0] 层级变更: L0 -> L3
📥 【输入阶段 - 被选中的上层 SST (Top)】:
  - [ID: 001116] Size:  1873.32 KB | Range: [usertable:user0026526129 -> usertable:user0026562400]
  - [ID: 001117] Size:  1856.92 KB | Range: [usertable:user0026562395 -> usertable:user0026598907]
  - [ID: 001118] Size:  1871.56 KB | Range: [usertable:user0026598899 -> usertable:user0026635203]
📥 【输入阶段 - 涉及的底层 SST (Bot)】:
  None
📤 【输出阶段 - 生成的新冷数据 SST (New)】:
  - [ID: 001122] Size:  5601.25 KB | Range: [usertable:user0026526129 -> usertable:user0026635203]
badger 2026/04/10 16:02:58 INFO: 
🔥 [Compact-0] 层级变更: L0 -> L3
📥 【输入阶段 - 被选中的上层 SST (Top)】:
  - [ID: 001120] Size:  1868.89 KB | Range: [usertable:user0026635204 -> usertable:user0026671547]
  - [ID: 001121] Size:  1858.33 KB | Range: [usertable:user0026671540 -> usertable:user0026708032]
  - [ID: 001123] Size:  1861.51 KB | Range: [usertable:user0026708026 -> usertable:user0026744479]
  - [ID: 001124] Size:  1856.49 KB | Range: [usertable:user0026744471 -> usertable:user0026781006]
  - [ID: 001125] Size:  1862.76 KB | Range: [usertable:user0026780993 -> usertable:user0026817427]
📥 【输入阶段 - 涉及的底层 SST (Bot)】:
  None
📤 【输出阶段 - 生成的新冷数据 SST (New)】:
  - [ID: 001126] Size:  9308.05 KB | Range: [usertable:user0026635204 -> usertable:user0026817427]
badger 2026/04/10 16:02:58 INFO: 
🔥 [Compact-0] 层级变更: L3 -> L4
📥 【输入阶段 - 被选中的上层 SST (Top)】:
  - [ID: 001056] Size: 15873.75 KB | Range: [usertable:user0024865574 -> usertable:user0025177326]
📥 【输入阶段 - 涉及的底层 SST (Bot)】:
  None
📤 【输出阶段 - 生成的新冷数据 SST (New)】:
  - [ID: 001127] Size: 15873.75 KB | Range: [usertable:user0024865574 -> usertable:user0025177326]
badger 2026/04/10 16:02:58 INFO: 
🔥 [Compact-0] 层级变更: L4 -> L5
📥 【输入阶段 - 被选中的上层 SST (Top)】:
  - [ID: 000966] Size: 15809.07 KB | Range: [usertable:user0021511228 -> usertable:user0021820841]
📥 【输入阶段 - 涉及的底层 SST (Bot)】:
  None
📤 【输出阶段 - 生成的新冷数据 SST (New)】:
  - [ID: 001129] Size: 15809.07 KB | Range: [usertable:user0021511228 -> usertable:user0021820841]
badger 2026/04/10 16:02:59 INFO: 
🔥 [Compact-0] 层级变更: L5 -> L6
📥 【输入阶段 - 被选中的上层 SST (Top)】:
  - [ID: 000708] Size: 31648.61 KB | Range: [usertable:user0014422681 -> usertable:user0015040083]
📥 【输入阶段 - 涉及的底层 SST (Bot)】:
  None
📤 【输出阶段 - 生成的新冷数据 SST (New)】:
  - [ID: 001130] Size: 31648.61 KB | Range: [usertable:user0014422681 -> usertable:user0015040083]
badger 2026/04/10 16:03:00 INFO: 
🔥 [Compact-3] 层级变更: L0 -> L3
📥 【输入阶段 - 被选中的上层 SST (Top)】:
  - [ID: 001128] Size:  1863.71 KB | Range: [usertable:user0026817413 -> usertable:user0026853820]
📥 【输入阶段 - 涉及的底层 SST (Bot)】:
  - [ID: 001126] Size:  9308.05 KB | Range: [usertable:user0026635204 -> usertable:user0026817427]
📤 【输出阶段 - 生成的新冷数据 SST (New)】:
  - [ID: 001135] Size: 11171.39 KB | Range: [usertable:user0026635204 -> usertable:user0026853820]
badger 2026/04/10 16:03:00 INFO: 
🔥 [Compact-3] 层级变更: L0 -> L3
📥 【输入阶段 - 被选中的上层 SST (Top)】:
  - [ID: 001131] Size:  1854.51 KB | Range: [usertable:user0026853821 -> usertable:user0026890364]
  - [ID: 001132] Size:  1861.59 KB | Range: [usertable:user0026890361 -> usertable:user0026926807]
  - [ID: 001133] Size:  1861.23 KB | Range: [usertable:user0026926799 -> usertable:user0026963258]
  - [ID: 001134] Size:  1867.65 KB | Range: [usertable:user0026963251 -> usertable:user0026999615]
  - [ID: 001136] Size:  1868.59 KB | Range: [usertable:user0026999606 -> usertable:user0027035943]
📥 【输入阶段 - 涉及的底层 SST (Bot)】:
  None
📤 【输出阶段 - 生成的新冷数据 SST (New)】:
  - [ID: 001137] Size:  9312.00 KB | Range: [usertable:user0026853821 -> usertable:user0027035943]
badger 2026/04/10 16:03:01 INFO: 
🔥 [Compact-1] 层级变更: L0 -> L3
📥 【输入阶段 - 被选中的上层 SST (Top)】:
  - [ID: 001138] Size:  1864.98 KB | Range: [usertable:user0027035937 -> usertable:user0027072339]
  - [ID: 001139] Size:  1858.96 KB | Range: [usertable:user0027072324 -> usertable:user0027108806]
  - [ID: 001140] Size:  1856.93 KB | Range: [usertable:user0027108803 -> usertable:user0027145322]
  - [ID: 001141] Size:  1861.14 KB | Range: [usertable:user0027145321 -> usertable:user0027181775]
  - [ID: 001142] Size:  1851.69 KB | Range: [usertable:user0027181763 -> usertable:user0027218361]
📥 【输入阶段 - 涉及的底层 SST (Bot)】:
  - [ID: 001137] Size:  9312.00 KB | Range: [usertable:user0026853821 -> usertable:user0027035943]
📤 【输出阶段 - 生成的新冷数据 SST (New)】:
  - [ID: 001143] Size: 15783.18 KB | Range: [usertable:user0026853821 -> usertable:user0027162751]
  - [ID: 001144] Size:  2821.24 KB | Range: [usertable:user0027162752 -> usertable:user0027218361]
badger 2026/04/10 16:03:01 INFO: 
🔥 [Compact-3] 层级变更: L3 -> L4
📥 【输入阶段 - 被选中的上层 SST (Top)】:
  - [ID: 001070] Size: 15767.78 KB | Range: [usertable:user0025177327 -> usertable:user0025486286]
📥 【输入阶段 - 涉及的底层 SST (Bot)】:
  None
📤 【输出阶段 - 生成的新冷数据 SST (New)】:
  - [ID: 001145] Size: 15767.78 KB | Range: [usertable:user0025177327 -> usertable:user0025486286]
badger 2026/04/10 16:03:03 INFO: 
🔥 [Compact-1] 层级变更: L0 -> L3
📥 【输入阶段 - 被选中的上层 SST (Top)】:
  - [ID: 001146] Size:  1859.89 KB | Range: [usertable:user0027218355 -> usertable:user0027254833]
📥 【输入阶段 - 涉及的底层 SST (Bot)】:
  - [ID: 001144] Size:  2821.24 KB | Range: [usertable:user0027162752 -> usertable:user0027218361]
📤 【输出阶段 - 生成的新冷数据 SST (New)】:
  - [ID: 001151] Size:  4680.84 KB | Range: [usertable:user0027162752 -> usertable:user0027254833]
badger 2026/04/10 16:03:03 INFO: 
🔥 [Compact-0] 层级变更: L0 -> L3
📥 【输入阶段 - 被选中的上层 SST (Top)】:
  - [ID: 001147] Size:  1861.20 KB | Range: [usertable:user0027254834 -> usertable:user0027291289]
  - [ID: 001148] Size:  1857.91 KB | Range: [usertable:user0027291285 -> usertable:user0027327789]
  - [ID: 001149] Size:  1867.88 KB | Range: [usertable:user0027327775 -> usertable:user0027364135]
  - [ID: 001150] Size:  1865.64 KB | Range: [usertable:user0027364118 -> usertable:user0027400509]
  - [ID: 001152] Size:  1869.10 KB | Range: [usertable:user0027400508 -> usertable:user0027436860]
📥 【输入阶段 - 涉及的底层 SST (Bot)】:
  None
📤 【输出阶段 - 生成的新冷数据 SST (New)】:
  - [ID: 001153] Size:  9320.94 KB | Range: [usertable:user0027254834 -> usertable:user0027436860]
badger 2026/04/10 16:03:03 INFO: 
🔥 [Compact-0] 层级变更: L3 -> L4
📥 【输入阶段 - 被选中的上层 SST (Top)】:
  - [ID: 001071] Size:   953.07 KB | Range: [usertable:user0025486287 -> usertable:user0025504925]
📥 【输入阶段 - 涉及的底层 SST (Bot)】:
  None
📤 【输出阶段 - 生成的新冷数据 SST (New)】:
  - [ID: 001154] Size:   953.07 KB | Range: [usertable:user0025486287 -> usertable:user0025504925]
badger 2026/04/10 16:03:03 INFO: 
🔥 [Compact-1] 层级变更: L3 -> L4
📥 【输入阶段 - 被选中的上层 SST (Top)】:
  - [ID: 001075] Size:  3709.24 KB | Range: [usertable:user0025504926 -> usertable:user0025578003]
📥 【输入阶段 - 涉及的底层 SST (Bot)】:
  None
📤 【输出阶段 - 生成的新冷数据 SST (New)】:
  - [ID: 001155] Size:  3709.24 KB | Range: [usertable:user0025504926 -> usertable:user0025578003]
INSERT - Takes(s): 210.0, Count: 27629856, OPS: 131570.2, Avg(us): 119, Min(us): 3, Max(us): 30079, 50th(us): 95, 90th(us): 184, 95th(us): 230, 99th(us): 485, 99.9th(us): 1196, 99.99th(us): 2415
TOTAL  - Takes(s): 210.0, Count: 27629855, OPS: 131570.1, Avg(us): 119, Min(us): 3, Max(us): 30079, 50th(us): 95, 90th(us): 184, 95th(us): 230, 99th(us): 485, 99.9th(us): 1196, 99.99th(us): 2415
badger 2026/04/10 16:03:04 INFO: 
🔥 [Compact-3] 层级变更: L0 -> L3
📥 【输入阶段 - 被选中的上层 SST (Top)】:
  - [ID: 001156] Size:  1852.71 KB | Range: [usertable:user0027436846 -> usertable:user0027473414]
  - [ID: 001157] Size:  1868.12 KB | Range: [usertable:user0027473407 -> usertable:user0027509758]
  - [ID: 001158] Size:  1857.90 KB | Range: [usertable:user0027509755 -> usertable:user0027546249]
  - [ID: 001159] Size:  1870.76 KB | Range: [usertable:user0027546245 -> usertable:user0027582550]
  - [ID: 001160] Size:  1859.31 KB | Range: [usertable:user0027582548 -> usertable:user0027619025]
📥 【输入阶段 - 涉及的底层 SST (Bot)】:
  - [ID: 001153] Size:  9320.94 KB | Range: [usertable:user0027254834 -> usertable:user0027436860]
📤 【输出阶段 - 生成的新冷数据 SST (New)】:
  - [ID: 001161] Size: 15790.25 KB | Range: [usertable:user0027254834 -> usertable:user0027563650]
  - [ID: 001162] Size:  2839.46 KB | Range: [usertable:user0027563651 -> usertable:user0027619025]
badger 2026/04/10 16:03:04 INFO: 
🔥 [Compact-1] 层级变更: L3 -> L4
📥 【输入阶段 - 被选中的上层 SST (Top)】:
  - [ID: 001086] Size: 15763.95 KB | Range: [usertable:user0025578004 -> usertable:user0025887419]
📥 【输入阶段 - 涉及的底层 SST (Bot)】:
  None
📤 【输出阶段 - 生成的新冷数据 SST (New)】:
  - [ID: 001163] Size: 15763.95 KB | Range: [usertable:user0025578004 -> usertable:user0025887419]
badger 2026/04/10 16:03:05 INFO: 
🔥 [Compact-1] 层级变更: L4 -> L5
📥 【输入阶段 - 被选中的上层 SST (Top)】:
  - [ID: 000980] Size: 15909.14 KB | Range: [usertable:user0021820842 -> usertable:user0022132809]
📥 【输入阶段 - 涉及的底层 SST (Bot)】:
  None
📤 【输出阶段 - 生成的新冷数据 SST (New)】:
  - [ID: 001165] Size: 15909.14 KB | Range: [usertable:user0021820842 -> usertable:user0022132809]
badger 2026/04/10 16:03:06 INFO: 
🔥 [Compact-0] 层级变更: L0 -> L3
📥 【输入阶段 - 被选中的上层 SST (Top)】:
  - [ID: 001164] Size:  1857.85 KB | Range: [usertable:user0027619023 -> usertable:user0027655519]
  - [ID: 001166] Size:  1854.55 KB | Range: [usertable:user0027655512 -> usertable:user0027692076]
  - [ID: 001167] Size:  1864.75 KB | Range: [usertable:user0027692060 -> usertable:user0027728463]
  - [ID: 001168] Size:  1855.56 KB | Range: [usertable:user0027728458 -> usertable:user0027765001]
  - [ID: 001169] Size:  1861.53 KB | Range: [usertable:user0027764990 -> usertable:user0027801438]
📥 【输入阶段 - 涉及的底层 SST (Bot)】:
  - [ID: 001162] Size:  2839.46 KB | Range: [usertable:user0027563651 -> usertable:user0027619025]
📤 【输出阶段 - 生成的新冷数据 SST (New)】:
  - [ID: 001170] Size: 12133.17 KB | Range: [usertable:user0027563651 -> usertable:user0027801438]
badger 2026/04/10 16:03:06 INFO: 
🔥 [Compact-0] 层级变更: L3 -> L4
📥 【输入阶段 - 被选中的上层 SST (Top)】:
  - [ID: 001095] Size: 10253.44 KB | Range: [usertable:user0025887420 -> usertable:user0026088825]
📥 【输入阶段 - 涉及的底层 SST (Bot)】:
  None
📤 【输出阶段 - 生成的新冷数据 SST (New)】:
  - [ID: 001171] Size: 10253.44 KB | Range: [usertable:user0025887420 -> usertable:user0026088825]
badger 2026/04/10 16:03:06 INFO: 
🔥 [Compact-0] 层级变更: L4 -> L5
📥 【输入阶段 - 被选中的上层 SST (Top)】:
  - [ID: 000992] Size: 15974.69 KB | Range: [usertable:user0022132810 -> usertable:user0022445750]
📥 【输入阶段 - 涉及的底层 SST (Bot)】:
  None
📤 【输出阶段 - 生成的新冷数据 SST (New)】:
  - [ID: 001172] Size: 15974.69 KB | Range: [usertable:user0022132810 -> usertable:user0022445750]
badger 2026/04/10 16:03:07 INFO: 
🔥 [Compact-1] 层级变更: L0 -> L3
📥 【输入阶段 - 被选中的上层 SST (Top)】:
  - [ID: 001173] Size:  1847.96 KB | Range: [usertable:user0027801431 -> usertable:user0027838091]
  - [ID: 001174] Size:  1866.37 KB | Range: [usertable:user0027838076 -> usertable:user0027874447]
  - [ID: 001175] Size:  1862.34 KB | Range: [usertable:user0027874436 -> usertable:user0027910867]
  - [ID: 001176] Size:  1865.00 KB | Range: [usertable:user0027910851 -> usertable:user0027947269]
  - [ID: 001177] Size:  1858.69 KB | Range: [usertable:user0027947257 -> usertable:user0027983755]
📥 【输入阶段 - 涉及的底层 SST (Bot)】:
  - [ID: 001170] Size: 12133.17 KB | Range: [usertable:user0027563651 -> usertable:user0027801438]
📤 【输出阶段 - 生成的新冷数据 SST (New)】:
  - [ID: 001178] Size: 15826.22 KB | Range: [usertable:user0027563651 -> usertable:user0027873999]
  - [ID: 001179] Size:  5606.65 KB | Range: [usertable:user0027874000 -> usertable:user0027983755]
badger 2026/04/10 16:03:07 INFO: 
🔥 [Compact-1] 层级变更: L3 -> L4
📥 【输入阶段 - 被选中的上层 SST (Top)】:
  - [ID: 001108] Size: 15881.97 KB | Range: [usertable:user0026088826 -> usertable:user0026399718]
📥 【输入阶段 - 涉及的底层 SST (Bot)】:
  None
📤 【输出阶段 - 生成的新冷数据 SST (New)】:
  - [ID: 001180] Size: 15881.97 KB | Range: [usertable:user0026088826 -> usertable:user0026399718]
badger 2026/04/10 16:03:08 INFO: 
🔥 [Compact-1] 层级变更: L4 -> L5
📥 【输入阶段 - 被选中的上层 SST (Top)】:
  - [ID: 001007] Size: 15880.98 KB | Range: [usertable:user0022445751 -> usertable:user0022757362]
📥 【输入阶段 - 涉及的底层 SST (Bot)】:
  None
📤 【输出阶段 - 生成的新冷数据 SST (New)】:
  - [ID: 001182] Size: 15880.98 KB | Range: [usertable:user0022445751 -> usertable:user0022757362]
badger 2026/04/10 16:03:08 INFO: 
🔥 [Compact-1] 层级变更: L5 -> L6
📥 【输入阶段 - 被选中的上层 SST (Top)】:
  - [ID: 000781] Size: 31567.76 KB | Range: [usertable:user0015040084 -> usertable:user0015656447]
📥 【输入阶段 - 涉及的底层 SST (Bot)】:
  None
📤 【输出阶段 - 生成的新冷数据 SST (New)】:
  - [ID: 001183] Size: 31567.76 KB | Range: [usertable:user0015040084 -> usertable:user0015656447]
badger 2026/04/10 16:03:09 INFO: 
🔥 [Compact-0] 层级变更: L0 -> L3
📥 【输入阶段 - 被选中的上层 SST (Top)】:
  - [ID: 001181] Size:  1859.64 KB | Range: [usertable:user0027983740 -> usertable:user0028020230]
  - [ID: 001184] Size:  1859.60 KB | Range: [usertable:user0028020215 -> usertable:user0028056702]
  - [ID: 001185] Size:  1859.24 KB | Range: [usertable:user0028056687 -> usertable:user0028093164]
  - [ID: 001186] Size:  1864.50 KB | Range: [usertable:user0028093152 -> usertable:user0028129562]
  - [ID: 001187] Size:  1865.22 KB | Range: [usertable:user0028129550 -> usertable:user0028165940]
📥 【输入阶段 - 涉及的底层 SST (Bot)】:
  - [ID: 001179] Size:  5606.65 KB | Range: [usertable:user0027874000 -> usertable:user0027983755]
📤 【输出阶段 - 生成的新冷数据 SST (New)】:
  - [ID: 001188] Size: 14914.59 KB | Range: [usertable:user0027874000 -> usertable:user0028165940]
badger 2026/04/10 16:03:10 INFO: 
🔥 [Compact-3] 层级变更: L0 -> L3
📥 【输入阶段 - 被选中的上层 SST (Top)】:
  - [ID: 001189] Size:  1861.72 KB | Range: [usertable:user0028165926 -> usertable:user0028202379]
  - [ID: 001190] Size:  1854.68 KB | Range: [usertable:user0028202372 -> usertable:user0028238916]
  - [ID: 001191] Size:  1849.57 KB | Range: [usertable:user0028238913 -> usertable:user0028275534]
  - [ID: 001192] Size:  1863.49 KB | Range: [usertable:user0028275518 -> usertable:user0028311938]
  - [ID: 001193] Size:  1854.02 KB | Range: [usertable:user0028311931 -> usertable:user0028348500]
📥 【输入阶段 - 涉及的底层 SST (Bot)】:
  - [ID: 001188] Size: 14914.59 KB | Range: [usertable:user0027874000 -> usertable:user0028165940]
📤 【输出阶段 - 生成的新冷数据 SST (New)】:
  - [ID: 001194] Size: 15784.81 KB | Range: [usertable:user0027874000 -> usertable:user0028182880]
  - [ID: 001195] Size:  8412.51 KB | Range: [usertable:user0028182881 -> usertable:user0028348500]
badger 2026/04/10 16:03:11 INFO: 
🔥 [Compact-3] 层级变更: L0 -> L3
📥 【输入阶段 - 被选中的上层 SST (Top)】:
  - [ID: 001196] Size:  1854.40 KB | Range: [usertable:user0028348489 -> usertable:user0028385052]
  - [ID: 001197] Size:  1853.40 KB | Range: [usertable:user0028385041 -> usertable:user0028421617]
  - [ID: 001198] Size:  1858.22 KB | Range: [usertable:user0028421606 -> usertable:user0028458108]
  - [ID: 001199] Size:  1854.10 KB | Range: [usertable:user0028458097 -> usertable:user0028494649]
  - [ID: 001200] Size:  1856.68 KB | Range: [usertable:user0028494644 -> usertable:user0028531170]
📥 【输入阶段 - 涉及的底层 SST (Bot)】:
  - [ID: 001195] Size:  8412.51 KB | Range: [usertable:user0028182881 -> usertable:user0028348500]
📤 【输出阶段 - 生成的新冷数据 SST (New)】:
  - [ID: 001201] Size: 15782.15 KB | Range: [usertable:user0028182881 -> usertable:user0028493711]
  - [ID: 001202] Size:  1906.43 KB | Range: [usertable:user0028493712 -> usertable:user0028531170]
badger 2026/04/10 16:03:12 INFO: 
🔥 [Compact-0] 层级变更: L3 -> L4
📥 【输入阶段 - 被选中的上层 SST (Top)】:
  - [ID: 001122] Size:  5601.25 KB | Range: [usertable:user0026526129 -> usertable:user0026635203]
📥 【输入阶段 - 涉及的底层 SST (Bot)】:
  None
📤 【输出阶段 - 生成的新冷数据 SST (New)】:
  - [ID: 001203] Size:  5601.25 KB | Range: [usertable:user0026526129 -> usertable:user0026635203]
badger 2026/04/10 16:03:12 INFO: 
🔥 [Compact-3] 层级变更: L3 -> L4
📥 【输入阶段 - 被选中的上层 SST (Top)】:
  - [ID: 001119] Size:  6454.90 KB | Range: [usertable:user0026399719 -> usertable:user0026526128]
📥 【输入阶段 - 涉及的底层 SST (Bot)】:
  None
📤 【输出阶段 - 生成的新冷数据 SST (New)】:
  - [ID: 001204] Size:  6454.90 KB | Range: [usertable:user0026399719 -> usertable:user0026526128]
badger 2026/04/10 16:03:13 INFO: 
🔥 [Compact-0] 层级变更: L0 -> L3
📥 【输入阶段 - 被选中的上层 SST (Top)】:
  - [ID: 001205] Size:  1864.41 KB | Range: [usertable:user0028531155 -> usertable:user0028567556]
  - [ID: 001206] Size:  1855.59 KB | Range: [usertable:user0028567550 -> usertable:user0028604083]
  - [ID: 001207] Size:  1866.38 KB | Range: [usertable:user0028604075 -> usertable:user0028640462]
  - [ID: 001208] Size:  1860.94 KB | Range: [usertable:user0028640447 -> usertable:user0028676906]
  - [ID: 001209] Size:  1867.30 KB | Range: [usertable:user0028676897 -> usertable:user0028713258]
📥 【输入阶段 - 涉及的底层 SST (Bot)】:
  - [ID: 001202] Size:  1906.43 KB | Range: [usertable:user0028493712 -> usertable:user0028531170]
📤 【输出阶段 - 生成的新冷数据 SST (New)】:
  - [ID: 001210] Size: 11219.99 KB | Range: [usertable:user0028493712 -> usertable:user0028713258]
badger 2026/04/10 16:03:13 INFO: 
🔥 [Compact-0] 层级变更: L3 -> L4
📥 【输入阶段 - 被选中的上层 SST (Top)】:
  - [ID: 001135] Size: 11171.39 KB | Range: [usertable:user0026635204 -> usertable:user0026853820]
📥 【输入阶段 - 涉及的底层 SST (Bot)】:
  None
📤 【输出阶段 - 生成的新冷数据 SST (New)】:
  - [ID: 001211] Size: 11171.39 KB | Range: [usertable:user0026635204 -> usertable:user0026853820]
badger 2026/04/10 16:03:13 INFO: 
🔥 [Compact-0] 层级变更: L4 -> L5
📥 【输入阶段 - 被选中的上层 SST (Top)】:
  - [ID: 001025] Size: 15916.23 KB | Range: [usertable:user0022757363 -> usertable:user0023069990]
📥 【输入阶段 - 涉及的底层 SST (Bot)】:
  None
📤 【输出阶段 - 生成的新冷数据 SST (New)】:
  - [ID: 001212] Size: 15916.23 KB | Range: [usertable:user0022757363 -> usertable:user0023069990]
INSERT - Takes(s): 220.0, Count: 28917558, OPS: 131443.3, Avg(us): 119, Min(us): 3, Max(us): 30079, 50th(us): 95, 90th(us): 185, 95th(us): 230, 99th(us): 486, 99.9th(us): 1195, 99.99th(us): 2445
TOTAL  - Takes(s): 220.0, Count: 28917558, OPS: 131443.3, Avg(us): 119, Min(us): 3, Max(us): 30079, 50th(us): 95, 90th(us): 185, 95th(us): 230, 99th(us): 486, 99.9th(us): 1195, 99.99th(us): 2445
badger 2026/04/10 16:03:14 INFO: 
🔥 [Compact-0] 层级变更: L0 -> L3
📥 【输入阶段 - 被选中的上层 SST (Top)】:
  - [ID: 001213] Size:  1858.80 KB | Range: [usertable:user0028713257 -> usertable:user0028749744]
  - [ID: 001214] Size:  1858.39 KB | Range: [usertable:user0028749733 -> usertable:user0028786223]
  - [ID: 001215] Size:  1850.45 KB | Range: [usertable:user0028786212 -> usertable:user0028822844]
  - [ID: 001216] Size:  1868.99 KB | Range: [usertable:user0028822832 -> usertable:user0028859184]
  - [ID: 001217] Size:  1848.86 KB | Range: [usertable:user0028859169 -> usertable:user0028895810]
📥 【输入阶段 - 涉及的底层 SST (Bot)】:
  - [ID: 001210] Size: 11219.99 KB | Range: [usertable:user0028493712 -> usertable:user0028713258]
📤 【输出阶段 - 生成的新冷数据 SST (New)】:
  - [ID: 001218] Size: 15877.84 KB | Range: [usertable:user0028493712 -> usertable:user0028804912]
  - [ID: 001219] Size:  4627.03 KB | Range: [usertable:user0028804913 -> usertable:user0028895810]
badger 2026/04/10 16:03:14 INFO: 
🔥 [Compact-0] 层级变更: L3 -> L4
📥 【输入阶段 - 被选中的上层 SST (Top)】:
  - [ID: 001143] Size: 15783.18 KB | Range: [usertable:user0026853821 -> usertable:user0027162751]
📥 【输入阶段 - 涉及的底层 SST (Bot)】:
  None
📤 【输出阶段 - 生成的新冷数据 SST (New)】:
  - [ID: 001220] Size: 15783.18 KB | Range: [usertable:user0026853821 -> usertable:user0027162751]
badger 2026/04/10 16:03:15 INFO: 
🔥 [Compact-0] 层级变更: L4 -> L5
📥 【输入阶段 - 被选中的上层 SST (Top)】:
  - [ID: 001039] Size: 15871.56 KB | Range: [usertable:user0023069991 -> usertable:user0023381055]
📥 【输入阶段 - 涉及的底层 SST (Bot)】:
  None
📤 【输出阶段 - 生成的新冷数据 SST (New)】:
  - [ID: 001222] Size: 15871.56 KB | Range: [usertable:user0023069991 -> usertable:user0023381055]
badger 2026/04/10 16:03:16 INFO: 
🔥 [Compact-0] 层级变更: L0 -> L3
📥 【输入阶段 - 被选中的上层 SST (Top)】:
  - [ID: 001221] Size:  1863.68 KB | Range: [usertable:user0028895795 -> usertable:user0028932223]
  - [ID: 001223] Size:  1851.84 KB | Range: [usertable:user0028932211 -> usertable:user0028968798]
  - [ID: 001224] Size:  1872.74 KB | Range: [usertable:user0028968789 -> usertable:user0029005071]
  - [ID: 001225] Size:  1855.84 KB | Range: [usertable:user0029005067 -> usertable:user0029041604]
  - [ID: 001226] Size:  1871.65 KB | Range: [usertable:user0029041592 -> usertable:user0029077896]
📥 【输入阶段 - 涉及的底层 SST (Bot)】:
  - [ID: 001219] Size:  4627.03 KB | Range: [usertable:user0028804913 -> usertable:user0028895810]
📤 【输出阶段 - 生成的新冷数据 SST (New)】:
  - [ID: 001227] Size: 13942.07 KB | Range: [usertable:user0028804913 -> usertable:user0029077896]
badger 2026/04/10 16:03:17 INFO: 
🔥 [Compact-0] 层级变更: L0 -> L3
📥 【输入阶段 - 被选中的上层 SST (Top)】:
  - [ID: 001228] Size:  1856.79 KB | Range: [usertable:user0029077884 -> usertable:user0029114394]
  - [ID: 001229] Size:  1856.67 KB | Range: [usertable:user0029114378 -> usertable:user0029150906]
  - [ID: 001230] Size:  1865.14 KB | Range: [usertable:user0029150891 -> usertable:user0029187277]
  - [ID: 001231] Size:  1865.39 KB | Range: [usertable:user0029187265 -> usertable:user0029223663]
  - [ID: 001232] Size:  1851.02 KB | Range: [usertable:user0029223657 -> usertable:user0029260279]
📥 【输入阶段 - 涉及的底层 SST (Bot)】:
  - [ID: 001227] Size: 13942.07 KB | Range: [usertable:user0028804913 -> usertable:user0029077896]
📤 【输出阶段 - 生成的新冷数据 SST (New)】:
  - [ID: 001233] Size: 15830.69 KB | Range: [usertable:user0028804913 -> usertable:user0029115021]
  - [ID: 001234] Size:  7406.26 KB | Range: [usertable:user0029115022 -> usertable:user0029260279]
badger 2026/04/10 16:03:17 INFO: 
🔥 [Compact-0] 层级变更: L3 -> L4
📥 【输入阶段 - 被选中的上层 SST (Top)】:
  - [ID: 001151] Size:  4680.84 KB | Range: [usertable:user0027162752 -> usertable:user0027254833]
📥 【输入阶段 - 涉及的底层 SST (Bot)】:
  None
📤 【输出阶段 - 生成的新冷数据 SST (New)】:
  - [ID: 001235] Size:  4680.84 KB | Range: [usertable:user0027162752 -> usertable:user0027254833]
badger 2026/04/10 16:03:17 INFO: 
🔥 [Compact-3] 层级变更: L3 -> L4
📥 【输入阶段 - 被选中的上层 SST (Top)】:
  - [ID: 001161] Size: 15790.25 KB | Range: [usertable:user0027254834 -> usertable:user0027563650]
📥 【输入阶段 - 涉及的底层 SST (Bot)】:
  None
📤 【输出阶段 - 生成的新冷数据 SST (New)】:
  - [ID: 001236] Size: 15790.25 KB | Range: [usertable:user0027254834 -> usertable:user0027563650]
badger 2026/04/10 16:03:17 INFO: 
🔥 [Compact-3] 层级变更: L4 -> L5
📥 【输入阶段 - 被选中的上层 SST (Top)】:
  - [ID: 001048] Size:  4195.56 KB | Range: [usertable:user0023381056 -> usertable:user0023463431]
📥 【输入阶段 - 涉及的底层 SST (Bot)】:
  None
📤 【输出阶段 - 生成的新冷数据 SST (New)】:
  - [ID: 001238] Size:  4195.56 KB | Range: [usertable:user0023381056 -> usertable:user0023463431]
badger 2026/04/10 16:03:17 INFO: 
🔥 [Compact-0] 层级变更: L4 -> L5
📥 【输入阶段 - 被选中的上层 SST (Top)】:
  - [ID: 001058] Size: 15830.02 KB | Range: [usertable:user0023463432 -> usertable:user0023773787]
📥 【输入阶段 - 涉及的底层 SST (Bot)】:
  None
📤 【输出阶段 - 生成的新冷数据 SST (New)】:
  - [ID: 001239] Size: 15830.02 KB | Range: [usertable:user0023463432 -> usertable:user0023773787]
badger 2026/04/10 16:03:18 INFO: 
🔥 [Compact-3] 层级变更: L5 -> L6
📥 【输入阶段 - 被选中的上层 SST (Top)】:
  - [ID: 000806] Size: 31692.44 KB | Range: [usertable:user0015656448 -> usertable:user0016276478]
📥 【输入阶段 - 涉及的底层 SST (Bot)】:
  None
📤 【输出阶段 - 生成的新冷数据 SST (New)】:
  - [ID: 001241] Size: 31692.44 KB | Range: [usertable:user0015656448 -> usertable:user0016276478]
badger 2026/04/10 16:03:19 INFO: 
🔥 [Compact-3] 层级变更: L0 -> L3
📥 【输入阶段 - 被选中的上层 SST (Top)】:
  - [ID: 001237] Size:  1863.40 KB | Range: [usertable:user0029260264 -> usertable:user0029296712]
  - [ID: 001240] Size:  1863.03 KB | Range: [usertable:user0029296698 -> usertable:user0029333117]
  - [ID: 001242] Size:  1861.88 KB | Range: [usertable:user0029333111 -> usertable:user0029369557]
  - [ID: 001243] Size:  1867.16 KB | Range: [usertable:user0029369555 -> usertable:user0029405959]
  - [ID: 001244] Size:  1862.94 KB | Range: [usertable:user0029405945 -> usertable:user0029442394]
📥 【输入阶段 - 涉及的底层 SST (Bot)】:
  - [ID: 001234] Size:  7406.26 KB | Range: [usertable:user0029115022 -> usertable:user0029260279]
📤 【输出阶段 - 生成的新冷数据 SST (New)】:
  - [ID: 001245] Size: 15807.70 KB | Range: [usertable:user0029115022 -> usertable:user0029424530]
  - [ID: 001246] Size:   916.21 KB | Range: [usertable:user0029424531 -> usertable:user0029442394]
badger 2026/04/10 16:03:20 INFO: 
🔥 [Compact-0] 层级变更: L0 -> L3
📥 【输入阶段 - 被选中的上层 SST (Top)】:
  - [ID: 001247] Size:  1852.00 KB | Range: [usertable:user0029442380 -> usertable:user0029478953]
  - [ID: 001248] Size:  1862.42 KB | Range: [usertable:user0029478952 -> usertable:user0029515381]
  - [ID: 001249] Size:  1863.48 KB | Range: [usertable:user0029515366 -> usertable:user0029551800]
  - [ID: 001250] Size:  1850.88 KB | Range: [usertable:user0029551785 -> usertable:user0029588398]
  - [ID: 001251] Size:  1864.57 KB | Range: [usertable:user0029588381 -> usertable:user0029624792]
📥 【输入阶段 - 涉及的底层 SST (Bot)】:
  - [ID: 001246] Size:   916.21 KB | Range: [usertable:user0029424531 -> usertable:user0029442394]
📤 【输出阶段 - 生成的新冷数据 SST (New)】:
  - [ID: 001252] Size: 10209.81 KB | Range: [usertable:user0029424531 -> usertable:user0029624792]
badger 2026/04/10 16:03:20 INFO: 
🔥 [Compact-0] 层级变更: L3 -> L4
📥 【输入阶段 - 被选中的上层 SST (Top)】:
  - [ID: 001178] Size: 15826.22 KB | Range: [usertable:user0027563651 -> usertable:user0027873999]
📥 【输入阶段 - 涉及的底层 SST (Bot)】:
  None
📤 【输出阶段 - 生成的新冷数据 SST (New)】:
  - [ID: 001253] Size: 15826.22 KB | Range: [usertable:user0027563651 -> usertable:user0027873999]
badger 2026/04/10 16:03:20 INFO: 
🔥 [Compact-0] 层级变更: L4 -> L5
📥 【输入阶段 - 被选中的上层 SST (Top)】:
  - [ID: 001072] Size: 15778.74 KB | Range: [usertable:user0023773788 -> usertable:user0024083019]
📥 【输入阶段 - 涉及的底层 SST (Bot)】:
  None
📤 【输出阶段 - 生成的新冷数据 SST (New)】:
  - [ID: 001255] Size: 15778.74 KB | Range: [usertable:user0023773788 -> usertable:user0024083019]
badger 2026/04/10 16:03:21 INFO: 
🔥 [Compact-3] 层级变更: L0 -> L3
📥 【输入阶段 - 被选中的上层 SST (Top)】:
  - [ID: 001254] Size:  1857.43 KB | Range: [usertable:user0029624784 -> usertable:user0029661287]
  - [ID: 001256] Size:  1856.63 KB | Range: [usertable:user0029661275 -> usertable:user0029697808]
  - [ID: 001257] Size:  1861.85 KB | Range: [usertable:user0029697797 -> usertable:user0029734244]
  - [ID: 001258] Size:  1854.51 KB | Range: [usertable:user0029734236 -> usertable:user0029770776]
  - [ID: 001259] Size:  1855.79 KB | Range: [usertable:user0029770773 -> usertable:user0029807295]
📥 【输入阶段 - 涉及的底层 SST (Bot)】:
  - [ID: 001252] Size: 10209.81 KB | Range: [usertable:user0029424531 -> usertable:user0029624792]
📤 【输出阶段 - 生成的新冷数据 SST (New)】:
  - [ID: 001260] Size: 15850.57 KB | Range: [usertable:user0029424531 -> usertable:user0029735558]
  - [ID: 001261] Size:  3645.12 KB | Range: [usertable:user0029735559 -> usertable:user0029807295]
**********************************************
Run finished, takes 3m48.408153008s
INSERT - Takes(s): 228.4, Count: 30000000, OPS: 131343.8, Avg(us): 119, Min(us): 3, Max(us): 30079, 50th(us): 95, 90th(us): 185, 95th(us): 231, 99th(us): 487, 99.9th(us): 1195, 99.99th(us): 2453
TOTAL  - Takes(s): 228.4, Count: 30000000, OPS: 131343.8, Avg(us): 119, Min(us): 3, Max(us): 30079, 50th(us): 95, 90th(us): 185, 95th(us): 231, 99th(us): 487, 99.9th(us): 1195, 99.99th(us): 2453
badger 2026/04/10 16:03:23 INFO: Lifetime L0 stalled for: 0s
badger 2026/04/10 16:03:23 INFO: 
🔥 [Compact-0] 层级变更: L0 -> L3
📥 【输入阶段 - 被选中的上层 SST (Top)】:
  - [ID: 001262] Size:  1853.80 KB | Range: [usertable:user0029807279 -> usertable:user0029843854]
  - [ID: 001263] Size:  1859.15 KB | Range: [usertable:user0029843841 -> usertable:user0029880330]
  - [ID: 001264] Size:  1866.43 KB | Range: [usertable:user0029880321 -> usertable:user0029916696]
  - [ID: 001265] Size:  1857.49 KB | Range: [usertable:user0029916684 -> usertable:user0029953184]
  - [ID: 001266] Size:  1859.38 KB | Range: [usertable:user0029953183 -> usertable:user0029989659]
📥 【输入阶段 - 涉及的底层 SST (Bot)】:
  - [ID: 001261] Size:  3645.12 KB | Range: [usertable:user0029735559 -> usertable:user0029807295]
📤 【输出阶段 - 生成的新冷数据 SST (New)】:
  - [ID: 001268] Size: 12940.81 KB | Range: [usertable:user0029735559 -> usertable:user0029989659]
badger 2026/04/10 16:03:23 INFO: 
🔥 [Compact-0] 层级变更: L3 -> L4
📥 【输入阶段 - 被选中的上层 SST (Top)】:
  - [ID: 001194] Size: 15784.81 KB | Range: [usertable:user0027874000 -> usertable:user0028182880]
📥 【输入阶段 - 涉及的底层 SST (Bot)】:
  None
📤 【输出阶段 - 生成的新冷数据 SST (New)】:
  - [ID: 001269] Size: 15784.81 KB | Range: [usertable:user0027874000 -> usertable:user0028182880]
badger 2026/04/10 16:03:23 INFO: 
🔥 [Compact-0] 层级变更: L4 -> L5
📥 【输入阶段 - 被选中的上层 SST (Top)】:
  - [ID: 001088] Size: 15856.48 KB | Range: [usertable:user0024083020 -> usertable:user0024393511]
📥 【输入阶段 - 涉及的底层 SST (Bot)】:
  None
📤 【输出阶段 - 生成的新冷数据 SST (New)】:
  - [ID: 001270] Size: 15856.48 KB | Range: [usertable:user0024083020 -> usertable:user0024393511]
badger 2026/04/10 16:03:23 INFO: 
Level 0 [ ]: NumTables: 01. Size: 522 KiB of 0 B. Score: 0.00->0.00 StaleData: 0 B Target FileSize: 4.0 MiB
Level 1 [ ]: NumTables: 00. Size: 0 B of 25 MiB. Score: 0.00->0.00 StaleData: 0 B Target FileSize: 4.0 MiB
Level 2 [ ]: NumTables: 00. Size: 0 B of 51 MiB. Score: 0.00->0.00 StaleData: 0 B Target FileSize: 8.0 MiB
Level 3 [B]: NumTables: 06. Size: 90 MiB of 102 MiB. Score: 0.00->0.00 StaleData: 0 B Target FileSize: 16 MiB
Level 4 [ ]: NumTables: 17. Size: 189 MiB of 203 MiB. Score: 0.00->0.00 StaleData: 0 B Target FileSize: 32 MiB
Level 5 [ ]: NumTables: 31. Size: 405 MiB of 407 MiB. Score: 0.00->0.00 StaleData: 0 B Target FileSize: 64 MiB
Level 6 [ ]: NumTables: 74. Size: 813 MiB of 813 MiB. Score: 0.00->0.00 StaleData: 0 B Target FileSize: 128 MiB
Level 99 [H]: NumTables: 00. Size: 0 B of ∞. Score: 0.00->0.00 StaleData: 0 B Target FileSize: ∞
Level Done

=======================================================
🏆 [YCSB 终极结算] 压测及引擎落盘已全部完成
=======================================================
🎯 [分母] 纯应用层逻辑写入: 1775.82 MB
💿 [分子] OS内核级物理写入: 9917.81 MB  (10399580160 Bytes)
🔥 [核弹级数据] 最终系统级写放大 (System WA): 5.58 x
>>> [PHYSICAL_IO_RESULT] 9917.81
=======================================================

>>> --- Run Phase ---
🚀 [CoreWorkload] GPD 动态 Value 开关【已开启】! (k=0.2615, sigma=25.45)
Using request distribution 'mixgraph' a keyrange of [0 29999999]
badger 2026/04/10 16:03:24 INFO: All 129 tables opened in 74ms
badger 2026/04/10 16:03:24 INFO: Discard stats nextEmptySlot: 0
badger 2026/04/10 16:03:24 INFO: Set nextTxnTs to 30000000
***************** properties *****************
"insertorder"="ordered"
"mixgraph.value_mu"="0"
"command"="run"
"table"="usertable"
"readallfields"="true"
"recordcount"="30000000"
"mixgraph.exp_a"="14.18"
"mixgraph.exp_d"="-0.08082"
"requestdistribution"="mixgraph"
"workload"="core"
"mixgraph.gpd_value"="true"
"zeropadding"="10"
"badger.num_compactors"="4"
"mixgraph.exp_c"="0.0164"
"fieldcount"="1"
"badger.valuedir"="./zzl_badger_data"
"mixgraph.key_dist_a"="0.002312"
"dotransactions"="true"
"threadcount"="16"
"fieldlength"="43 "
"badger.sync_writes"="false"
";"="requestdistribution=zipfian"
"badger.dir"="./zzl_badger_data"
"operationcount"="30000000"
"mixgraph.value_k"="0.2615"
"mixgraph.num_regions"="100"
"mixgraph.exp_b"="-2.917"
"mixgraph.key_dist_b"="0.3467"
"mixgraph.value_sigma"="25.45"
**********************************************
badger 2026/04/10 16:03:26 INFO: 
🔥 [Compact-0] 层级变更: L0 -> L3
📥 【输入阶段 - 被选中的上层 SST (Top)】:
  - [ID: 001267] Size:   522.10 KB | Range: [usertable:user0029989655 -> usertable:user0029999999]
📥 【输入阶段 - 涉及的底层 SST (Bot)】:
  - [ID: 001268] Size: 12940.81 KB | Range: [usertable:user0029735559 -> usertable:user0029989659]
📤 【输出阶段 - 生成的新冷数据 SST (New)】:
  - [ID: 001275] Size: 13462.35 KB | Range: [usertable:user0029735559 -> usertable:user0029999999]
badger 2026/04/10 16:03:28 INFO: 
🔥 [Compact-2] 层级变更: L0 -> L3
📥 【输入阶段 - 被选中的上层 SST (Top)】:
  - [ID: 001271] Size:  1886.31 KB | Range: [usertable:user0000611228 -> usertable:user0029910366]
  - [ID: 001272] Size:  1876.33 KB | Range: [usertable:user0000629323 -> usertable:user0029975426]
  - [ID: 001273] Size:  1876.62 KB | Range: [usertable:user0000481520 -> usertable:user0029959630]
  - [ID: 001274] Size:  1872.46 KB | Range: [usertable:user0000213461 -> usertable:user0029995557]
  - [ID: 001276] Size:  1881.08 KB | Range: [usertable:user0000428567 -> usertable:user0029839643]
📥 【输入阶段 - 涉及的底层 SST (Bot)】:
  - [ID: 001201] Size: 15782.15 KB | Range: [usertable:user0028182881 -> usertable:user0028493711]
  - [ID: 001218] Size: 15877.84 KB | Range: [usertable:user0028493712 -> usertable:user0028804912]
  - [ID: 001233] Size: 15830.69 KB | Range: [usertable:user0028804913 -> usertable:user0029115021]
  - [ID: 001245] Size: 15807.70 KB | Range: [usertable:user0029115022 -> usertable:user0029424530]
  - [ID: 001260] Size: 15850.57 KB | Range: [usertable:user0029424531 -> usertable:user0029735558]
  - [ID: 001275] Size: 13462.35 KB | Range: [usertable:user0029735559 -> usertable:user0029999999]
📤 【输出阶段 - 生成的新冷数据 SST (New)】:
  - [ID: 001277] Size:  1769.42 KB | Range: [usertable:user0000213461 -> usertable:user0028186842]
  - [ID: 001279] Size: 15765.82 KB | Range: [usertable:user0028186843 -> usertable:user0028497232]
  - [ID: 001281] Size: 15808.04 KB | Range: [usertable:user0028497233 -> usertable:user0028807146]
  - [ID: 001283] Size: 15713.03 KB | Range: [usertable:user0028807147 -> usertable:user0029115021]
  - [ID: 001278] Size: 15765.71 KB | Range: [usertable:user0029115022 -> usertable:user0029423703]
  - [ID: 001280] Size: 15765.11 KB | Range: [usertable:user0029423704 -> usertable:user0029733029]
  - [ID: 001282] Size: 13590.22 KB | Range: [usertable:user0029733030 -> usertable:user0029999999]
☀️ 【输出阶段 - 拦截并存入 L99 的热数据 SST (Hot)】:
  - [ID: 001284] Size:   122.37 KB | Range: [usertable:user0005420017 -> usertable:user0005659997]
badger 2026/04/10 16:03:31 INFO: 
🔥 [Compact-2] 层级变更: L0 -> L3
📥 【输入阶段 - 被选中的上层 SST (Top)】:
  - [ID: 001285] Size:  1870.36 KB | Range: [usertable:user0000609915 -> usertable:user0029975780]
  - [ID: 001286] Size:  1870.50 KB | Range: [usertable:user0000088299 -> usertable:user0029858835]
  - [ID: 001287] Size:  1885.11 KB | Range: [usertable:user0000616182 -> usertable:user0029310912]
  - [ID: 001288] Size:  1865.57 KB | Range: [usertable:user0000176873 -> usertable:user0029929745]
  - [ID: 001289] Size:  1895.13 KB | Range: [usertable:user0000419100 -> usertable:user0029926238]
📥 【输入阶段 - 涉及的底层 SST (Bot)】:
  - [ID: 001277] Size:  1769.42 KB | Range: [usertable:user0000213461 -> usertable:user0028186842]
  - [ID: 001279] Size: 15765.82 KB | Range: [usertable:user0028186843 -> usertable:user0028497232]
  - [ID: 001281] Size: 15808.04 KB | Range: [usertable:user0028497233 -> usertable:user0028807146]
  - [ID: 001283] Size: 15713.03 KB | Range: [usertable:user0028807147 -> usertable:user0029115021]
  - [ID: 001278] Size: 15765.71 KB | Range: [usertable:user0029115022 -> usertable:user0029423703]
  - [ID: 001280] Size: 15765.11 KB | Range: [usertable:user0029423704 -> usertable:user0029733029]
  - [ID: 001282] Size: 13590.22 KB | Range: [usertable:user0029733030 -> usertable:user0029999999]
📤 【输出阶段 - 生成的新冷数据 SST (New)】:
  - [ID: 001290] Size:  2014.91 KB | Range: [usertable:user0000088299 -> usertable:user0028185029]
  - [ID: 001293] Size: 15776.60 KB | Range: [usertable:user0028185030 -> usertable:user0028495634]
  - [ID: 001295] Size: 15805.46 KB | Range: [usertable:user0028495635 -> usertable:user0028805506]
  - [ID: 001296] Size:    86.60 KB | Range: [usertable:user0028805507 -> usertable:user0028807146]
  - [ID: 001292] Size: 15816.89 KB | Range: [usertable:user0028807147 -> usertable:user0029117067]
  - [ID: 001294] Size: 15775.73 KB | Range: [usertable:user0029117068 -> usertable:user0029425927]
  - [ID: 001298] Size: 15650.33 KB | Range: [usertable:user0029425928 -> usertable:user0029733029]
  - [ID: 001291] Size: 13590.15 KB | Range: [usertable:user0029733030 -> usertable:user0029999999]
☀️ 【输出阶段 - 拦截并存入 L99 的热数据 SST (Hot)】:
  - [ID: 001297] Size:   168.46 KB | Range: [usertable:user0005420017 -> usertable:user0005659997]
READ   - Takes(s): 10.0, Count: 63841, OPS: 6384.8, Avg(us): 200, Min(us): 2, Max(us): 54303, 50th(us): 182, 90th(us): 359, 95th(us): 439, 99th(us): 645, 99.9th(us): 1375, 99.99th(us): 10431
TOTAL  - Takes(s): 10.0, Count: 634378, OPS: 63442.8, Avg(us): 246, Min(us): 2, Max(us): 64255, 50th(us): 218, 90th(us): 420, 95th(us): 515, 99th(us): 781, 99.9th(us): 1767, 99.99th(us): 36671
UPDATE - Takes(s): 10.0, Count: 570537, OPS: 57058.9, Avg(us): 252, Min(us): 4, Max(us): 64255, 50th(us): 221, 90th(us): 426, 95th(us): 522, 99th(us): 790, 99.9th(us): 1791, 99.99th(us): 36767
UPDATE_ERROR - Takes(s): 10.0, Count: 5831, OPS: 583.9, Avg(us): 230, Min(us): 12, Max(us): 1925, 50th(us): 217, 90th(us): 388, 95th(us): 476, 99th(us): 708, 99.9th(us): 1283, 99.99th(us): 1543
badger 2026/04/10 16:03:34 INFO: 
🔥 [Compact-3] 层级变更: L0 -> L3
📥 【输入阶段 - 被选中的上层 SST (Top)】:
  - [ID: 001299] Size:  1885.24 KB | Range: [usertable:user0000621921 -> usertable:user0029977222]
  - [ID: 001300] Size:  1877.97 KB | Range: [usertable:user0000608737 -> usertable:user0029879627]
  - [ID: 001301] Size:  1862.58 KB | Range: [usertable:user0000045627 -> usertable:user0029744812]
  - [ID: 001302] Size:  1879.49 KB | Range: [usertable:user0000602245 -> usertable:user0029887269]
  - [ID: 001303] Size:  1890.53 KB | Range: [usertable:user0000034589 -> usertable:user0029950221]
📥 【输入阶段 - 涉及的底层 SST (Bot)】:
  - [ID: 001290] Size:  2014.91 KB | Range: [usertable:user0000088299 -> usertable:user0028185029]
  - [ID: 001293] Size: 15776.60 KB | Range: [usertable:user0028185030 -> usertable:user0028495634]
  - [ID: 001295] Size: 15805.46 KB | Range: [usertable:user0028495635 -> usertable:user0028805506]
  - [ID: 001296] Size:    86.60 KB | Range: [usertable:user0028805507 -> usertable:user0028807146]
  - [ID: 001292] Size: 15816.89 KB | Range: [usertable:user0028807147 -> usertable:user0029117067]
  - [ID: 001294] Size: 15775.73 KB | Range: [usertable:user0029117068 -> usertable:user0029425927]
  - [ID: 001298] Size: 15650.33 KB | Range: [usertable:user0029425928 -> usertable:user0029733029]
  - [ID: 001291] Size: 13590.15 KB | Range: [usertable:user0029733030 -> usertable:user0029999999]
📤 【输出阶段 - 生成的新冷数据 SST (New)】:
  - [ID: 001304] Size:  2370.28 KB | Range: [usertable:user0000034589 -> usertable:user0028184864]
  - [ID: 001307] Size: 15774.43 KB | Range: [usertable:user0028184865 -> usertable:user0028495451]
  - [ID: 001311] Size: 15802.87 KB | Range: [usertable:user0028495452 -> usertable:user0028805291]
  - [ID: 001312] Size:    12.55 KB | Range: [usertable:user0028805292 -> usertable:user0028805506]
  - [ID: 001305] Size: 15770.96 KB | Range: [usertable:user0028805507 -> usertable:user0029114455]
  - [ID: 001309] Size: 15778.85 KB | Range: [usertable:user0029114456 -> usertable:user0029423410]
  - [ID: 001310] Size:   129.49 KB | Range: [usertable:user0029423411 -> usertable:user0029425927]
  - [ID: 001306] Size: 15830.48 KB | Range: [usertable:user0029425928 -> usertable:user0029736605]
  - [ID: 001308] Size: 13409.90 KB | Range: [usertable:user0029736606 -> usertable:user0029999999]
☀️ 【输出阶段 - 拦截并存入 L99 的热数据 SST (Hot)】:
  - [ID: 001313] Size:    76.98 KB | Range: [usertable:user0005421004 -> usertable:user0005693993]
badger 2026/04/10 16:03:37 INFO: 
🔥 [Compact-0] 层级变更: L0 -> L3
📥 【输入阶段 - 被选中的上层 SST (Top)】:
  - [ID: 001314] Size:  1871.10 KB | Range: [usertable:user0000627814 -> usertable:user0029956411]
  - [ID: 001315] Size:  1885.87 KB | Range: [usertable:user0000315147 -> usertable:user0029970640]
  - [ID: 001316] Size:  1878.41 KB | Range: [usertable:user0000624125 -> usertable:user0028190088]
  - [ID: 001317] Size:  1894.67 KB | Range: [usertable:user0000614500 -> usertable:user0029939398]
  - [ID: 001318] Size:  1872.05 KB | Range: [usertable:user0000609748 -> usertable:user0029891082]
📥 【输入阶段 - 涉及的底层 SST (Bot)】:
  - [ID: 001304] Size:  2370.28 KB | Range: [usertable:user0000034589 -> usertable:user0028184864]
  - [ID: 001307] Size: 15774.43 KB | Range: [usertable:user0028184865 -> usertable:user0028495451]
  - [ID: 001311] Size: 15802.87 KB | Range: [usertable:user0028495452 -> usertable:user0028805291]
  - [ID: 001312] Size:    12.55 KB | Range: [usertable:user0028805292 -> usertable:user0028805506]
  - [ID: 001305] Size: 15770.96 KB | Range: [usertable:user0028805507 -> usertable:user0029114455]
  - [ID: 001309] Size: 15778.85 KB | Range: [usertable:user0029114456 -> usertable:user0029423410]
  - [ID: 001310] Size:   129.49 KB | Range: [usertable:user0029423411 -> usertable:user0029425927]
  - [ID: 001306] Size: 15830.48 KB | Range: [usertable:user0029425928 -> usertable:user0029736605]
  - [ID: 001308] Size: 13409.90 KB | Range: [usertable:user0029736606 -> usertable:user0029999999]
📤 【输出阶段 - 生成的新冷数据 SST (New)】:
  - [ID: 001319] Size:  2499.69 KB | Range: [usertable:user0000034589 -> usertable:user0028185388]
  - [ID: 001322] Size: 15779.18 KB | Range: [usertable:user0028185389 -> usertable:user0028496015]
  - [ID: 001325] Size: 15773.88 KB | Range: [usertable:user0028496016 -> usertable:user0028805291]
  - [ID: 001321] Size: 15810.22 KB | Range: [usertable:user0028805292 -> usertable:user0029114989]
  - [ID: 001324] Size: 15751.94 KB | Range: [usertable:user0029114990 -> usertable:user0029423410]
  - [ID: 001320] Size: 15800.16 KB | Range: [usertable:user0029423411 -> usertable:user0029733419]
  - [ID: 001323] Size: 13569.92 KB | Range: [usertable:user0029733420 -> usertable:user0029999999]
☀️ 【输出阶段 - 拦截并存入 L99 的热数据 SST (Hot)】:
  - [ID: 001326] Size:   194.47 KB | Range: [usertable:user0005402008 -> usertable:user0005699991]
badger 2026/04/10 16:03:40 INFO: 
🔥 [Compact-0] 层级变更: L0 -> L3
📥 【输入阶段 - 被选中的上层 SST (Top)】:
  - [ID: 001327] Size:  1886.85 KB | Range: [usertable:user0000615113 -> usertable:user0029276518]
  - [ID: 001328] Size:  1869.21 KB | Range: [usertable:user0000258577 -> usertable:user0029931259]
  - [ID: 001329] Size:  1863.83 KB | Range: [usertable:user0000378746 -> usertable:user0029935072]
  - [ID: 001330] Size:  1894.33 KB | Range: [usertable:user0000003654 -> usertable:user0029920139]
  - [ID: 001331] Size:  1874.48 KB | Range: [usertable:user0000633597 -> usertable:user0029971813]
📥 【输入阶段 - 涉及的底层 SST (Bot)】:
  - [ID: 001319] Size:  2499.69 KB | Range: [usertable:user0000034589 -> usertable:user0028185388]
  - [ID: 001322] Size: 15779.18 KB | Range: [usertable:user0028185389 -> usertable:user0028496015]
  - [ID: 001325] Size: 15773.88 KB | Range: [usertable:user0028496016 -> usertable:user0028805291]
  - [ID: 001321] Size: 15810.22 KB | Range: [usertable:user0028805292 -> usertable:user0029114989]
  - [ID: 001324] Size: 15751.94 KB | Range: [usertable:user0029114990 -> usertable:user0029423410]
  - [ID: 001320] Size: 15800.16 KB | Range: [usertable:user0029423411 -> usertable:user0029733419]
  - [ID: 001323] Size: 13569.92 KB | Range: [usertable:user0029733420 -> usertable:user0029999999]
📤 【输出阶段 - 生成的新冷数据 SST (New)】:
  - [ID: 001332] Size:  2790.60 KB | Range: [usertable:user0000003654 -> usertable:user0028186572]
  - [ID: 001335] Size: 15764.60 KB | Range: [usertable:user0028186573 -> usertable:user0028496961]
  - [ID: 001337] Size: 15724.64 KB | Range: [usertable:user0028496962 -> usertable:user0028805291]
  - [ID: 001334] Size: 15779.56 KB | Range: [usertable:user0028805292 -> usertable:user0029114383]
  - [ID: 001336] Size: 15768.29 KB | Range: [usertable:user0029114384 -> usertable:user0029423119]
  - [ID: 001339] Size: 15765.04 KB | Range: [usertable:user0029423120 -> usertable:user0029732456]
  - [ID: 001340] Size:    49.69 KB | Range: [usertable:user0029732457 -> usertable:user0029733419]
  - [ID: 001333] Size: 13569.80 KB | Range: [usertable:user0029733420 -> usertable:user0029999999]
☀️ 【输出阶段 - 拦截并存入 L99 的热数据 SST (Hot)】:
  - [ID: 001338] Size:   198.33 KB | Range: [usertable:user0005402008 -> usertable:user0005698995]
badger 2026/04/10 16:03:43 INFO: 
🔥 [Compact-2] 层级变更: L0 -> L3
📥 【输入阶段 - 被选中的上层 SST (Top)】:
  - [ID: 001341] Size:  1887.09 KB | Range: [usertable:user0000084998 -> usertable:user0029858437]
  - [ID: 001342] Size:  1877.25 KB | Range: [usertable:user0000600923 -> usertable:user0029890570]
  - [ID: 001343] Size:  1877.51 KB | Range: [usertable:user0000136740 -> usertable:user0029958950]
  - [ID: 001344] Size:  1865.73 KB | Range: [usertable:user0000583140 -> usertable:user0029713456]
  - [ID: 001345] Size:  1883.09 KB | Range: [usertable:user0000613485 -> usertable:user0028192469]
📥 【输入阶段 - 涉及的底层 SST (Bot)】:
  - [ID: 001332] Size:  2790.60 KB | Range: [usertable:user0000003654 -> usertable:user0028186572]
  - [ID: 001335] Size: 15764.60 KB | Range: [usertable:user0028186573 -> usertable:user0028496961]
  - [ID: 001337] Size: 15724.64 KB | Range: [usertable:user0028496962 -> usertable:user0028805291]
  - [ID: 001334] Size: 15779.56 KB | Range: [usertable:user0028805292 -> usertable:user0029114383]
  - [ID: 001336] Size: 15768.29 KB | Range: [usertable:user0029114384 -> usertable:user0029423119]
  - [ID: 001339] Size: 15765.04 KB | Range: [usertable:user0029423120 -> usertable:user0029732456]
  - [ID: 001340] Size:    49.69 KB | Range: [usertable:user0029732457 -> usertable:user0029733419]
  - [ID: 001333] Size: 13569.80 KB | Range: [usertable:user0029733420 -> usertable:user0029999999]
📤 【输出阶段 - 生成的新冷数据 SST (New)】:
  - [ID: 001346] Size:  2873.22 KB | Range: [usertable:user0000003654 -> usertable:user0028183044]
  - [ID: 001349] Size: 15780.87 KB | Range: [usertable:user0028183045 -> usertable:user0028493834]
  - [ID: 001351] Size: 15767.46 KB | Range: [usertable:user0028493835 -> usertable:user0028802785]
  - [ID: 001352] Size:   122.94 KB | Range: [usertable:user0028802786 -> usertable:user0028805291]
  - [ID: 001348] Size: 15808.72 KB | Range: [usertable:user0028805292 -> usertable:user0029114944]
  - [ID: 001350] Size: 15799.82 KB | Range: [usertable:user0029114945 -> usertable:user0029424333]
  - [ID: 001354] Size: 15704.56 KB | Range: [usertable:user0029424334 -> usertable:user0029732456]
  - [ID: 001347] Size: 13618.69 KB | Range: [usertable:user0029732457 -> usertable:user0029999999]
☀️ 【输出阶段 - 拦截并存入 L99 的热数据 SST (Hot)】:
  - [ID: 001353] Size:   125.74 KB | Range: [usertable:user0005402008 -> usertable:user0005698995]
READ   - Takes(s): 20.0, Count: 129695, OPS: 6485.0, Avg(us): 198, Min(us): 2, Max(us): 54303, 50th(us): 182, 90th(us): 354, 95th(us): 427, 99th(us): 626, 99.9th(us): 1204, 99.99th(us): 6391
TOTAL  - Takes(s): 20.0, Count: 1284132, OPS: 64209.0, Avg(us): 243, Min(us): 2, Max(us): 64255, 50th(us): 219, 90th(us): 412, 95th(us): 500, 99th(us): 755, 99.9th(us): 1586, 99.99th(us): 33535
UPDATE - Takes(s): 20.0, Count: 1154437, OPS: 57724.6, Avg(us): 248, Min(us): 4, Max(us): 64255, 50th(us): 223, 90th(us): 418, 95th(us): 507, 99th(us): 767, 99.9th(us): 1617, 99.99th(us): 34591
UPDATE_ERROR - Takes(s): 20.0, Count: 11763, OPS: 588.5, Avg(us): 233, Min(us): 7, Max(us): 1925, 50th(us): 223, 90th(us): 387, 95th(us): 463, 99th(us): 675, 99.9th(us): 1116, 99.99th(us): 1614
badger 2026/04/10 16:03:47 INFO: 
🔥 [Compact-0] 层级变更: L0 -> L3
📥 【输入阶段 - 被选中的上层 SST (Top)】:
  - [ID: 001355] Size:  1882.82 KB | Range: [usertable:user0000611338 -> usertable:user0029946762]
  - [ID: 001356] Size:  1877.84 KB | Range: [usertable:user0000584294 -> usertable:user0029783752]
  - [ID: 001357] Size:  1883.55 KB | Range: [usertable:user0000495337 -> usertable:user0028192469]
  - [ID: 001358] Size:  1874.71 KB | Range: [usertable:user0000603424 -> usertable:user0029986866]
  - [ID: 001359] Size:  1885.65 KB | Range: [usertable:user0000649359 -> usertable:user0029872067]
📥 【输入阶段 - 涉及的底层 SST (Bot)】:
  - [ID: 001346] Size:  2873.22 KB | Range: [usertable:user0000003654 -> usertable:user0028183044]
  - [ID: 001349] Size: 15780.87 KB | Range: [usertable:user0028183045 -> usertable:user0028493834]
  - [ID: 001351] Size: 15767.46 KB | Range: [usertable:user0028493835 -> usertable:user0028802785]
  - [ID: 001352] Size:   122.94 KB | Range: [usertable:user0028802786 -> usertable:user0028805291]
  - [ID: 001348] Size: 15808.72 KB | Range: [usertable:user0028805292 -> usertable:user0029114944]
  - [ID: 001350] Size: 15799.82 KB | Range: [usertable:user0029114945 -> usertable:user0029424333]
  - [ID: 001354] Size: 15704.56 KB | Range: [usertable:user0029424334 -> usertable:user0029732456]
  - [ID: 001347] Size: 13618.69 KB | Range: [usertable:user0029732457 -> usertable:user0029999999]
📤 【输出阶段 - 生成的新冷数据 SST (New)】:
  - [ID: 001360] Size:  3032.18 KB | Range: [usertable:user0000003654 -> usertable:user0028184831]
  - [ID: 001363] Size: 15772.58 KB | Range: [usertable:user0028184832 -> usertable:user0028495370]
  - [ID: 001367] Size: 15684.63 KB | Range: [usertable:user0028495371 -> usertable:user0028802785]
  - [ID: 001361] Size: 15817.32 KB | Range: [usertable:user0028802786 -> usertable:user0029112676]
  - [ID: 001365] Size: 15794.49 KB | Range: [usertable:user0029112677 -> usertable:user0029421990]
  - [ID: 001366] Size:   118.74 KB | Range: [usertable:user0029421991 -> usertable:user0029424333]
  - [ID: 001362] Size: 15767.31 KB | Range: [usertable:user0029424334 -> usertable:user0029733680]
  - [ID: 001364] Size: 13556.27 KB | Range: [usertable:user0029733681 -> usertable:user0029999999]
☀️ 【输出阶段 - 拦截并存入 L99 的热数据 SST (Hot)】:
  - [ID: 001368] Size:   236.96 KB | Range: [usertable:user0005402008 -> usertable:user0005699991]
badger 2026/04/10 16:03:50 INFO: 
🔥 [Compact-0] 层级变更: L0 -> L3
📥 【输入阶段 - 被选中的上层 SST (Top)】:
  - [ID: 001369] Size:  1879.66 KB | Range: [usertable:user0000602523 -> usertable:user0029972925]
  - [ID: 001370] Size:  1888.63 KB | Range: [usertable:user0000093708 -> usertable:user0029986689]
  - [ID: 001371] Size:  1879.99 KB | Range: [usertable:user0000635820 -> usertable:user0029961024]
  - [ID: 001372] Size:  1883.31 KB | Range: [usertable:user0000609963 -> usertable:user0029854978]
  - [ID: 001373] Size:  1872.27 KB | Range: [usertable:user0000608727 -> usertable:user0029953575]
📥 【输入阶段 - 涉及的底层 SST (Bot)】:
  - [ID: 001360] Size:  3032.18 KB | Range: [usertable:user0000003654 -> usertable:user0028184831]
  - [ID: 001363] Size: 15772.58 KB | Range: [usertable:user0028184832 -> usertable:user0028495370]
  - [ID: 001367] Size: 15684.63 KB | Range: [usertable:user0028495371 -> usertable:user0028802785]
  - [ID: 001361] Size: 15817.32 KB | Range: [usertable:user0028802786 -> usertable:user0029112676]
  - [ID: 001365] Size: 15794.49 KB | Range: [usertable:user0029112677 -> usertable:user0029421990]
  - [ID: 001366] Size:   118.74 KB | Range: [usertable:user0029421991 -> usertable:user0029424333]
  - [ID: 001362] Size: 15767.31 KB | Range: [usertable:user0029424334 -> usertable:user0029733680]
  - [ID: 001364] Size: 13556.27 KB | Range: [usertable:user0029733681 -> usertable:user0029999999]
📤 【输出阶段 - 生成的新冷数据 SST (New)】:
  - [ID: 001374] Size:  3033.15 KB | Range: [usertable:user0000003654 -> usertable:user0027929076]
  - [ID: 001377] Size: 15774.03 KB | Range: [usertable:user0027929560 -> usertable:user0028492583]
  - [ID: 001381] Size: 15767.32 KB | Range: [usertable:user0028492584 -> usertable:user0028801621]
  - [ID: 001382] Size:    63.28 KB | Range: [usertable:user0028801622 -> usertable:user0028802785]
  - [ID: 001376] Size: 15798.10 KB | Range: [usertable:user0028802786 -> usertable:user0029112256]
  - [ID: 001379] Size: 15764.61 KB | Range: [usertable:user0029112257 -> usertable:user0029421014]
  - [ID: 001380] Size:   168.81 KB | Range: [usertable:user0029421015 -> usertable:user0029424333]
  - [ID: 001375] Size: 15784.81 KB | Range: [usertable:user0029424334 -> usertable:user0029734021]
  - [ID: 001378] Size: 13539.19 KB | Range: [usertable:user0029734022 -> usertable:user0029999999]
☀️ 【输出阶段 - 拦截并存入 L99 的热数据 SST (Hot)】:
  - [ID: 001383] Size:   240.72 KB | Range: [usertable:user0005402008 -> usertable:user0005699991]
badger 2026/04/10 16:03:53 INFO: 
🔥 [Compact-2] 层级变更: L0 -> L3
📥 【输入阶段 - 被选中的上层 SST (Top)】:
  - [ID: 001384] Size:  1881.74 KB | Range: [usertable:user0000315387 -> usertable:user0029990378]
  - [ID: 001385] Size:  1883.79 KB | Range: [usertable:user0000569754 -> usertable:user0029917696]
  - [ID: 001386] Size:  1871.91 KB | Range: [usertable:user0000600238 -> usertable:user0029973466]
  - [ID: 001387] Size:  1888.67 KB | Range: [usertable:user0000267986 -> usertable:user0029996961]
  - [ID: 001388] Size:  1878.40 KB | Range: [usertable:user0000468848 -> usertable:user0029879896]
📥 【输入阶段 - 涉及的底层 SST (Bot)】:
  - [ID: 001374] Size:  3033.15 KB | Range: [usertable:user0000003654 -> usertable:user0027929076]
  - [ID: 001377] Size: 15774.03 KB | Range: [usertable:user0027929560 -> usertable:user0028492583]
  - [ID: 001381] Size: 15767.32 KB | Range: [usertable:user0028492584 -> usertable:user0028801621]
  - [ID: 001382] Size:    63.28 KB | Range: [usertable:user0028801622 -> usertable:user0028802785]
  - [ID: 001376] Size: 15798.10 KB | Range: [usertable:user0028802786 -> usertable:user0029112256]
  - [ID: 001379] Size: 15764.61 KB | Range: [usertable:user0029112257 -> usertable:user0029421014]
  - [ID: 001380] Size:   168.81 KB | Range: [usertable:user0029421015 -> usertable:user0029424333]
  - [ID: 001375] Size: 15784.81 KB | Range: [usertable:user0029424334 -> usertable:user0029734021]
  - [ID: 001378] Size: 13539.19 KB | Range: [usertable:user0029734022 -> usertable:user0029999999]
📤 【输出阶段 - 生成的新冷数据 SST (New)】:
  - [ID: 001389] Size:  3318.49 KB | Range: [usertable:user0000003654 -> usertable:user0028184273]
  - [ID: 001392] Size: 15770.00 KB | Range: [usertable:user0028184274 -> usertable:user0028494790]
  - [ID: 001396] Size: 15654.14 KB | Range: [usertable:user0028494791 -> usertable:user0028801621]
  - [ID: 001391] Size: 15764.94 KB | Range: [usertable:user0028801622 -> usertable:user0029110359]
  - [ID: 001394] Size: 15762.92 KB | Range: [usertable:user0029110360 -> usertable:user0029419133]
  - [ID: 001395] Size:    97.94 KB | Range: [usertable:user0029419134 -> usertable:user0029421014]
  - [ID: 001390] Size: 15812.73 KB | Range: [usertable:user0029421015 -> usertable:user0029731334]
  - [ID: 001393] Size: 13680.71 KB | Range: [usertable:user0029731335 -> usertable:user0029999999]
☀️ 【输出阶段 - 拦截并存入 L99 的热数据 SST (Hot)】:
  - [ID: 001397] Size:   218.72 KB | Range: [usertable:user0005402008 -> usertable:user0005699991]
READ   - Takes(s): 30.0, Count: 193405, OPS: 6446.8, Avg(us): 200, Min(us): 2, Max(us): 75135, 50th(us): 185, 90th(us): 358, 95th(us): 428, 99th(us): 614, 99.9th(us): 1141, 99.99th(us): 4107
TOTAL  - Takes(s): 30.0, Count: 1913124, OPS: 63770.8, Avg(us): 245, Min(us): 2, Max(us): 75263, 50th(us): 222, 90th(us): 414, 95th(us): 499, 99th(us): 743, 99.9th(us): 1521, 99.99th(us): 34303
UPDATE - Takes(s): 30.0, Count: 1719719, OPS: 57324.2, Avg(us): 250, Min(us): 4, Max(us): 75263, 50th(us): 226, 90th(us): 419, 95th(us): 506, 99th(us): 754, 99.9th(us): 1551, 99.99th(us): 35999
UPDATE_ERROR - Takes(s): 30.0, Count: 17517, OPS: 584.1, Avg(us): 237, Min(us): 7, Max(us): 3089, 50th(us): 227, 90th(us): 393, 95th(us): 464, 99th(us): 656, 99.9th(us): 1116, 99.99th(us): 1627
badger 2026/04/10 16:03:56 INFO: 
🔥 [Compact-2] 层级变更: L0 -> L3
📥 【输入阶段 - 被选中的上层 SST (Top)】:
  - [ID: 001398] Size:  1884.82 KB | Range: [usertable:user0000607304 -> usertable:user0029723052]
  - [ID: 001399] Size:  1871.47 KB | Range: [usertable:user0000040271 -> usertable:user0029802825]
  - [ID: 001400] Size:  1886.96 KB | Range: [usertable:user0000600051 -> usertable:user0029958308]
  - [ID: 001401] Size:  1868.29 KB | Range: [usertable:user0000050145 -> usertable:user0029935072]
  - [ID: 001402] Size:  1871.33 KB | Range: [usertable:user0000234689 -> usertable:user0029754724]
📥 【输入阶段 - 涉及的底层 SST (Bot)】:
  - [ID: 001389] Size:  3318.49 KB | Range: [usertable:user0000003654 -> usertable:user0028184273]
  - [ID: 001392] Size: 15770.00 KB | Range: [usertable:user0028184274 -> usertable:user0028494790]
  - [ID: 001396] Size: 15654.14 KB | Range: [usertable:user0028494791 -> usertable:user0028801621]
  - [ID: 001391] Size: 15764.94 KB | Range: [usertable:user0028801622 -> usertable:user0029110359]
  - [ID: 001394] Size: 15762.92 KB | Range: [usertable:user0029110360 -> usertable:user0029419133]
  - [ID: 001395] Size:    97.94 KB | Range: [usertable:user0029419134 -> usertable:user0029421014]
  - [ID: 001390] Size: 15812.73 KB | Range: [usertable:user0029421015 -> usertable:user0029731334]
  - [ID: 001393] Size: 13680.71 KB | Range: [usertable:user0029731335 -> usertable:user0029999999]
📤 【输出阶段 - 生成的新冷数据 SST (New)】:
  - [ID: 001403] Size:  3324.25 KB | Range: [usertable:user0000003654 -> usertable:user0027903071]
  - [ID: 001406] Size: 15775.24 KB | Range: [usertable:user0027903181 -> usertable:user0028492261]
  - [ID: 001410] Size: 15767.14 KB | Range: [usertable:user0028492262 -> usertable:user0028801330]
  - [ID: 001411] Size:    15.79 KB | Range: [usertable:user0028801331 -> usertable:user0028801621]
  - [ID: 001405] Size: 15763.17 KB | Range: [usertable:user0028801622 -> usertable:user0029110322]
  - [ID: 001408] Size: 15792.55 KB | Range: [usertable:user0029110323 -> usertable:user0029419696]
  - [ID: 001409] Size:    69.54 KB | Range: [usertable:user0029419697 -> usertable:user0029421014]
  - [ID: 001404] Size: 15817.73 KB | Range: [usertable:user0029421015 -> usertable:user0029731417]
  - [ID: 001407] Size: 13674.98 KB | Range: [usertable:user0029731418 -> usertable:user0029999999]
☀️ 【输出阶段 - 拦截并存入 L99 的热数据 SST (Hot)】:
  - [ID: 001412] Size:   219.83 KB | Range: [usertable:user0005402008 -> usertable:user0005698995]
badger 2026/04/10 16:03:59 INFO: 
🔥 [Compact-1] 层级变更: L0 -> L3
📥 【输入阶段 - 被选中的上层 SST (Top)】:
  - [ID: 001413] Size:  1879.65 KB | Range: [usertable:user0000630138 -> usertable:user0029980643]
  - [ID: 001414] Size:  1873.14 KB | Range: [usertable:user0000377026 -> usertable:user0029935072]
  - [ID: 001415] Size:  1879.44 KB | Range: [usertable:user0000603266 -> usertable:user0029931613]
  - [ID: 001416] Size:  1874.54 KB | Range: [usertable:user0000030210 -> usertable:user0029887623]
  - [ID: 001417] Size:  1887.95 KB | Range: [usertable:user0000547510 -> usertable:user0029783585]
📥 【输入阶段 - 涉及的底层 SST (Bot)】:
  - [ID: 001403] Size:  3324.25 KB | Range: [usertable:user0000003654 -> usertable:user0027903071]
  - [ID: 001406] Size: 15775.24 KB | Range: [usertable:user0027903181 -> usertable:user0028492261]
  - [ID: 001410] Size: 15767.14 KB | Range: [usertable:user0028492262 -> usertable:user0028801330]
  - [ID: 001411] Size:    15.79 KB | Range: [usertable:user0028801331 -> usertable:user0028801621]
  - [ID: 001405] Size: 15763.17 KB | Range: [usertable:user0028801622 -> usertable:user0029110322]
  - [ID: 001408] Size: 15792.55 KB | Range: [usertable:user0029110323 -> usertable:user0029419696]
  - [ID: 001409] Size:    69.54 KB | Range: [usertable:user0029419697 -> usertable:user0029421014]
  - [ID: 001404] Size: 15817.73 KB | Range: [usertable:user0029421015 -> usertable:user0029731417]
  - [ID: 001407] Size: 13674.98 KB | Range: [usertable:user0029731418 -> usertable:user0029999999]
📤 【输出阶段 - 生成的新冷数据 SST (New)】:
  - [ID: 001418] Size:  3595.68 KB | Range: [usertable:user0000003654 -> usertable:user0028184188]
  - [ID: 001421] Size: 15766.74 KB | Range: [usertable:user0028184189 -> usertable:user0028494630]
  - [ID: 001424] Size: 15646.21 KB | Range: [usertable:user0028494631 -> usertable:user0028801330]
  - [ID: 001419] Size: 15839.92 KB | Range: [usertable:user0028801331 -> usertable:user0029111514]
  - [ID: 001423] Size: 15731.07 KB | Range: [usertable:user0029111515 -> usertable:user0029419696]
  - [ID: 001420] Size: 15773.59 KB | Range: [usertable:user0029419697 -> usertable:user0029729109]
  - [ID: 001422] Size: 13789.63 KB | Range: [usertable:user0029729110 -> usertable:user0029999999]
☀️ 【输出阶段 - 拦截并存入 L99 的热数据 SST (Hot)】:
  - [ID: 001425] Size:   218.23 KB | Range: [usertable:user0005402008 -> usertable:user0005699991]
badger 2026/04/10 16:04:03 INFO: 
🔥 [Compact-0] 层级变更: L0 -> L3
📥 【输入阶段 - 被选中的上层 SST (Top)】:
  - [ID: 001426] Size:  1881.92 KB | Range: [usertable:user0000242973 -> usertable:user0029973279]
  - [ID: 001427] Size:  1886.25 KB | Range: [usertable:user0000380830 -> usertable:user0029917423]
  - [ID: 001428] Size:  1869.34 KB | Range: [usertable:user0000346863 -> usertable:user0029883987]
  - [ID: 001429] Size:  1867.50 KB | Range: [usertable:user0000038048 -> usertable:user0029146518]
  - [ID: 001430] Size:  1894.88 KB | Range: [usertable:user0000608799 -> usertable:user0029969308]
📥 【输入阶段 - 涉及的底层 SST (Bot)】:
  - [ID: 001418] Size:  3595.68 KB | Range: [usertable:user0000003654 -> usertable:user0028184188]
  - [ID: 001421] Size: 15766.74 KB | Range: [usertable:user0028184189 -> usertable:user0028494630]
  - [ID: 001424] Size: 15646.21 KB | Range: [usertable:user0028494631 -> usertable:user0028801330]
  - [ID: 001419] Size: 15839.92 KB | Range: [usertable:user0028801331 -> usertable:user0029111514]
  - [ID: 001423] Size: 15731.07 KB | Range: [usertable:user0029111515 -> usertable:user0029419696]
  - [ID: 001420] Size: 15773.59 KB | Range: [usertable:user0029419697 -> usertable:user0029729109]
  - [ID: 001422] Size: 13789.63 KB | Range: [usertable:user0029729110 -> usertable:user0029999999]
📤 【输出阶段 - 生成的新冷数据 SST (New)】:
  - [ID: 001431] Size:  3579.77 KB | Range: [usertable:user0000003654 -> usertable:user0027965367]
  - [ID: 001434] Size: 15786.00 KB | Range: [usertable:user0027965386 -> usertable:user0028492583]
  - [ID: 001436] Size: 15751.73 KB | Range: [usertable:user0028492584 -> usertable:user0028801330]
  - [ID: 001433] Size: 15774.11 KB | Range: [usertable:user0028801331 -> usertable:user0029110232]
  - [ID: 001435] Size: 15810.77 KB | Range: [usertable:user0029110233 -> usertable:user0029419935]
  - [ID: 001438] Size: 15760.41 KB | Range: [usertable:user0029419936 -> usertable:user0029729109]
  - [ID: 001432] Size: 13789.76 KB | Range: [usertable:user0029729110 -> usertable:user0029999999]
☀️ 【输出阶段 - 拦截并存入 L99 的热数据 SST (Hot)】:
  - [ID: 001437] Size:   243.68 KB | Range: [usertable:user0005401002 -> usertable:user0005699991]
READ   - Takes(s): 40.0, Count: 255828, OPS: 6395.7, Avg(us): 202, Min(us): 2, Max(us): 75135, 50th(us): 186, 90th(us): 364, 95th(us): 433, 99th(us): 615, 99.9th(us): 1125, 99.99th(us): 3809
TOTAL  - Takes(s): 40.0, Count: 2528653, OPS: 63215.8, Avg(us): 247, Min(us): 2, Max(us): 75263, 50th(us): 224, 90th(us): 418, 95th(us): 502, 99th(us): 746, 99.9th(us): 1501, 99.99th(us): 34431
UPDATE - Takes(s): 40.0, Count: 2272825, OPS: 56820.3, Avg(us): 252, Min(us): 4, Max(us): 75263, 50th(us): 227, 90th(us): 424, 95th(us): 509, 99th(us): 757, 99.9th(us): 1534, 99.99th(us): 36159
UPDATE_ERROR - Takes(s): 40.0, Count: 23163, OPS: 579.3, Avg(us): 241, Min(us): 7, Max(us): 3089, 50th(us): 229, 90th(us): 401, 95th(us): 472, 99th(us): 663, 99.9th(us): 1283, 99.99th(us): 1925
badger 2026/04/10 16:04:06 INFO: 
🔥 [Compact-0] 层级变更: L0 -> L3
📥 【输入阶段 - 被选中的上层 SST (Top)】:
  - [ID: 001439] Size:  1883.96 KB | Range: [usertable:user0000412723 -> usertable:user0029734722]
  - [ID: 001440] Size:  1886.69 KB | Range: [usertable:user0000604171 -> usertable:user0029853536]
  - [ID: 001441] Size:  1873.78 KB | Range: [usertable:user0000605163 -> usertable:user0029953910]
  - [ID: 001442] Size:  1888.88 KB | Range: [usertable:user0000044185 -> usertable:user0029935724]
  - [ID: 001443] Size:  1877.32 KB | Range: [usertable:user0000629060 -> usertable:user0029996395]
📥 【输入阶段 - 涉及的底层 SST (Bot)】:
  - [ID: 001431] Size:  3579.77 KB | Range: [usertable:user0000003654 -> usertable:user0027965367]
  - [ID: 001434] Size: 15786.00 KB | Range: [usertable:user0027965386 -> usertable:user0028492583]
  - [ID: 001436] Size: 15751.73 KB | Range: [usertable:user0028492584 -> usertable:user0028801330]
  - [ID: 001433] Size: 15774.11 KB | Range: [usertable:user0028801331 -> usertable:user0029110232]
  - [ID: 001435] Size: 15810.77 KB | Range: [usertable:user0029110233 -> usertable:user0029419935]
  - [ID: 001438] Size: 15760.41 KB | Range: [usertable:user0029419936 -> usertable:user0029729109]
  - [ID: 001432] Size: 13789.76 KB | Range: [usertable:user0029729110 -> usertable:user0029999999]
📤 【输出阶段 - 生成的新冷数据 SST (New)】:
  - [ID: 001444] Size:  3849.06 KB | Range: [usertable:user0000003654 -> usertable:user0028184478]
  - [ID: 001447] Size: 15838.80 KB | Range: [usertable:user0028184479 -> usertable:user0028496275]
  - [ID: 001449] Size: 15559.06 KB | Range: [usertable:user0028496276 -> usertable:user0028801330]
  - [ID: 001446] Size: 15763.22 KB | Range: [usertable:user0028801331 -> usertable:user0029109984]
  - [ID: 001448] Size: 15764.56 KB | Range: [usertable:user0029109985 -> usertable:user0029418901]
  - [ID: 001451] Size: 15771.88 KB | Range: [usertable:user0029418902 -> usertable:user0029728234]
  - [ID: 001452] Size:    44.68 KB | Range: [usertable:user0029728235 -> usertable:user0029729109]
  - [ID: 001445] Size: 13789.74 KB | Range: [usertable:user0029729110 -> usertable:user0029999999]
☀️ 【输出阶段 - 拦截并存入 L99 的热数据 SST (Hot)】:
  - [ID: 001450] Size:   240.61 KB | Range: [usertable:user0005402008 -> usertable:user0005699972]
badger 2026/04/10 16:04:10 INFO: 
🔥 [Compact-3] 层级变更: L0 -> L3
📥 【输入阶段 - 被选中的上层 SST (Top)】:
  - [ID: 001453] Size:  1878.61 KB | Range: [usertable:user0000463128 -> usertable:user0029994666]
  - [ID: 001454] Size:  1869.82 KB | Range: [usertable:user0000299620 -> usertable:user0029886684]
  - [ID: 001455] Size:  1878.89 KB | Range: [usertable:user0000606384 -> usertable:user0029862471]
  - [ID: 001456] Size:  1891.75 KB | Range: [usertable:user0000432917 -> usertable:user0029994656]
  - [ID: 001457] Size:  1874.30 KB | Range: [usertable:user0000625016 -> usertable:user0029985803]
📥 【输入阶段 - 涉及的底层 SST (Bot)】:
  - [ID: 001444] Size:  3849.06 KB | Range: [usertable:user0000003654 -> usertable:user0028184478]
  - [ID: 001447] Size: 15838.80 KB | Range: [usertable:user0028184479 -> usertable:user0028496275]
  - [ID: 001449] Size: 15559.06 KB | Range: [usertable:user0028496276 -> usertable:user0028801330]
  - [ID: 001446] Size: 15763.22 KB | Range: [usertable:user0028801331 -> usertable:user0029109984]
  - [ID: 001448] Size: 15764.56 KB | Range: [usertable:user0029109985 -> usertable:user0029418901]
  - [ID: 001451] Size: 15771.88 KB | Range: [usertable:user0029418902 -> usertable:user0029728234]
  - [ID: 001452] Size:    44.68 KB | Range: [usertable:user0029728235 -> usertable:user0029729109]
  - [ID: 001445] Size: 13789.74 KB | Range: [usertable:user0029729110 -> usertable:user0029999999]
📤 【输出阶段 - 生成的新冷数据 SST (New)】:
  - [ID: 001458] Size:  3879.32 KB | Range: [usertable:user0000003654 -> usertable:user0028079280]
  - [ID: 001461] Size: 15779.77 KB | Range: [usertable:user0028079457 -> usertable:user0028493002]
  - [ID: 001463] Size: 15729.56 KB | Range: [usertable:user0028493003 -> usertable:user0028801330]
  - [ID: 001460] Size: 15764.66 KB | Range: [usertable:user0028801331 -> usertable:user0029110018]
  - [ID: 001462] Size: 15762.85 KB | Range: [usertable:user0029110019 -> usertable:user0029418888]
  - [ID: 001465] Size: 15772.16 KB | Range: [usertable:user0029418889 -> usertable:user0029728234]
  - [ID: 001459] Size: 13834.31 KB | Range: [usertable:user0029728235 -> usertable:user0029999999]
☀️ 【输出阶段 - 拦截并存入 L99 的热数据 SST (Hot)】:
  - [ID: 001464] Size:   236.24 KB | Range: [usertable:user0005402008 -> usertable:user0005699991]
badger 2026/04/10 16:04:13 INFO: 
🔥 [Compact-2] 层级变更: L0 -> L3
📥 【输入阶段 - 被选中的上层 SST (Top)】:
  - [ID: 001466] Size:  1890.97 KB | Range: [usertable:user0000496837 -> usertable:user0029865523]
  - [ID: 001467] Size:  1873.36 KB | Range: [usertable:user0000560062 -> usertable:user0029950451]
  - [ID: 001468] Size:  1886.17 KB | Range: [usertable:user0000605881 -> usertable:user0029973279]
  - [ID: 001469] Size:  1877.88 KB | Range: [usertable:user0000045842 -> usertable:user0029005901]
  - [ID: 001470] Size:  1879.12 KB | Range: [usertable:user0000033204 -> usertable:user0029966457]
📥 【输入阶段 - 涉及的底层 SST (Bot)】:
  - [ID: 001458] Size:  3879.32 KB | Range: [usertable:user0000003654 -> usertable:user0028079280]
  - [ID: 001461] Size: 15779.77 KB | Range: [usertable:user0028079457 -> usertable:user0028493002]
  - [ID: 001463] Size: 15729.56 KB | Range: [usertable:user0028493003 -> usertable:user0028801330]
  - [ID: 001460] Size: 15764.66 KB | Range: [usertable:user0028801331 -> usertable:user0029110018]
  - [ID: 001462] Size: 15762.85 KB | Range: [usertable:user0029110019 -> usertable:user0029418888]
  - [ID: 001465] Size: 15772.16 KB | Range: [usertable:user0029418889 -> usertable:user0029728234]
  - [ID: 001459] Size: 13834.31 KB | Range: [usertable:user0029728235 -> usertable:user0029999999]
📤 【输出阶段 - 生成的新冷数据 SST (New)】:
  - [ID: 001471] Size:  4143.06 KB | Range: [usertable:user0000003654 -> usertable:user0028185124]
  - [ID: 001474] Size: 15774.70 KB | Range: [usertable:user0028185125 -> usertable:user0028495660]
  - [ID: 001476] Size: 15590.68 KB | Range: [usertable:user0028495661 -> usertable:user0028801330]
  - [ID: 001473] Size: 15763.63 KB | Range: [usertable:user0028801331 -> usertable:user0029109992]
  - [ID: 001475] Size: 15766.85 KB | Range: [usertable:user0029109993 -> usertable:user0029418928]
  - [ID: 001478] Size: 15770.08 KB | Range: [usertable:user0029418929 -> usertable:user0029728234]
  - [ID: 001472] Size: 13834.08 KB | Range: [usertable:user0029728235 -> usertable:user0029999999]
☀️ 【输出阶段 - 拦截并存入 L99 的热数据 SST (Hot)】:
  - [ID: 001477] Size:   217.79 KB | Range: [usertable:user0005402008 -> usertable:user0005698995]
READ   - Takes(s): 50.0, Count: 316315, OPS: 6326.4, Avg(us): 204, Min(us): 1, Max(us): 75135, 50th(us): 187, 90th(us): 370, 95th(us): 438, 99th(us): 622, 99.9th(us): 1107, 99.99th(us): 3763
TOTAL  - Takes(s): 50.0, Count: 3128665, OPS: 62574.4, Avg(us): 250, Min(us): 1, Max(us): 75263, 50th(us): 225, 90th(us): 424, 95th(us): 508, 99th(us): 751, 99.9th(us): 1486, 99.99th(us): 36863
UPDATE - Takes(s): 50.0, Count: 2812350, OPS: 56248.2, Avg(us): 255, Min(us): 4, Max(us): 75263, 50th(us): 228, 90th(us): 429, 95th(us): 515, 99th(us): 762, 99.9th(us): 1515, 99.99th(us): 38111
UPDATE_ERROR - Takes(s): 50.0, Count: 28837, OPS: 576.9, Avg(us): 244, Min(us): 7, Max(us): 3089, 50th(us): 231, 90th(us): 409, 95th(us): 480, 99th(us): 664, 99.9th(us): 1277, 99.99th(us): 2325
badger 2026/04/10 16:04:16 INFO: 
🔥 [Compact-3] 层级变更: L0 -> L3
📥 【输入阶段 - 被选中的上层 SST (Top)】:
  - [ID: 001479] Size:  1885.95 KB | Range: [usertable:user0000612277 -> usertable:user0029944036]
  - [ID: 001480] Size:  1883.32 KB | Range: [usertable:user0000620201 -> usertable:user0029972321]
  - [ID: 001481] Size:  1875.07 KB | Range: [usertable:user0000187648 -> usertable:user0029994163]
  - [ID: 001482] Size:  1872.16 KB | Range: [usertable:user0000621260 -> usertable:user0029833702]
  - [ID: 001483] Size:  1885.51 KB | Range: [usertable:user0000623986 -> usertable:user0029840778]
📥 【输入阶段 - 涉及的底层 SST (Bot)】:
  - [ID: 001471] Size:  4143.06 KB | Range: [usertable:user0000003654 -> usertable:user0028185124]
  - [ID: 001474] Size: 15774.70 KB | Range: [usertable:user0028185125 -> usertable:user0028495660]
  - [ID: 001476] Size: 15590.68 KB | Range: [usertable:user0028495661 -> usertable:user0028801330]
  - [ID: 001473] Size: 15763.63 KB | Range: [usertable:user0028801331 -> usertable:user0029109992]
  - [ID: 001475] Size: 15766.85 KB | Range: [usertable:user0029109993 -> usertable:user0029418928]
  - [ID: 001478] Size: 15770.08 KB | Range: [usertable:user0029418929 -> usertable:user0029728234]
  - [ID: 001472] Size: 13834.08 KB | Range: [usertable:user0029728235 -> usertable:user0029999999]
📤 【输出阶段 - 生成的新冷数据 SST (New)】:
  - [ID: 001484] Size:  4111.87 KB | Range: [usertable:user0000003654 -> usertable:user0028182997]
  - [ID: 001487] Size: 15810.59 KB | Range: [usertable:user0028182998 -> usertable:user0028494362]
  - [ID: 001489] Size: 15661.62 KB | Range: [usertable:user0028494363 -> usertable:user0028801330]
  - [ID: 001486] Size: 15763.67 KB | Range: [usertable:user0028801331 -> usertable:user0029109993]
  - [ID: 001488] Size: 15774.17 KB | Range: [usertable:user0029109994 -> usertable:user0029419033]
  - [ID: 001491] Size: 15762.87 KB | Range: [usertable:user0029419034 -> usertable:user0029728234]
  - [ID: 001485] Size: 13834.33 KB | Range: [usertable:user0029728235 -> usertable:user0029999999]
☀️ 【输出阶段 - 拦截并存入 L99 的热数据 SST (Hot)】:
  - [ID: 001490] Size:   250.49 KB | Range: [usertable:user0005402008 -> usertable:user0005699991]
badger 2026/04/10 16:04:20 INFO: 
🔥 [Compact-0] 层级变更: L0 -> L3
📥 【输入阶段 - 被选中的上层 SST (Top)】:
  - [ID: 001492] Size:  1880.26 KB | Range: [usertable:user0000600142 -> usertable:user0029872374]
  - [ID: 001493] Size:  1885.42 KB | Range: [usertable:user0000608363 -> usertable:user0029990201]
  - [ID: 001494] Size:  1869.15 KB | Range: [usertable:user0000605517 -> usertable:user0029770678]
  - [ID: 001495] Size:  1872.47 KB | Range: [usertable:user0000605723 -> usertable:user0029994795]
  - [ID: 001496] Size:  1885.57 KB | Range: [usertable:user0000600070 -> usertable:user0028184966]
📥 【输入阶段 - 涉及的底层 SST (Bot)】:
  - [ID: 001484] Size:  4111.87 KB | Range: [usertable:user0000003654 -> usertable:user0028182997]
  - [ID: 001487] Size: 15810.59 KB | Range: [usertable:user0028182998 -> usertable:user0028494362]
  - [ID: 001489] Size: 15661.62 KB | Range: [usertable:user0028494363 -> usertable:user0028801330]
  - [ID: 001486] Size: 15763.67 KB | Range: [usertable:user0028801331 -> usertable:user0029109993]
  - [ID: 001488] Size: 15774.17 KB | Range: [usertable:user0029109994 -> usertable:user0029419033]
  - [ID: 001491] Size: 15762.87 KB | Range: [usertable:user0029419034 -> usertable:user0029728234]
  - [ID: 001485] Size: 13834.33 KB | Range: [usertable:user0029728235 -> usertable:user0029999999]
📤 【输出阶段 - 生成的新冷数据 SST (New)】:
  - [ID: 001497] Size:  4141.88 KB | Range: [usertable:user0000003654 -> usertable:user0027857371]
  - [ID: 001500] Size: 15908.75 KB | Range: [usertable:user0027857605 -> usertable:user0028494069]
  - [ID: 001502] Size: 15676.20 KB | Range: [usertable:user0028494070 -> usertable:user0028801330]
  - [ID: 001499] Size: 15775.81 KB | Range: [usertable:user0028801331 -> usertable:user0029110273]
  - [ID: 001501] Size: 15764.43 KB | Range: [usertable:user0029110274 -> usertable:user0029419090]
  - [ID: 001504] Size: 15760.05 KB | Range: [usertable:user0029419091 -> usertable:user0029728234]
  - [ID: 001498] Size: 13834.33 KB | Range: [usertable:user0029728235 -> usertable:user0029999999]
☀️ 【输出阶段 - 拦截并存入 L99 的热数据 SST (Hot)】:
  - [ID: 001503] Size:   216.70 KB | Range: [usertable:user0005402008 -> usertable:user0005699991]
badger 2026/04/10 16:04:23 INFO: 
🔥 [Compact-1] 层级变更: L0 -> L3
📥 【输入阶段 - 被选中的上层 SST (Top)】:
  - [ID: 001505] Size:  1881.62 KB | Range: [usertable:user0000189372 -> usertable:user0029969432]
  - [ID: 001506] Size:  1875.23 KB | Range: [usertable:user0000637765 -> usertable:user0029943964]
  - [ID: 001507] Size:  1874.44 KB | Range: [usertable:user0000601704 -> usertable:user0029947346]
  - [ID: 001508] Size:  1881.28 KB | Range: [usertable:user0000609441 -> usertable:user0029112301]
  - [ID: 001509] Size:  1865.74 KB | Range: [usertable:user0000612373 -> usertable:user0029843020]
📥 【输入阶段 - 涉及的底层 SST (Bot)】:
  - [ID: 001497] Size:  4141.88 KB | Range: [usertable:user0000003654 -> usertable:user0027857371]
  - [ID: 001500] Size: 15908.75 KB | Range: [usertable:user0027857605 -> usertable:user0028494069]
  - [ID: 001502] Size: 15676.20 KB | Range: [usertable:user0028494070 -> usertable:user0028801330]
  - [ID: 001499] Size: 15775.81 KB | Range: [usertable:user0028801331 -> usertable:user0029110273]
  - [ID: 001501] Size: 15764.43 KB | Range: [usertable:user0029110274 -> usertable:user0029419090]
  - [ID: 001504] Size: 15760.05 KB | Range: [usertable:user0029419091 -> usertable:user0029728234]
  - [ID: 001498] Size: 13834.33 KB | Range: [usertable:user0029728235 -> usertable:user0029999999]
📤 【输出阶段 - 生成的新冷数据 SST (New)】:
  - [ID: 001510] Size:  4400.84 KB | Range: [usertable:user0000003654 -> usertable:user0028183944]
  - [ID: 001513] Size: 15770.91 KB | Range: [usertable:user0028183945 -> usertable:user0028494479]
  - [ID: 001515] Size: 15655.61 KB | Range: [usertable:user0028494480 -> usertable:user0028801330]
  - [ID: 001512] Size: 15768.69 KB | Range: [usertable:user0028801331 -> usertable:user0029110110]
  - [ID: 001514] Size: 15772.46 KB | Range: [usertable:user0029110111 -> usertable:user0029419097]
  - [ID: 001517] Size: 15759.31 KB | Range: [usertable:user0029419098 -> usertable:user0029728234]
  - [ID: 001511] Size: 13834.28 KB | Range: [usertable:user0029728235 -> usertable:user0029999999]
☀️ 【输出阶段 - 拦截并存入 L99 的热数据 SST (Hot)】:
  - [ID: 001516] Size:   228.09 KB | Range: [usertable:user0005402008 -> usertable:user0005698995]
READ   - Takes(s): 60.0, Count: 376321, OPS: 6272.1, Avg(us): 205, Min(us): 1, Max(us): 75135, 50th(us): 186, 90th(us): 375, 95th(us): 443, 99th(us): 628, 99.9th(us): 1100, 99.99th(us): 3749
TOTAL  - Takes(s): 60.0, Count: 3724190, OPS: 62070.5, Avg(us): 252, Min(us): 1, Max(us): 75263, 50th(us): 225, 90th(us): 429, 95th(us): 515, 99th(us): 760, 99.9th(us): 1476, 99.99th(us): 36959
UPDATE - Takes(s): 60.0, Count: 3347869, OPS: 55798.5, Avg(us): 257, Min(us): 4, Max(us): 75263, 50th(us): 229, 90th(us): 435, 95th(us): 522, 99th(us): 771, 99.9th(us): 1508, 99.99th(us): 38239
UPDATE_ERROR - Takes(s): 60.0, Count: 34539, OPS: 575.8, Avg(us): 246, Min(us): 7, Max(us): 3089, 50th(us): 232, 90th(us): 417, 95th(us): 487, 99th(us): 677, 99.9th(us): 1234, 99.99th(us): 2325
badger 2026/04/10 16:04:27 INFO: 
🔥 [Compact-2] 层级变更: L0 -> L3
📥 【输入阶段 - 被选中的上层 SST (Top)】:
  - [ID: 001518] Size:  1878.22 KB | Range: [usertable:user0000402782 -> usertable:user0029815061]
  - [ID: 001519] Size:  1867.62 KB | Range: [usertable:user0000230617 -> usertable:user0029799874]
  - [ID: 001520] Size:  1879.13 KB | Range: [usertable:user0000618980 -> usertable:user0029935072]
  - [ID: 001521] Size:  1877.17 KB | Range: [usertable:user0000326018 -> usertable:user0029676053]
  - [ID: 001522] Size:  1873.59 KB | Range: [usertable:user0000352368 -> usertable:user0028269659]
📥 【输入阶段 - 涉及的底层 SST (Bot)】:
  - [ID: 001510] Size:  4400.84 KB | Range: [usertable:user0000003654 -> usertable:user0028183944]
  - [ID: 001513] Size: 15770.91 KB | Range: [usertable:user0028183945 -> usertable:user0028494479]
  - [ID: 001515] Size: 15655.61 KB | Range: [usertable:user0028494480 -> usertable:user0028801330]
  - [ID: 001512] Size: 15768.69 KB | Range: [usertable:user0028801331 -> usertable:user0029110110]
  - [ID: 001514] Size: 15772.46 KB | Range: [usertable:user0029110111 -> usertable:user0029419097]
  - [ID: 001517] Size: 15759.31 KB | Range: [usertable:user0029419098 -> usertable:user0029728234]
  - [ID: 001511] Size: 13834.28 KB | Range: [usertable:user0029728235 -> usertable:user0029999999]
📤 【输出阶段 - 生成的新冷数据 SST (New)】:
  - [ID: 001523] Size:  4394.85 KB | Range: [usertable:user0000003654 -> usertable:user0028075452]
  - [ID: 001526] Size: 15764.21 KB | Range: [usertable:user0028075490 -> usertable:user0028492468]
  - [ID: 001528] Size: 15756.60 KB | Range: [usertable:user0028492469 -> usertable:user0028801330]
  - [ID: 001525] Size: 15763.48 KB | Range: [usertable:user0028801331 -> usertable:user0029109990]
  - [ID: 001527] Size: 15789.53 KB | Range: [usertable:user0029109991 -> usertable:user0029419335]
  - [ID: 001530] Size: 15747.56 KB | Range: [usertable:user0029419336 -> usertable:user0029728234]
  - [ID: 001524] Size: 13834.12 KB | Range: [usertable:user0029728235 -> usertable:user0029999999]
☀️ 【输出阶段 - 拦截并存入 L99 的热数据 SST (Hot)】:
  - [ID: 001529] Size:   224.39 KB | Range: [usertable:user0005402008 -> usertable:user0005699991]
badger 2026/04/10 16:04:30 INFO: 
🔥 [Compact-1] 层级变更: L0 -> L3
📥 【输入阶段 - 被选中的上层 SST (Top)】:
  - [ID: 001531] Size:  1878.54 KB | Range: [usertable:user0000412359 -> usertable:user0029814735]
  - [ID: 001532] Size:  1873.45 KB | Range: [usertable:user0000615736 -> usertable:user0029961211]
  - [ID: 001533] Size:  1902.35 KB | Range: [usertable:user0000696194 -> usertable:user0029931259]
  - [ID: 001534] Size:  1869.09 KB | Range: [usertable:user0000617883 -> usertable:user0029868431]
  - [ID: 001535] Size:  1873.55 KB | Range: [usertable:user0000601622 -> usertable:user0029951131]
📥 【输入阶段 - 涉及的底层 SST (Bot)】:
  - [ID: 001523] Size:  4394.85 KB | Range: [usertable:user0000003654 -> usertable:user0028075452]
  - [ID: 001526] Size: 15764.21 KB | Range: [usertable:user0028075490 -> usertable:user0028492468]
  - [ID: 001528] Size: 15756.60 KB | Range: [usertable:user0028492469 -> usertable:user0028801330]
  - [ID: 001525] Size: 15763.48 KB | Range: [usertable:user0028801331 -> usertable:user0029109990]
  - [ID: 001527] Size: 15789.53 KB | Range: [usertable:user0029109991 -> usertable:user0029419335]
  - [ID: 001530] Size: 15747.56 KB | Range: [usertable:user0029419336 -> usertable:user0029728234]
  - [ID: 001524] Size: 13834.12 KB | Range: [usertable:user0029728235 -> usertable:user0029999999]
📤 【输出阶段 - 生成的新冷数据 SST (New)】:
  - [ID: 001536] Size:  4420.00 KB | Range: [usertable:user0000003654 -> usertable:user0027621995]
  - [ID: 001539] Size: 15768.59 KB | Range: [usertable:user0027622345 -> usertable:user0028490468]
  - [ID: 001541] Size: 15818.52 KB | Range: [usertable:user0028490469 -> usertable:user0028800509]
  - [ID: 001542] Size:    41.33 KB | Range: [usertable:user0028800510 -> usertable:user0028801330]
  - [ID: 001538] Size: 15763.48 KB | Range: [usertable:user0028801331 -> usertable:user0029109990]
  - [ID: 001540] Size: 15776.17 KB | Range: [usertable:user0029109991 -> usertable:user0029419068]
  - [ID: 001544] Size: 15761.00 KB | Range: [usertable:user0029419069 -> usertable:user0029728234]
  - [ID: 001537] Size: 13833.97 KB | Range: [usertable:user0029728235 -> usertable:user0029999999]
☀️ 【输出阶段 - 拦截并存入 L99 的热数据 SST (Hot)】:
  - [ID: 001543] Size:   218.42 KB | Range: [usertable:user0005402008 -> usertable:user0005699991]
badger 2026/04/10 16:04:33 INFO: 
🔥 [Compact-2] 层级变更: L0 -> L3
📥 【输入阶段 - 被选中的上层 SST (Top)】:
  - [ID: 001545] Size:  1875.21 KB | Range: [usertable:user0000602403 -> usertable:user0029793914]
  - [ID: 001546] Size:  1876.76 KB | Range: [usertable:user0000250748 -> usertable:user0029923737]
  - [ID: 001547] Size:  1876.72 KB | Range: [usertable:user0000363497 -> usertable:user0029992917]
  - [ID: 001548] Size:  1872.77 KB | Range: [usertable:user0000140999 -> usertable:user0029972192]
  - [ID: 001549] Size:  1889.20 KB | Range: [usertable:user0000607889 -> usertable:user0028190088]
📥 【输入阶段 - 涉及的底层 SST (Bot)】:
  - [ID: 001536] Size:  4420.00 KB | Range: [usertable:user0000003654 -> usertable:user0027621995]
  - [ID: 001539] Size: 15768.59 KB | Range: [usertable:user0027622345 -> usertable:user0028490468]
  - [ID: 001541] Size: 15818.52 KB | Range: [usertable:user0028490469 -> usertable:user0028800509]
  - [ID: 001542] Size:    41.33 KB | Range: [usertable:user0028800510 -> usertable:user0028801330]
  - [ID: 001538] Size: 15763.48 KB | Range: [usertable:user0028801331 -> usertable:user0029109990]
  - [ID: 001540] Size: 15776.17 KB | Range: [usertable:user0029109991 -> usertable:user0029419068]
  - [ID: 001544] Size: 15761.00 KB | Range: [usertable:user0029419069 -> usertable:user0029728234]
  - [ID: 001537] Size: 13833.97 KB | Range: [usertable:user0029728235 -> usertable:user0029999999]
📤 【输出阶段 - 生成的新冷数据 SST (New)】:
  - [ID: 001550] Size:  4686.62 KB | Range: [usertable:user0000003654 -> usertable:user0028183186]
  - [ID: 001553] Size: 15793.90 KB | Range: [usertable:user0028183187 -> usertable:user0028494182]
  - [ID: 001557] Size: 15628.88 KB | Range: [usertable:user0028494183 -> usertable:user0028800509]
  - [ID: 001552] Size: 15766.93 KB | Range: [usertable:user0028800510 -> usertable:user0029109259]
  - [ID: 001555] Size: 15764.66 KB | Range: [usertable:user0029109260 -> usertable:user0029418155]
  - [ID: 001556] Size:    49.30 KB | Range: [usertable:user0029418156 -> usertable:user0029419068]
  - [ID: 001551] Size: 15762.69 KB | Range: [usertable:user0029419069 -> usertable:user0029728262]
  - [ID: 001554] Size: 13832.24 KB | Range: [usertable:user0029728263 -> usertable:user0029999999]
☀️ 【输出阶段 - 拦截并存入 L99 的热数据 SST (Hot)】:
  - [ID: 001558] Size:   233.30 KB | Range: [usertable:user0005402008 -> usertable:user0005699991]
READ   - Takes(s): 70.0, Count: 436438, OPS: 6234.9, Avg(us): 205, Min(us): 1, Max(us): 75135, 50th(us): 186, 90th(us): 379, 95th(us): 448, 99th(us): 630, 99.9th(us): 1086, 99.99th(us): 3227
TOTAL  - Takes(s): 70.0, Count: 4317528, OPS: 61679.1, Avg(us): 253, Min(us): 1, Max(us): 75263, 50th(us): 225, 90th(us): 435, 95th(us): 521, 99th(us): 765, 99.9th(us): 1467, 99.99th(us): 38079
UPDATE - Takes(s): 70.0, Count: 3881090, OPS: 55444.3, Avg(us): 259, Min(us): 4, Max(us): 75263, 50th(us): 229, 90th(us): 440, 95th(us): 528, 99th(us): 777, 99.9th(us): 1500, 99.99th(us): 40223
UPDATE_ERROR - Takes(s): 70.0, Count: 40239, OPS: 574.9, Avg(us): 251, Min(us): 7, Max(us): 60831, 50th(us): 233, 90th(us): 425, 95th(us): 497, 99th(us): 683, 99.9th(us): 1238, 99.99th(us): 2359
badger 2026/04/10 16:04:37 INFO: 
🔥 [Compact-1] 层级变更: L0 -> L3
📥 【输入阶段 - 被选中的上层 SST (Top)】:
  - [ID: 001559] Size:  1873.27 KB | Range: [usertable:user0000601723 -> usertable:user0029935072]
  - [ID: 001560] Size:  1885.53 KB | Range: [usertable:user0000614759 -> usertable:user0029887623]
  - [ID: 001561] Size:  1878.12 KB | Range: [usertable:user0000335518 -> usertable:user0029931364]
  - [ID: 001562] Size:  1888.82 KB | Range: [usertable:user0000326880 -> usertable:user0029260191]
  - [ID: 001563] Size:  1876.77 KB | Range: [usertable:user0000619780 -> usertable:user0029738191]
📥 【输入阶段 - 涉及的底层 SST (Bot)】:
  - [ID: 001550] Size:  4686.62 KB | Range: [usertable:user0000003654 -> usertable:user0028183186]
  - [ID: 001553] Size: 15793.90 KB | Range: [usertable:user0028183187 -> usertable:user0028494182]
  - [ID: 001557] Size: 15628.88 KB | Range: [usertable:user0028494183 -> usertable:user0028800509]
  - [ID: 001552] Size: 15766.93 KB | Range: [usertable:user0028800510 -> usertable:user0029109259]
  - [ID: 001555] Size: 15764.66 KB | Range: [usertable:user0029109260 -> usertable:user0029418155]
  - [ID: 001556] Size:    49.30 KB | Range: [usertable:user0029418156 -> usertable:user0029419068]
  - [ID: 001551] Size: 15762.69 KB | Range: [usertable:user0029419069 -> usertable:user0029728262]
  - [ID: 001554] Size: 13832.24 KB | Range: [usertable:user0029728263 -> usertable:user0029999999]
📤 【输出阶段 - 生成的新冷数据 SST (New)】:
  - [ID: 001564] Size:  4692.74 KB | Range: [usertable:user0000003654 -> usertable:user0027989776]
  - [ID: 001567] Size: 15784.89 KB | Range: [usertable:user0027989954 -> usertable:user0028492041]
  - [ID: 001571] Size: 15737.92 KB | Range: [usertable:user0028492042 -> usertable:user0028800509]
  - [ID: 001566] Size: 15770.30 KB | Range: [usertable:user0028800510 -> usertable:user0029109333]
  - [ID: 001569] Size: 15771.91 KB | Range: [usertable:user0029109334 -> usertable:user0029418352]
  - [ID: 001570] Size:    38.86 KB | Range: [usertable:user0029418353 -> usertable:user0029419068]
  - [ID: 001565] Size: 15767.90 KB | Range: [usertable:user0029419069 -> usertable:user0029728358]
  - [ID: 001568] Size: 13827.30 KB | Range: [usertable:user0029728359 -> usertable:user0029999999]
☀️ 【输出阶段 - 拦截并存入 L99 的热数据 SST (Hot)】:
  - [ID: 001572] Size:   235.90 KB | Range: [usertable:user0005402008 -> usertable:user0005699991]
badger 2026/04/10 16:04:40 INFO: 
🔥 [Compact-2] 层级变更: L0 -> L3
📥 【输入阶段 - 被选中的上层 SST (Top)】:
  - [ID: 001573] Size:  1883.53 KB | Range: [usertable:user0000172159 -> usertable:user0029914141]
  - [ID: 001574] Size:  1886.12 KB | Range: [usertable:user0000222156 -> usertable:user0029705934]
  - [ID: 001575] Size:  1867.90 KB | Range: [usertable:user0000620134 -> usertable:user0029935072]
  - [ID: 001576] Size:  1884.62 KB | Range: [usertable:user0000441751 -> usertable:user0029989942]
  - [ID: 001577] Size:  1879.45 KB | Range: [usertable:user0000615224 -> usertable:user0029905383]
📥 【输入阶段 - 涉及的底层 SST (Bot)】:
  - [ID: 001564] Size:  4692.74 KB | Range: [usertable:user0000003654 -> usertable:user0027989776]
  - [ID: 001567] Size: 15784.89 KB | Range: [usertable:user0027989954 -> usertable:user0028492041]
  - [ID: 001571] Size: 15737.92 KB | Range: [usertable:user0028492042 -> usertable:user0028800509]
  - [ID: 001566] Size: 15770.30 KB | Range: [usertable:user0028800510 -> usertable:user0029109333]
  - [ID: 001569] Size: 15771.91 KB | Range: [usertable:user0029109334 -> usertable:user0029418352]
  - [ID: 001570] Size:    38.86 KB | Range: [usertable:user0029418353 -> usertable:user0029419068]
  - [ID: 001565] Size: 15767.90 KB | Range: [usertable:user0029419069 -> usertable:user0029728358]
  - [ID: 001568] Size: 13827.30 KB | Range: [usertable:user0029728359 -> usertable:user0029999999]
📤 【输出阶段 - 生成的新冷数据 SST (New)】:
  - [ID: 001578] Size:  4704.00 KB | Range: [usertable:user0000003654 -> usertable:user0027046514]
  - [ID: 001581] Size: 15775.55 KB | Range: [usertable:user0027046595 -> usertable:user0028489669]
  - [ID: 001585] Size: 15795.82 KB | Range: [usertable:user0028489670 -> usertable:user0028799264]
  - [ID: 001586] Size:    62.40 KB | Range: [usertable:user0028799265 -> usertable:user0028800509]
  - [ID: 001580] Size: 15768.41 KB | Range: [usertable:user0028800510 -> usertable:user0029109292]
  - [ID: 001583] Size: 15767.98 KB | Range: [usertable:user0029109293 -> usertable:user0029418257]
  - [ID: 001584] Size:    43.71 KB | Range: [usertable:user0029418258 -> usertable:user0029419068]
  - [ID: 001579] Size: 15784.20 KB | Range: [usertable:user0029419069 -> usertable:user0029728666]
  - [ID: 001582] Size: 13812.59 KB | Range: [usertable:user0029728667 -> usertable:user0029999999]
☀️ 【输出阶段 - 拦截并存入 L99 的热数据 SST (Hot)】:
  - [ID: 001587] Size:   240.50 KB | Range: [usertable:user0005402008 -> usertable:user0005698995]
badger 2026/04/10 16:04:43 INFO: 
🔥 [Compact-0] 层级变更: L0 -> L3
📥 【输入阶段 - 被选中的上层 SST (Top)】:
  - [ID: 001588] Size:  1881.56 KB | Range: [usertable:user0000038225 -> usertable:user0029789870]
  - [ID: 001589] Size:  1870.57 KB | Range: [usertable:user0000614816 -> usertable:user0029952971]
  - [ID: 001590] Size:  1883.42 KB | Range: [usertable:user0000317730 -> usertable:user0029722094]
  - [ID: 001591] Size:  1873.32 KB | Range: [usertable:user0000408148 -> usertable:user0029983963]
  - [ID: 001592] Size:  1877.24 KB | Range: [usertable:user0000493301 -> usertable:user0029736107]
📥 【输入阶段 - 涉及的底层 SST (Bot)】:
  - [ID: 001578] Size:  4704.00 KB | Range: [usertable:user0000003654 -> usertable:user0027046514]
  - [ID: 001581] Size: 15775.55 KB | Range: [usertable:user0027046595 -> usertable:user0028489669]
  - [ID: 001585] Size: 15795.82 KB | Range: [usertable:user0028489670 -> usertable:user0028799264]
  - [ID: 001586] Size:    62.40 KB | Range: [usertable:user0028799265 -> usertable:user0028800509]
  - [ID: 001580] Size: 15768.41 KB | Range: [usertable:user0028800510 -> usertable:user0029109292]
  - [ID: 001583] Size: 15767.98 KB | Range: [usertable:user0029109293 -> usertable:user0029418257]
  - [ID: 001584] Size:    43.71 KB | Range: [usertable:user0029418258 -> usertable:user0029419068]
  - [ID: 001579] Size: 15784.20 KB | Range: [usertable:user0029419069 -> usertable:user0029728666]
  - [ID: 001582] Size: 13812.59 KB | Range: [usertable:user0029728667 -> usertable:user0029999999]
📤 【输出阶段 - 生成的新冷数据 SST (New)】:
  - [ID: 001593] Size:  4980.20 KB | Range: [usertable:user0000003654 -> usertable:user0028144790]
  - [ID: 001596] Size: 15770.37 KB | Range: [usertable:user0028144824 -> usertable:user0028493052]
  - [ID: 001600] Size: 15624.36 KB | Range: [usertable:user0028493053 -> usertable:user0028799264]
  - [ID: 001594] Size: 15779.87 KB | Range: [usertable:user0028799265 -> usertable:user0029108291]
  - [ID: 001598] Size: 15778.39 KB | Range: [usertable:user0029108292 -> usertable:user0029417462]
  - [ID: 001599] Size:    41.07 KB | Range: [usertable:user0029417463 -> usertable:user0029418257]
  - [ID: 001595] Size: 15763.64 KB | Range: [usertable:user0029418258 -> usertable:user0029727439]
  - [ID: 001597] Size: 13877.01 KB | Range: [usertable:user0029727440 -> usertable:user0029999999]
☀️ 【输出阶段 - 拦截并存入 L99 的热数据 SST (Hot)】:
  - [ID: 001601] Size:   233.60 KB | Range: [usertable:user0005402008 -> usertable:user0005699991]
READ   - Takes(s): 80.0, Count: 497290, OPS: 6216.2, Avg(us): 205, Min(us): 1, Max(us): 75135, 50th(us): 184, 90th(us): 382, 95th(us): 451, 99th(us): 632, 99.9th(us): 1082, 99.99th(us): 3139
TOTAL  - Takes(s): 80.0, Count: 4923177, OPS: 61540.3, Avg(us): 254, Min(us): 1, Max(us): 80255, 50th(us): 224, 90th(us): 439, 95th(us): 526, 99th(us): 770, 99.9th(us): 1463, 99.99th(us): 37919
UPDATE - Takes(s): 80.0, Count: 4425887, OPS: 55324.2, Avg(us): 259, Min(us): 4, Max(us): 80255, 50th(us): 228, 90th(us): 445, 95th(us): 533, 99th(us): 782, 99.9th(us): 1495, 99.99th(us): 38911
UPDATE_ERROR - Takes(s): 80.0, Count: 45937, OPS: 574.3, Avg(us): 252, Min(us): 7, Max(us): 60831, 50th(us): 232, 90th(us): 431, 95th(us): 504, 99th(us): 688, 99.9th(us): 1281, 99.99th(us): 2461
badger 2026/04/10 16:04:47 INFO: 
🔥 [Compact-2] 层级变更: L0 -> L3
📥 【输入阶段 - 被选中的上层 SST (Top)】:
  - [ID: 001602] Size:  1883.77 KB | Range: [usertable:user0000604430 -> usertable:user0029976422]
  - [ID: 001603] Size:  1879.79 KB | Range: [usertable:user0000048760 -> usertable:user0028329329]
  - [ID: 001604] Size:  1883.31 KB | Range: [usertable:user0000603601 -> usertable:user0029987302]
  - [ID: 001605] Size:  1865.99 KB | Range: [usertable:user0000603797 -> usertable:user0028299832]
  - [ID: 001606] Size:  1883.62 KB | Range: [usertable:user0000603285 -> usertable:user0029302562]
📥 【输入阶段 - 涉及的底层 SST (Bot)】:
  - [ID: 001593] Size:  4980.20 KB | Range: [usertable:user0000003654 -> usertable:user0028144790]
  - [ID: 001596] Size: 15770.37 KB | Range: [usertable:user0028144824 -> usertable:user0028493052]
  - [ID: 001600] Size: 15624.36 KB | Range: [usertable:user0028493053 -> usertable:user0028799264]
  - [ID: 001594] Size: 15779.87 KB | Range: [usertable:user0028799265 -> usertable:user0029108291]
  - [ID: 001598] Size: 15778.39 KB | Range: [usertable:user0029108292 -> usertable:user0029417462]
  - [ID: 001599] Size:    41.07 KB | Range: [usertable:user0029417463 -> usertable:user0029418257]
  - [ID: 001595] Size: 15763.64 KB | Range: [usertable:user0029418258 -> usertable:user0029727439]
  - [ID: 001597] Size: 13877.01 KB | Range: [usertable:user0029727440 -> usertable:user0029999999]
📤 【输出阶段 - 生成的新冷数据 SST (New)】:
  - [ID: 001607] Size:  4963.13 KB | Range: [usertable:user0000003654 -> usertable:user0027948810]
  - [ID: 001610] Size: 15771.45 KB | Range: [usertable:user0027948853 -> usertable:user0028491137]
  - [ID: 001614] Size: 15723.74 KB | Range: [usertable:user0028491138 -> usertable:user0028799264]
  - [ID: 001608] Size: 15766.15 KB | Range: [usertable:user0028799265 -> usertable:user0029108028]
  - [ID: 001612] Size: 15779.61 KB | Range: [usertable:user0029108029 -> usertable:user0029417206]
  - [ID: 001613] Size:    53.81 KB | Range: [usertable:user0029417207 -> usertable:user0029418257]
  - [ID: 001609] Size: 15767.04 KB | Range: [usertable:user0029418258 -> usertable:user0029727484]
  - [ID: 001611] Size: 13873.54 KB | Range: [usertable:user0029727485 -> usertable:user0029999999]
☀️ 【输出阶段 - 拦截并存入 L99 的热数据 SST (Hot)】:
  - [ID: 001615] Size:   258.31 KB | Range: [usertable:user0005402008 -> usertable:user0005699991]
badger 2026/04/10 16:04:50 INFO: 
🔥 [Compact-2] 层级变更: L0 -> L3
📥 【输入阶段 - 被选中的上层 SST (Top)】:
  - [ID: 001616] Size:  1869.37 KB | Range: [usertable:user0000334579 -> usertable:user0029842647]
  - [ID: 001617] Size:  1882.76 KB | Range: [usertable:user0000334067 -> usertable:user0028375216]
  - [ID: 001618] Size:  1883.56 KB | Range: [usertable:user0000605201 -> usertable:user0029934339]
  - [ID: 001619] Size:  1885.29 KB | Range: [usertable:user0000383748 -> usertable:user0029883206]
  - [ID: 001620] Size:  1886.47 KB | Range: [usertable:user0000619334 -> usertable:user0029985822]
📥 【输入阶段 - 涉及的底层 SST (Bot)】:
  - [ID: 001607] Size:  4963.13 KB | Range: [usertable:user0000003654 -> usertable:user0027948810]
  - [ID: 001610] Size: 15771.45 KB | Range: [usertable:user0027948853 -> usertable:user0028491137]
  - [ID: 001614] Size: 15723.74 KB | Range: [usertable:user0028491138 -> usertable:user0028799264]
  - [ID: 001608] Size: 15766.15 KB | Range: [usertable:user0028799265 -> usertable:user0029108028]
  - [ID: 001612] Size: 15779.61 KB | Range: [usertable:user0029108029 -> usertable:user0029417206]
  - [ID: 001613] Size:    53.81 KB | Range: [usertable:user0029417207 -> usertable:user0029418257]
  - [ID: 001609] Size: 15767.04 KB | Range: [usertable:user0029418258 -> usertable:user0029727484]
  - [ID: 001611] Size: 13873.54 KB | Range: [usertable:user0029727485 -> usertable:user0029999999]
📤 【输出阶段 - 生成的新冷数据 SST (New)】:
  - [ID: 001621] Size:  4992.70 KB | Range: [usertable:user0000003654 -> usertable:user0027098202]
  - [ID: 001624] Size: 15808.72 KB | Range: [usertable:user0027098638 -> usertable:user0028489904]
  - [ID: 001628] Size: 15768.07 KB | Range: [usertable:user0028489905 -> usertable:user0028798966]
  - [ID: 001629] Size:    16.64 KB | Range: [usertable:user0028798967 -> usertable:user0028799264]
  - [ID: 001623] Size: 15766.46 KB | Range: [usertable:user0028799265 -> usertable:user0029108038]
  - [ID: 001626] Size: 15767.92 KB | Range: [usertable:user0029108039 -> usertable:user0029416989]
  - [ID: 001627] Size:    65.08 KB | Range: [usertable:user0029416990 -> usertable:user0029418257]
  - [ID: 001622] Size: 15800.79 KB | Range: [usertable:user0029418258 -> usertable:user0029728153]
  - [ID: 001625] Size: 13840.34 KB | Range: [usertable:user0029728154 -> usertable:user0029999999]
☀️ 【输出阶段 - 拦截并存入 L99 的热数据 SST (Hot)】:
  - [ID: 001630] Size:   229.39 KB | Range: [usertable:user0005401002 -> usertable:user0005699991]
badger 2026/04/10 16:04:54 INFO: 
🔥 [Compact-0] 层级变更: L0 -> L3
📥 【输入阶段 - 被选中的上层 SST (Top)】:
  - [ID: 001631] Size:  1869.01 KB | Range: [usertable:user0000609106 -> usertable:user0029279019]
  - [ID: 001632] Size:  1898.73 KB | Range: [usertable:user0000096535 -> usertable:user0029956765]
  - [ID: 001633] Size:  1874.14 KB | Range: [usertable:user0000512029 -> usertable:user0029998254]
  - [ID: 001634] Size:  1885.78 KB | Range: [usertable:user0000094278 -> usertable:user0028193724]
  - [ID: 001635] Size:  1878.95 KB | Range: [usertable:user0000618395 -> usertable:user0029935072]
📥 【输入阶段 - 涉及的底层 SST (Bot)】:
  - [ID: 001621] Size:  4992.70 KB | Range: [usertable:user0000003654 -> usertable:user0027098202]
  - [ID: 001624] Size: 15808.72 KB | Range: [usertable:user0027098638 -> usertable:user0028489904]
  - [ID: 001628] Size: 15768.07 KB | Range: [usertable:user0028489905 -> usertable:user0028798966]
  - [ID: 001629] Size:    16.64 KB | Range: [usertable:user0028798967 -> usertable:user0028799264]
  - [ID: 001623] Size: 15766.46 KB | Range: [usertable:user0028799265 -> usertable:user0029108038]
  - [ID: 001626] Size: 15767.92 KB | Range: [usertable:user0029108039 -> usertable:user0029416989]
  - [ID: 001627] Size:    65.08 KB | Range: [usertable:user0029416990 -> usertable:user0029418257]
  - [ID: 001622] Size: 15800.79 KB | Range: [usertable:user0029418258 -> usertable:user0029728153]
  - [ID: 001625] Size: 13840.34 KB | Range: [usertable:user0029728154 -> usertable:user0029999999]
📤 【输出阶段 - 生成的新冷数据 SST (New)】:
  - [ID: 001636] Size:  5270.17 KB | Range: [usertable:user0000003654 -> usertable:user0028116893]
  - [ID: 001639] Size: 15786.19 KB | Range: [usertable:user0028117108 -> usertable:user0028493027]
  - [ID: 001643] Size: 15608.87 KB | Range: [usertable:user0028493028 -> usertable:user0028798966]
  - [ID: 001638] Size: 15777.44 KB | Range: [usertable:user0028798967 -> usertable:user0029107936]
  - [ID: 001641] Size: 15772.60 KB | Range: [usertable:user0029107937 -> usertable:user0029416970]
  - [ID: 001642] Size:     1.21 KB | Range: [usertable:user0029416971 -> usertable:user0029416989]
  - [ID: 001637] Size: 15809.59 KB | Range: [usertable:user0029416990 -> usertable:user0029727048]
  - [ID: 001640] Size: 13896.13 KB | Range: [usertable:user0029727049 -> usertable:user0029999999]
☀️ 【输出阶段 - 拦截并存入 L99 的热数据 SST (Hot)】:
  - [ID: 001644] Size:   233.43 KB | Range: [usertable:user0005402008 -> usertable:user0005699991]
READ   - Takes(s): 90.0, Count: 555601, OPS: 6173.4, Avg(us): 207, Min(us): 1, Max(us): 75135, 50th(us): 184, 90th(us): 388, 95th(us): 458, 99th(us): 641, 99.9th(us): 1098, 99.99th(us): 3139
TOTAL  - Takes(s): 90.0, Count: 5500544, OPS: 61117.1, Avg(us): 256, Min(us): 1, Max(us): 80255, 50th(us): 224, 90th(us): 444, 95th(us): 532, 99th(us): 780, 99.9th(us): 1477, 99.99th(us): 36447
UPDATE - Takes(s): 90.0, Count: 4944943, OPS: 54943.9, Avg(us): 261, Min(us): 4, Max(us): 80255, 50th(us): 228, 90th(us): 450, 95th(us): 540, 99th(us): 792, 99.9th(us): 1510, 99.99th(us): 38175
UPDATE_ERROR - Takes(s): 90.0, Count: 51357, OPS: 570.7, Avg(us): 254, Min(us): 7, Max(us): 60831, 50th(us): 233, 90th(us): 439, 95th(us): 512, 99th(us): 705, 99.9th(us): 1277, 99.99th(us): 2461
badger 2026/04/10 16:04:57 INFO: 
🔥 [Compact-1] 层级变更: L0 -> L3
📥 【输入阶段 - 被选中的上层 SST (Top)】:
  - [ID: 001645] Size:  1890.75 KB | Range: [usertable:user0000603443 -> usertable:user0029925476]
  - [ID: 001646] Size:  1878.25 KB | Range: [usertable:user0000110826 -> usertable:user0029967550]
  - [ID: 001647] Size:  1870.89 KB | Range: [usertable:user0000605163 -> usertable:user0029929884]
  - [ID: 001648] Size:  1882.69 KB | Range: [usertable:user0000605340 -> usertable:user0029310912]
  - [ID: 001649] Size:  1876.51 KB | Range: [usertable:user0000605268 -> usertable:user0029881012]
📥 【输入阶段 - 涉及的底层 SST (Bot)】:
  - [ID: 001636] Size:  5270.17 KB | Range: [usertable:user0000003654 -> usertable:user0028116893]
  - [ID: 001639] Size: 15786.19 KB | Range: [usertable:user0028117108 -> usertable:user0028493027]
  - [ID: 001643] Size: 15608.87 KB | Range: [usertable:user0028493028 -> usertable:user0028798966]
  - [ID: 001638] Size: 15777.44 KB | Range: [usertable:user0028798967 -> usertable:user0029107936]
  - [ID: 001641] Size: 15772.60 KB | Range: [usertable:user0029107937 -> usertable:user0029416970]
  - [ID: 001642] Size:     1.21 KB | Range: [usertable:user0029416971 -> usertable:user0029416989]
  - [ID: 001637] Size: 15809.59 KB | Range: [usertable:user0029416990 -> usertable:user0029727048]
  - [ID: 001640] Size: 13896.13 KB | Range: [usertable:user0029727049 -> usertable:user0029999999]
📤 【输出阶段 - 生成的新冷数据 SST (New)】:
  - [ID: 001650] Size:  5245.08 KB | Range: [usertable:user0000003654 -> usertable:user0027945173]
  - [ID: 001653] Size: 15767.82 KB | Range: [usertable:user0027945236 -> usertable:user0028490677]
  - [ID: 001656] Size: 15728.94 KB | Range: [usertable:user0028490678 -> usertable:user0028798966]
  - [ID: 001652] Size: 15825.97 KB | Range: [usertable:user0028798967 -> usertable:user0029108879]
  - [ID: 001655] Size: 15725.19 KB | Range: [usertable:user0029108880 -> usertable:user0029416989]
  - [ID: 001651] Size: 15770.05 KB | Range: [usertable:user0029416990 -> usertable:user0029726232]
  - [ID: 001654] Size: 13935.93 KB | Range: [usertable:user0029726233 -> usertable:user0029999999]
☀️ 【输出阶段 - 拦截并存入 L99 的热数据 SST (Hot)】:
  - [ID: 001657] Size:   252.20 KB | Range: [usertable:user0001679006 -> usertable:user0005699991]
badger 2026/04/10 16:05:01 INFO: 
🔥 [Compact-0] 层级变更: L0 -> L3
📥 【输入阶段 - 被选中的上层 SST (Top)】:
  - [ID: 001658] Size:  1878.71 KB | Range: [usertable:user0000606140 -> usertable:user0029822798]
  - [ID: 001659] Size:  1881.90 KB | Range: [usertable:user0000600142 -> usertable:user0029824264]
  - [ID: 001660] Size:  1888.08 KB | Range: [usertable:user0000604382 -> usertable:user0029998839]
  - [ID: 001661] Size:  1882.05 KB | Range: [usertable:user0000600338 -> usertable:user0029977927]
  - [ID: 001662] Size:  1879.75 KB | Range: [usertable:user0000112215 -> usertable:user0029864368]
📥 【输入阶段 - 涉及的底层 SST (Bot)】:
  - [ID: 001650] Size:  5245.08 KB | Range: [usertable:user0000003654 -> usertable:user0027945173]
  - [ID: 001653] Size: 15767.82 KB | Range: [usertable:user0027945236 -> usertable:user0028490677]
  - [ID: 001656] Size: 15728.94 KB | Range: [usertable:user0028490678 -> usertable:user0028798966]
  - [ID: 001652] Size: 15825.97 KB | Range: [usertable:user0028798967 -> usertable:user0029108879]
  - [ID: 001655] Size: 15725.19 KB | Range: [usertable:user0029108880 -> usertable:user0029416989]
  - [ID: 001651] Size: 15770.05 KB | Range: [usertable:user0029416990 -> usertable:user0029726232]
  - [ID: 001654] Size: 13935.93 KB | Range: [usertable:user0029726233 -> usertable:user0029999999]
📤 【输出阶段 - 生成的新冷数据 SST (New)】:
  - [ID: 001663] Size:  5252.57 KB | Range: [usertable:user0000003654 -> usertable:user0027248315]
  - [ID: 001666] Size: 15787.11 KB | Range: [usertable:user0027248703 -> usertable:user0028489213]
  - [ID: 001668] Size: 15802.58 KB | Range: [usertable:user0028489214 -> usertable:user0028798966]
  - [ID: 001665] Size: 15764.74 KB | Range: [usertable:user0028798967 -> usertable:user0029107686]
  - [ID: 001667] Size: 15775.78 KB | Range: [usertable:user0029107687 -> usertable:user0029416771]
  - [ID: 001670] Size: 15764.20 KB | Range: [usertable:user0029416772 -> usertable:user0029725922]
  - [ID: 001671] Size:    16.04 KB | Range: [usertable:user0029725923 -> usertable:user0029726232]
  - [ID: 001664] Size: 13935.91 KB | Range: [usertable:user0029726233 -> usertable:user0029999999]
☀️ 【输出阶段 - 拦截并存入 L99 的热数据 SST (Hot)】:
  - [ID: 001669] Size:   234.89 KB | Range: [usertable:user0001679006 -> usertable:user0005698995]
READ   - Takes(s): 100.0, Count: 615114, OPS: 6151.2, Avg(us): 207, Min(us): 1, Max(us): 75135, 50th(us): 183, 90th(us): 392, 95th(us): 463, 99th(us): 645, 99.9th(us): 1098, 99.99th(us): 3139
TOTAL  - Takes(s): 100.0, Count: 6089368, OPS: 60894.0, Avg(us): 257, Min(us): 1, Max(us): 80255, 50th(us): 224, 90th(us): 449, 95th(us): 538, 99th(us): 786, 99.9th(us): 1473, 99.99th(us): 36351
UPDATE - Takes(s): 100.0, Count: 5474254, OPS: 54742.9, Avg(us): 262, Min(us): 4, Max(us): 80255, 50th(us): 228, 90th(us): 455, 95th(us): 545, 99th(us): 798, 99.9th(us): 1507, 99.99th(us): 38143
UPDATE_ERROR - Takes(s): 100.0, Count: 57028, OPS: 570.4, Avg(us): 256, Min(us): 7, Max(us): 60831, 50th(us): 233, 90th(us): 446, 95th(us): 520, 99th(us): 718, 99.9th(us): 1258, 99.99th(us): 2359
badger 2026/04/10 16:05:04 INFO: 
🔥 [Compact-0] 层级变更: L0 -> L3
📥 【输入阶段 - 被选中的上层 SST (Top)】:
  - [ID: 001672] Size:  1874.28 KB | Range: [usertable:user0000609628 -> usertable:user0028526014]
  - [ID: 001673] Size:  1876.97 KB | Range: [usertable:user0000610342 -> usertable:user0029109288]
  - [ID: 001674] Size:  1875.84 KB | Range: [usertable:user0000040170 -> usertable:user0029810979]
  - [ID: 001675] Size:  1889.88 KB | Range: [usertable:user0000294767 -> usertable:user0029993056]
  - [ID: 001676] Size:  1896.34 KB | Range: [usertable:user0000046427 -> usertable:user0029955984]
📥 【输入阶段 - 涉及的底层 SST (Bot)】:
  - [ID: 001663] Size:  5252.57 KB | Range: [usertable:user0000003654 -> usertable:user0027248315]
  - [ID: 001666] Size: 15787.11 KB | Range: [usertable:user0027248703 -> usertable:user0028489213]
  - [ID: 001668] Size: 15802.58 KB | Range: [usertable:user0028489214 -> usertable:user0028798966]
  - [ID: 001665] Size: 15764.74 KB | Range: [usertable:user0028798967 -> usertable:user0029107686]
  - [ID: 001667] Size: 15775.78 KB | Range: [usertable:user0029107687 -> usertable:user0029416771]
  - [ID: 001670] Size: 15764.20 KB | Range: [usertable:user0029416772 -> usertable:user0029725922]
  - [ID: 001671] Size:    16.04 KB | Range: [usertable:user0029725923 -> usertable:user0029726232]
  - [ID: 001664] Size: 13935.91 KB | Range: [usertable:user0029726233 -> usertable:user0029999999]
📤 【输出阶段 - 生成的新冷数据 SST (New)】:
  - [ID: 001677] Size:  5533.42 KB | Range: [usertable:user0000003654 -> usertable:user0028109807]
  - [ID: 001680] Size: 15784.81 KB | Range: [usertable:user0028109965 -> usertable:user0028492775]
  - [ID: 001682] Size: 15620.58 KB | Range: [usertable:user0028492776 -> usertable:user0028798966]
  - [ID: 001679] Size: 15809.35 KB | Range: [usertable:user0028798967 -> usertable:user0029108554]
  - [ID: 001681] Size: 15812.29 KB | Range: [usertable:user0029108555 -> usertable:user0029418387]
  - [ID: 001684] Size: 15682.83 KB | Range: [usertable:user0029418388 -> usertable:user0029725922]
  - [ID: 001678] Size: 13951.50 KB | Range: [usertable:user0029725923 -> usertable:user0029999999]
☀️ 【输出阶段 - 拦截并存入 L99 的热数据 SST (Hot)】:
  - [ID: 001683] Size:   239.63 KB | Range: [usertable:user0001679015 -> usertable:user0005698995]
badger 2026/04/10 16:05:08 INFO: 
🔥 [Compact-2] 层级变更: L0 -> L3
📥 【输入阶段 - 被选中的上层 SST (Top)】:
  - [ID: 001685] Size:  1871.33 KB | Range: [usertable:user0000606159 -> usertable:user0029893406]
  - [ID: 001686] Size:  1878.51 KB | Range: [usertable:user0000109087 -> usertable:user0029944606]
  - [ID: 001687] Size:  1871.48 KB | Range: [usertable:user0000595639 -> usertable:user0029988658]
  - [ID: 001688] Size:  1879.26 KB | Range: [usertable:user0000151980 -> usertable:user0028191381]
  - [ID: 001689] Size:  1871.11 KB | Range: [usertable:user0000603127 -> usertable:user0029043792]
📥 【输入阶段 - 涉及的底层 SST (Bot)】:
  - [ID: 001677] Size:  5533.42 KB | Range: [usertable:user0000003654 -> usertable:user0028109807]
  - [ID: 001680] Size: 15784.81 KB | Range: [usertable:user0028109965 -> usertable:user0028492775]
  - [ID: 001682] Size: 15620.58 KB | Range: [usertable:user0028492776 -> usertable:user0028798966]
  - [ID: 001679] Size: 15809.35 KB | Range: [usertable:user0028798967 -> usertable:user0029108554]
  - [ID: 001681] Size: 15812.29 KB | Range: [usertable:user0029108555 -> usertable:user0029418387]
  - [ID: 001684] Size: 15682.83 KB | Range: [usertable:user0029418388 -> usertable:user0029725922]
  - [ID: 001678] Size: 13951.50 KB | Range: [usertable:user0029725923 -> usertable:user0029999999]
📤 【输出阶段 - 生成的新冷数据 SST (New)】:
  - [ID: 001690] Size:  5478.16 KB | Range: [usertable:user0000003654 -> usertable:user0027957615]
  - [ID: 001693] Size: 15779.52 KB | Range: [usertable:user0027957687 -> usertable:user0028490867]
  - [ID: 001695] Size: 15719.86 KB | Range: [usertable:user0028490868 -> usertable:user0028798966]
  - [ID: 001692] Size: 15767.10 KB | Range: [usertable:user0028798967 -> usertable:user0029107748]
  - [ID: 001694] Size: 15763.69 KB | Range: [usertable:user0029107749 -> usertable:user0029416554]
  - [ID: 001697] Size: 15774.44 KB | Range: [usertable:user0029416555 -> usertable:user0029725922]
  - [ID: 001691] Size: 13951.63 KB | Range: [usertable:user0029725923 -> usertable:user0029999999]
☀️ 【输出阶段 - 拦截并存入 L99 的热数据 SST (Hot)】:
  - [ID: 001696] Size:   258.90 KB | Range: [usertable:user0001679034 -> usertable:user0005699991]
badger 2026/04/10 16:05:11 INFO: 
🔥 [Compact-0] 层级变更: L0 -> L3
📥 【输入阶段 - 被选中的上层 SST (Top)】:
  - [ID: 001698] Size:  1882.44 KB | Range: [usertable:user0000241411 -> usertable:user0029937947]
  - [ID: 001699] Size:  1883.69 KB | Range: [usertable:user0000307822 -> usertable:user0029851016]
  - [ID: 001700] Size:  1879.01 KB | Range: [usertable:user0000297871 -> usertable:user0029916690]
  - [ID: 001701] Size:  1888.95 KB | Range: [usertable:user0000176624 -> usertable:user0029935072]
  - [ID: 001702] Size:  1868.09 KB | Range: [usertable:user0000608622 -> usertable:user0029853666]
📥 【输入阶段 - 涉及的底层 SST (Bot)】:
  - [ID: 001690] Size:  5478.16 KB | Range: [usertable:user0000003654 -> usertable:user0027957615]
  - [ID: 001693] Size: 15779.52 KB | Range: [usertable:user0027957687 -> usertable:user0028490867]
  - [ID: 001695] Size: 15719.86 KB | Range: [usertable:user0028490868 -> usertable:user0028798966]
  - [ID: 001692] Size: 15767.10 KB | Range: [usertable:user0028798967 -> usertable:user0029107748]
  - [ID: 001694] Size: 15763.69 KB | Range: [usertable:user0029107749 -> usertable:user0029416554]
  - [ID: 001697] Size: 15774.44 KB | Range: [usertable:user0029416555 -> usertable:user0029725922]
  - [ID: 001691] Size: 13951.63 KB | Range: [usertable:user0029725923 -> usertable:user0029999999]
📤 【输出阶段 - 生成的新冷数据 SST (New)】:
  - [ID: 001703] Size:  5515.55 KB | Range: [usertable:user0000003654 -> usertable:user0027618105]
  - [ID: 001706] Size: 15895.52 KB | Range: [usertable:user0027618450 -> usertable:user0028491315]
  - [ID: 001708] Size: 15698.24 KB | Range: [usertable:user0028491316 -> usertable:user0028798966]
  - [ID: 001705] Size: 15767.10 KB | Range: [usertable:user0028798967 -> usertable:user0029107748]
  - [ID: 001707] Size: 15785.26 KB | Range: [usertable:user0029107749 -> usertable:user0029417019]
  - [ID: 001710] Size: 15752.57 KB | Range: [usertable:user0029417020 -> usertable:user0029725922]
  - [ID: 001704] Size: 13951.75 KB | Range: [usertable:user0029725923 -> usertable:user0029999999]
☀️ 【输出阶段 - 拦截并存入 L99 的热数据 SST (Hot)】:
  - [ID: 001709] Size:   228.65 KB | Range: [usertable:user0001679078 -> usertable:user0005699991]
READ   - Takes(s): 110.0, Count: 673334, OPS: 6121.3, Avg(us): 208, Min(us): 1, Max(us): 75135, 50th(us): 182, 90th(us): 396, 95th(us): 467, 99th(us): 650, 99.9th(us): 1100, 99.99th(us): 3319
TOTAL  - Takes(s): 110.0, Count: 6667690, OPS: 60615.7, Avg(us): 258, Min(us): 1, Max(us): 80255, 50th(us): 223, 90th(us): 453, 95th(us): 543, 99th(us): 792, 99.9th(us): 1475, 99.99th(us): 38591
UPDATE - Takes(s): 110.0, Count: 5994356, OPS: 54494.5, Avg(us): 263, Min(us): 4, Max(us): 80255, 50th(us): 228, 90th(us): 459, 95th(us): 550, 99th(us): 803, 99.9th(us): 1509, 99.99th(us): 40287
UPDATE_ERROR - Takes(s): 110.0, Count: 62701, OPS: 570.1, Avg(us): 258, Min(us): 7, Max(us): 60831, 50th(us): 233, 90th(us): 451, 95th(us): 526, 99th(us): 726, 99.9th(us): 1280, 99.99th(us): 2461
badger 2026/04/10 16:05:15 INFO: 
🔥 [Compact-3] 层级变更: L0 -> L3
📥 【输入阶段 - 被选中的上层 SST (Top)】:
  - [ID: 001711] Size:  1885.58 KB | Range: [usertable:user0000513998 -> usertable:user0029963683]
  - [ID: 001712] Size:  1877.32 KB | Range: [usertable:user0000604205 -> usertable:user0029774899]
  - [ID: 001713] Size:  1889.22 KB | Range: [usertable:user0000091634 -> usertable:user0029967487]
  - [ID: 001714] Size:  1872.42 KB | Range: [usertable:user0000407702 -> usertable:user0029963683]
  - [ID: 001715] Size:  1878.84 KB | Range: [usertable:user0000611300 -> usertable:user0029954078]
📥 【输入阶段 - 涉及的底层 SST (Bot)】:
  - [ID: 001703] Size:  5515.55 KB | Range: [usertable:user0000003654 -> usertable:user0027618105]
  - [ID: 001706] Size: 15895.52 KB | Range: [usertable:user0027618450 -> usertable:user0028491315]
  - [ID: 001708] Size: 15698.24 KB | Range: [usertable:user0028491316 -> usertable:user0028798966]
  - [ID: 001705] Size: 15767.10 KB | Range: [usertable:user0028798967 -> usertable:user0029107748]
  - [ID: 001707] Size: 15785.26 KB | Range: [usertable:user0029107749 -> usertable:user0029417019]
  - [ID: 001710] Size: 15752.57 KB | Range: [usertable:user0029417020 -> usertable:user0029725922]
  - [ID: 001704] Size: 13951.75 KB | Range: [usertable:user0029725923 -> usertable:user0029999999]
📤 【输出阶段 - 生成的新冷数据 SST (New)】:
  - [ID: 001716] Size:  5793.39 KB | Range: [usertable:user0000003654 -> usertable:user0028110133]
  - [ID: 001719] Size: 15771.54 KB | Range: [usertable:user0028110142 -> usertable:user0028492451]
  - [ID: 001721] Size: 15637.27 KB | Range: [usertable:user0028492452 -> usertable:user0028798966]
  - [ID: 001718] Size: 15767.26 KB | Range: [usertable:user0028798967 -> usertable:user0029107752]
  - [ID: 001720] Size: 15786.64 KB | Range: [usertable:user0029107753 -> usertable:user0029417052]
  - [ID: 001723] Size: 15751.65 KB | Range: [usertable:user0029417053 -> usertable:user0029725922]
  - [ID: 001717] Size: 13951.80 KB | Range: [usertable:user0029725923 -> usertable:user0029999999]
☀️ 【输出阶段 - 拦截并存入 L99 的热数据 SST (Hot)】:
  - [ID: 001722] Size:   249.51 KB | Range: [usertable:user0001679006 -> usertable:user0005699991]
badger 2026/04/10 16:05:18 INFO: 
🔥 [Compact-0] 层级变更: L0 -> L3
📥 【输入阶段 - 被选中的上层 SST (Top)】:
  - [ID: 001724] Size:  1886.31 KB | Range: [usertable:user0000607070 -> usertable:user0029361820]
  - [ID: 001725] Size:  1875.16 KB | Range: [usertable:user0000602504 -> usertable:user0029900147]
  - [ID: 001726] Size:  1883.98 KB | Range: [usertable:user0000605546 -> usertable:user0029904947]
  - [ID: 001727] Size:  1875.81 KB | Range: [usertable:user0000608588 -> usertable:user0029806907]
  - [ID: 001728] Size:  1886.18 KB | Range: [usertable:user0000471747 -> usertable:user0029893286]
📥 【输入阶段 - 涉及的底层 SST (Bot)】:
  - [ID: 001716] Size:  5793.39 KB | Range: [usertable:user0000003654 -> usertable:user0028110133]
  - [ID: 001719] Size: 15771.54 KB | Range: [usertable:user0028110142 -> usertable:user0028492451]
  - [ID: 001721] Size: 15637.27 KB | Range: [usertable:user0028492452 -> usertable:user0028798966]
  - [ID: 001718] Size: 15767.26 KB | Range: [usertable:user0028798967 -> usertable:user0029107752]
  - [ID: 001720] Size: 15786.64 KB | Range: [usertable:user0029107753 -> usertable:user0029417052]
  - [ID: 001723] Size: 15751.65 KB | Range: [usertable:user0029417053 -> usertable:user0029725922]
  - [ID: 001717] Size: 13951.80 KB | Range: [usertable:user0029725923 -> usertable:user0029999999]
📤 【输出阶段 - 生成的新冷数据 SST (New)】:
  - [ID: 001729] Size:  5786.31 KB | Range: [usertable:user0000003654 -> usertable:user0027977133]
  - [ID: 001732] Size: 15780.53 KB | Range: [usertable:user0027977186 -> usertable:user0028490968]
  - [ID: 001734] Size: 15715.84 KB | Range: [usertable:user0028490969 -> usertable:user0028798966]
  - [ID: 001731] Size: 15778.68 KB | Range: [usertable:user0028798967 -> usertable:user0029107960]
  - [ID: 001733] Size: 15799.99 KB | Range: [usertable:user0029107961 -> usertable:user0029417546]
  - [ID: 001736] Size: 15725.47 KB | Range: [usertable:user0029417547 -> usertable:user0029725922]
  - [ID: 001730] Size: 13952.08 KB | Range: [usertable:user0029725923 -> usertable:user0029999999]
☀️ 【输出阶段 - 拦截并存入 L99 的热数据 SST (Hot)】:
  - [ID: 001735] Size:   243.64 KB | Range: [usertable:user0001679087 -> usertable:user0005699991]
badger 2026/04/10 16:05:22 INFO: 
🔥 [Compact-2] 层级变更: L0 -> L3
📥 【输入阶段 - 被选中的上层 SST (Top)】:
  - [ID: 001737] Size:  1879.26 KB | Range: [usertable:user0000579858 -> usertable:user0029962821]
  - [ID: 001738] Size:  1886.50 KB | Range: [usertable:user0000534512 -> usertable:user0028193250]
  - [ID: 001739] Size:  1873.31 KB | Range: [usertable:user0000627814 -> usertable:user0029906753]
  - [ID: 001740] Size:  1879.89 KB | Range: [usertable:user0000517653 -> usertable:user0028703248]
  - [ID: 001741] Size:  1880.62 KB | Range: [usertable:user0000608195 -> usertable:user0029429481]
📥 【输入阶段 - 涉及的底层 SST (Bot)】:
  - [ID: 001729] Size:  5786.31 KB | Range: [usertable:user0000003654 -> usertable:user0027977133]
  - [ID: 001732] Size: 15780.53 KB | Range: [usertable:user0027977186 -> usertable:user0028490968]
  - [ID: 001734] Size: 15715.84 KB | Range: [usertable:user0028490969 -> usertable:user0028798966]
  - [ID: 001731] Size: 15778.68 KB | Range: [usertable:user0028798967 -> usertable:user0029107960]
  - [ID: 001733] Size: 15799.99 KB | Range: [usertable:user0029107961 -> usertable:user0029417546]
  - [ID: 001736] Size: 15725.47 KB | Range: [usertable:user0029417547 -> usertable:user0029725922]
  - [ID: 001730] Size: 13952.08 KB | Range: [usertable:user0029725923 -> usertable:user0029999999]
📤 【输出阶段 - 生成的新冷数据 SST (New)】:
  - [ID: 001742] Size:  5790.34 KB | Range: [usertable:user0000003654 -> usertable:user0027731610]
  - [ID: 001745] Size: 15777.97 KB | Range: [usertable:user0027731816 -> usertable:user0028489113]
  - [ID: 001747] Size: 15806.61 KB | Range: [usertable:user0028489114 -> usertable:user0028798966]
  - [ID: 001744] Size: 15779.12 KB | Range: [usertable:user0028798967 -> usertable:user0029107972]
  - [ID: 001746] Size: 15781.70 KB | Range: [usertable:user0029107973 -> usertable:user0029417194]
  - [ID: 001749] Size: 15743.27 KB | Range: [usertable:user0029417195 -> usertable:user0029725922]
  - [ID: 001743] Size: 13952.03 KB | Range: [usertable:user0029725923 -> usertable:user0029999999]
☀️ 【输出阶段 - 拦截并存入 L99 的热数据 SST (Hot)】:
  - [ID: 001748] Size:   236.12 KB | Range: [usertable:user0001679006 -> usertable:user0005698995]
READ   - Takes(s): 120.0, Count: 731565, OPS: 6096.4, Avg(us): 209, Min(us): 1, Max(us): 75135, 50th(us): 181, 90th(us): 399, 95th(us): 472, 99th(us): 657, 99.9th(us): 1102, 99.99th(us): 3319
TOTAL  - Takes(s): 120.0, Count: 7239368, OPS: 60328.4, Avg(us): 259, Min(us): 1, Max(us): 80255, 50th(us): 223, 90th(us): 457, 95th(us): 548, 99th(us): 799, 99.9th(us): 1480, 99.99th(us): 42815
UPDATE - Takes(s): 120.0, Count: 6507803, OPS: 54232.1, Avg(us): 265, Min(us): 4, Max(us): 80255, 50th(us): 227, 90th(us): 463, 95th(us): 555, 99th(us): 811, 99.9th(us): 1513, 99.99th(us): 44319
UPDATE_ERROR - Takes(s): 120.0, Count: 68308, OPS: 569.3, Avg(us): 259, Min(us): 7, Max(us): 60831, 50th(us): 232, 90th(us): 456, 95th(us): 533, 99th(us): 730, 99.9th(us): 1283, 99.99th(us): 2461
badger 2026/04/10 16:05:25 INFO: 
🔥 [Compact-2] 层级变更: L0 -> L3
📥 【输入阶段 - 被选中的上层 SST (Top)】:
  - [ID: 001750] Size:  1867.96 KB | Range: [usertable:user0000577357 -> usertable:user0029983321]
  - [ID: 001751] Size:  1890.57 KB | Range: [usertable:user0000600516 -> usertable:user0029877433]
  - [ID: 001752] Size:  1869.24 KB | Range: [usertable:user0000612986 -> usertable:user0029793602]
  - [ID: 001753] Size:  1884.77 KB | Range: [usertable:user0000351501 -> usertable:user0029901143]
  - [ID: 001754] Size:  1878.35 KB | Range: [usertable:user0000609843 -> usertable:user0029886311]
📥 【输入阶段 - 涉及的底层 SST (Bot)】:
  - [ID: 001742] Size:  5790.34 KB | Range: [usertable:user0000003654 -> usertable:user0027731610]
  - [ID: 001745] Size: 15777.97 KB | Range: [usertable:user0027731816 -> usertable:user0028489113]
  - [ID: 001747] Size: 15806.61 KB | Range: [usertable:user0028489114 -> usertable:user0028798966]
  - [ID: 001744] Size: 15779.12 KB | Range: [usertable:user0028798967 -> usertable:user0029107972]
  - [ID: 001746] Size: 15781.70 KB | Range: [usertable:user0029107973 -> usertable:user0029417194]
  - [ID: 001749] Size: 15743.27 KB | Range: [usertable:user0029417195 -> usertable:user0029725922]
  - [ID: 001743] Size: 13952.03 KB | Range: [usertable:user0029725923 -> usertable:user0029999999]
📤 【输出阶段 - 生成的新冷数据 SST (New)】:
  - [ID: 001755] Size:  6066.26 KB | Range: [usertable:user0000003654 -> usertable:user0028123998]
  - [ID: 001758] Size: 15786.06 KB | Range: [usertable:user0028124228 -> usertable:user0028492906]
  - [ID: 001760] Size: 15614.16 KB | Range: [usertable:user0028492907 -> usertable:user0028798966]
  - [ID: 001757] Size: 15763.90 KB | Range: [usertable:user0028798967 -> usertable:user0029107669]
  - [ID: 001759] Size: 15797.60 KB | Range: [usertable:user0029107670 -> usertable:user0029417187]
  - [ID: 001762] Size: 15744.01 KB | Range: [usertable:user0029417188 -> usertable:user0029725922]
  - [ID: 001756] Size: 13952.04 KB | Range: [usertable:user0029725923 -> usertable:user0029999999]
☀️ 【输出阶段 - 拦截并存入 L99 的热数据 SST (Hot)】:
  - [ID: 001761] Size:   249.14 KB | Range: [usertable:user0001679097 -> usertable:user0005699991]
badger 2026/04/10 16:05:29 INFO: 
🔥 [Compact-2] 层级变更: L0 -> L3
📥 【输入阶段 - 被选中的上层 SST (Top)】:
  - [ID: 001763] Size:  1883.35 KB | Range: [usertable:user0000089990 -> usertable:user0029786339]
  - [ID: 001764] Size:  1872.02 KB | Range: [usertable:user0000608037 -> usertable:user0029864795]
  - [ID: 001765] Size:  1871.28 KB | Range: [usertable:user0000604272 -> usertable:user0029887465]
  - [ID: 001766] Size:  1889.89 KB | Range: [usertable:user0000600142 -> usertable:user0029155549]
  - [ID: 001767] Size:  1873.89 KB | Range: [usertable:user0000089583 -> usertable:user0029959266]
📥 【输入阶段 - 涉及的底层 SST (Bot)】:
  - [ID: 001755] Size:  6066.26 KB | Range: [usertable:user0000003654 -> usertable:user0028123998]
  - [ID: 001758] Size: 15786.06 KB | Range: [usertable:user0028124228 -> usertable:user0028492906]
  - [ID: 001760] Size: 15614.16 KB | Range: [usertable:user0028492907 -> usertable:user0028798966]
  - [ID: 001757] Size: 15763.90 KB | Range: [usertable:user0028798967 -> usertable:user0029107669]
  - [ID: 001759] Size: 15797.60 KB | Range: [usertable:user0029107670 -> usertable:user0029417187]
  - [ID: 001762] Size: 15744.01 KB | Range: [usertable:user0029417188 -> usertable:user0029725922]
  - [ID: 001756] Size: 13952.04 KB | Range: [usertable:user0029725923 -> usertable:user0029999999]
📤 【输出阶段 - 生成的新冷数据 SST (New)】:
  - [ID: 001768] Size:  6069.30 KB | Range: [usertable:user0000003654 -> usertable:user0027998917]
  - [ID: 001771] Size: 15835.41 KB | Range: [usertable:user0027998980 -> usertable:user0028492158]
  - [ID: 001773] Size: 15652.76 KB | Range: [usertable:user0028492159 -> usertable:user0028798966]
  - [ID: 001770] Size: 15769.26 KB | Range: [usertable:user0028798967 -> usertable:user0029107784]
  - [ID: 001772] Size: 15763.29 KB | Range: [usertable:user0029107785 -> usertable:user0029416619]
  - [ID: 001775] Size: 15771.83 KB | Range: [usertable:user0029416620 -> usertable:user0029725922]
  - [ID: 001769] Size: 13951.87 KB | Range: [usertable:user0029725923 -> usertable:user0029999999]
☀️ 【输出阶段 - 拦截并存入 L99 的热数据 SST (Hot)】:
  - [ID: 001774] Size:   240.97 KB | Range: [usertable:user0001679006 -> usertable:user0005699991]
badger 2026/04/10 16:05:33 INFO: 
🔥 [Compact-3] 层级变更: L0 -> L3
📥 【输入阶段 - 被选中的上层 SST (Top)】:
  - [ID: 001776] Size:  1883.05 KB | Range: [usertable:user0000603184 -> usertable:user0029822870]
  - [ID: 001777] Size:  1871.43 KB | Range: [usertable:user0000183623 -> usertable:user0029866553]
  - [ID: 001778] Size:  1891.84 KB | Range: [usertable:user0000627814 -> usertable:user0029844108]
  - [ID: 001779] Size:  1880.35 KB | Range: [usertable:user0000617959 -> usertable:user0029966428]
  - [ID: 001780] Size:  1883.98 KB | Range: [usertable:user0000170338 -> usertable:user0029958691]
📥 【输入阶段 - 涉及的底层 SST (Bot)】:
  - [ID: 001768] Size:  6069.30 KB | Range: [usertable:user0000003654 -> usertable:user0027998917]
  - [ID: 001771] Size: 15835.41 KB | Range: [usertable:user0027998980 -> usertable:user0028492158]
  - [ID: 001773] Size: 15652.76 KB | Range: [usertable:user0028492159 -> usertable:user0028798966]
  - [ID: 001770] Size: 15769.26 KB | Range: [usertable:user0028798967 -> usertable:user0029107784]
  - [ID: 001772] Size: 15763.29 KB | Range: [usertable:user0029107785 -> usertable:user0029416619]
  - [ID: 001775] Size: 15771.83 KB | Range: [usertable:user0029416620 -> usertable:user0029725922]
  - [ID: 001769] Size: 13951.87 KB | Range: [usertable:user0029725923 -> usertable:user0029999999]
📤 【输出阶段 - 生成的新冷数据 SST (New)】:
  - [ID: 001781] Size:  6051.38 KB | Range: [usertable:user0000003654 -> usertable:user0027817535]
  - [ID: 001784] Size: 15769.34 KB | Range: [usertable:user0027817554 -> usertable:user0028489019]
  - [ID: 001786] Size: 15763.69 KB | Range: [usertable:user0028489020 -> usertable:user0028798034]
  - [ID: 001787] Size:    48.26 KB | Range: [usertable:user0028798035 -> usertable:user0028798966]
  - [ID: 001783] Size: 15765.20 KB | Range: [usertable:user0028798967 -> usertable:user0029107702]
  - [ID: 001785] Size: 15765.19 KB | Range: [usertable:user0029107703 -> usertable:user0029416567]
  - [ID: 001789] Size: 15772.66 KB | Range: [usertable:user0029416568 -> usertable:user0029725899]
  - [ID: 001790] Size:     1.16 KB | Range: [usertable:user0029725900 -> usertable:user0029725922]
  - [ID: 001782] Size: 13952.14 KB | Range: [usertable:user0029725923 -> usertable:user0029999999]
☀️ 【输出阶段 - 拦截并存入 L99 的热数据 SST (Hot)】:
  - [ID: 001788] Size:   256.09 KB | Range: [usertable:user0001675015 -> usertable:user0005699991]
READ   - Takes(s): 130.0, Count: 789311, OPS: 6071.7, Avg(us): 209, Min(us): 1, Max(us): 75135, 50th(us): 180, 90th(us): 401, 95th(us): 476, 99th(us): 663, 99.9th(us): 1103, 99.99th(us): 3139
TOTAL  - Takes(s): 130.0, Count: 7809128, OPS: 60070.3, Avg(us): 260, Min(us): 1, Max(us): 80255, 50th(us): 222, 90th(us): 460, 95th(us): 553, 99th(us): 808, 99.9th(us): 1494, 99.99th(us): 43231
UPDATE - Takes(s): 130.0, Count: 7019817, OPS: 53998.7, Avg(us): 266, Min(us): 4, Max(us): 80255, 50th(us): 227, 90th(us): 467, 95th(us): 561, 99th(us): 821, 99.9th(us): 1528, 99.99th(us): 44639
UPDATE_ERROR - Takes(s): 130.0, Count: 73929, OPS: 568.7, Avg(us): 260, Min(us): 7, Max(us): 60831, 50th(us): 232, 90th(us): 460, 95th(us): 540, 99th(us): 741, 99.9th(us): 1283, 99.99th(us): 2461
badger 2026/04/10 16:05:36 INFO: 
🔥 [Compact-0] 层级变更: L0 -> L3
📥 【输入阶段 - 被选中的上层 SST (Top)】:
  - [ID: 001791] Size:  1872.67 KB | Range: [usertable:user0000623957 -> usertable:user0029958912]
  - [ID: 001792] Size:  1876.90 KB | Range: [usertable:user0000054404 -> usertable:user0029962744]
  - [ID: 001793] Size:  1882.94 KB | Range: [usertable:user0000605517 -> usertable:user0029935072]
  - [ID: 001794] Size:  1877.23 KB | Range: [usertable:user0000170995 -> usertable:user0029832725]
  - [ID: 001795] Size:  1881.98 KB | Range: [usertable:user0000604904 -> usertable:user0029990555]
📥 【输入阶段 - 涉及的底层 SST (Bot)】:
  - [ID: 001781] Size:  6051.38 KB | Range: [usertable:user0000003654 -> usertable:user0027817535]
  - [ID: 001784] Size: 15769.34 KB | Range: [usertable:user0027817554 -> usertable:user0028489019]
  - [ID: 001786] Size: 15763.69 KB | Range: [usertable:user0028489020 -> usertable:user0028798034]
  - [ID: 001787] Size:    48.26 KB | Range: [usertable:user0028798035 -> usertable:user0028798966]
  - [ID: 001783] Size: 15765.20 KB | Range: [usertable:user0028798967 -> usertable:user0029107702]
  - [ID: 001785] Size: 15765.19 KB | Range: [usertable:user0029107703 -> usertable:user0029416567]
  - [ID: 001789] Size: 15772.66 KB | Range: [usertable:user0029416568 -> usertable:user0029725899]
  - [ID: 001790] Size:     1.16 KB | Range: [usertable:user0029725900 -> usertable:user0029725922]
  - [ID: 001782] Size: 13952.14 KB | Range: [usertable:user0029725923 -> usertable:user0029999999]
📤 【输出阶段 - 生成的新冷数据 SST (New)】:
  - [ID: 001796] Size:  6041.61 KB | Range: [usertable:user0000003654 -> usertable:user0027095644]
  - [ID: 001799] Size: 15765.01 KB | Range: [usertable:user0027095764 -> usertable:user0028487180]
  - [ID: 001802] Size: 15780.59 KB | Range: [usertable:user0028487181 -> usertable:user0028796537]
  - [ID: 001803] Size:    75.93 KB | Range: [usertable:user0028796538 -> usertable:user0028798034]
  - [ID: 001798] Size: 15812.39 KB | Range: [usertable:user0028798035 -> usertable:user0029107680]
  - [ID: 001801] Size: 15766.31 KB | Range: [usertable:user0029107681 -> usertable:user0029416567]
  - [ID: 001797] Size: 15792.83 KB | Range: [usertable:user0029416568 -> usertable:user0029726304]
  - [ID: 001800] Size: 13933.63 KB | Range: [usertable:user0029726305 -> usertable:user0029999999]
☀️ 【输出阶段 - 拦截并存入 L99 的热数据 SST (Hot)】:
  - [ID: 001804] Size:   252.84 KB | Range: [usertable:user0001679097 -> usertable:user0005698995]
badger 2026/04/10 16:05:40 INFO: 
🔥 [Compact-2] 层级变更: L0 -> L3
📥 【输入阶段 - 被选中的上层 SST (Top)】:
  - [ID: 001805] Size:  1875.36 KB | Range: [usertable:user0000586584 -> usertable:user0029839552]
  - [ID: 001806] Size:  1885.92 KB | Range: [usertable:user0000613877 -> usertable:user0029946110]
  - [ID: 001807] Size:  1874.36 KB | Range: [usertable:user0000076423 -> usertable:user0029970501]
  - [ID: 001808] Size:  1887.04 KB | Range: [usertable:user0000346360 -> usertable:user0029764718]
  - [ID: 001809] Size:  1873.20 KB | Range: [usertable:user0000528059 -> usertable:user0029940261]
📥 【输入阶段 - 涉及的底层 SST (Bot)】:
  - [ID: 001796] Size:  6041.61 KB | Range: [usertable:user0000003654 -> usertable:user0027095644]
  - [ID: 001799] Size: 15765.01 KB | Range: [usertable:user0027095764 -> usertable:user0028487180]
  - [ID: 001802] Size: 15780.59 KB | Range: [usertable:user0028487181 -> usertable:user0028796537]
  - [ID: 001803] Size:    75.93 KB | Range: [usertable:user0028796538 -> usertable:user0028798034]
  - [ID: 001798] Size: 15812.39 KB | Range: [usertable:user0028798035 -> usertable:user0029107680]
  - [ID: 001801] Size: 15766.31 KB | Range: [usertable:user0029107681 -> usertable:user0029416567]
  - [ID: 001797] Size: 15792.83 KB | Range: [usertable:user0029416568 -> usertable:user0029726304]
  - [ID: 001800] Size: 13933.63 KB | Range: [usertable:user0029726305 -> usertable:user0029999999]
📤 【输出阶段 - 生成的新冷数据 SST (New)】:
  - [ID: 001810] Size:  6341.70 KB | Range: [usertable:user0000003654 -> usertable:user0028022896]
  - [ID: 001813] Size: 15821.63 KB | Range: [usertable:user0028023073 -> usertable:user0028492057]
  - [ID: 001817] Size: 15533.94 KB | Range: [usertable:user0028492058 -> usertable:user0028796537]
  - [ID: 001812] Size: 15777.66 KB | Range: [usertable:user0028796538 -> usertable:user0029105542]
  - [ID: 001815] Size: 15801.47 KB | Range: [usertable:user0029105543 -> usertable:user0029415084]
  - [ID: 001816] Size:    76.34 KB | Range: [usertable:user0029415085 -> usertable:user0029416567]
  - [ID: 001811] Size: 15793.56 KB | Range: [usertable:user0029416568 -> usertable:user0029726316]
  - [ID: 001814] Size: 13932.98 KB | Range: [usertable:user0029726317 -> usertable:user0029999999]
☀️ 【输出阶段 - 拦截并存入 L99 的热数据 SST (Hot)】:
  - [ID: 001818] Size:   229.55 KB | Range: [usertable:user0001679006 -> usertable:user0005699991]
badger 2026/04/10 16:05:43 INFO: 
🔥 [Compact-0] 层级变更: L0 -> L3
📥 【输入阶段 - 被选中的上层 SST (Top)】:
  - [ID: 001819] Size:  1885.88 KB | Range: [usertable:user0000572763 -> usertable:user0028300287]
  - [ID: 001820] Size:  1883.61 KB | Range: [usertable:user0000605723 -> usertable:user0029898642]
  - [ID: 001821] Size:  1879.64 KB | Range: [usertable:user0000605685 -> usertable:user0029940251]
  - [ID: 001822] Size:  1878.36 KB | Range: [usertable:user0000340204 -> usertable:user0029846834]
  - [ID: 001823] Size:  1878.45 KB | Range: [usertable:user0000134100 -> usertable:user0029948602]
📥 【输入阶段 - 涉及的底层 SST (Bot)】:
  - [ID: 001810] Size:  6341.70 KB | Range: [usertable:user0000003654 -> usertable:user0028022896]
  - [ID: 001813] Size: 15821.63 KB | Range: [usertable:user0028023073 -> usertable:user0028492057]
  - [ID: 001817] Size: 15533.94 KB | Range: [usertable:user0028492058 -> usertable:user0028796537]
  - [ID: 001812] Size: 15777.66 KB | Range: [usertable:user0028796538 -> usertable:user0029105542]
  - [ID: 001815] Size: 15801.47 KB | Range: [usertable:user0029105543 -> usertable:user0029415084]
  - [ID: 001816] Size:    76.34 KB | Range: [usertable:user0029415085 -> usertable:user0029416567]
  - [ID: 001811] Size: 15793.56 KB | Range: [usertable:user0029416568 -> usertable:user0029726316]
  - [ID: 001814] Size: 13932.98 KB | Range: [usertable:user0029726317 -> usertable:user0029999999]
📤 【输出阶段 - 生成的新冷数据 SST (New)】:
  - [ID: 001824] Size:  6356.44 KB | Range: [usertable:user0000003654 -> usertable:user0027912231]
  - [ID: 001827] Size: 15784.83 KB | Range: [usertable:user0027912284 -> usertable:user0028489619]
  - [ID: 001831] Size: 15656.56 KB | Range: [usertable:user0028489620 -> usertable:user0028796537]
  - [ID: 001825] Size: 15793.93 KB | Range: [usertable:user0028796538 -> usertable:user0029105859]
  - [ID: 001829] Size: 15774.41 KB | Range: [usertable:user0029105860 -> usertable:user0029414868]
  - [ID: 001830] Size:    87.08 KB | Range: [usertable:user0029414869 -> usertable:user0029416567]
  - [ID: 001826] Size: 15797.21 KB | Range: [usertable:user0029416568 -> usertable:user0029726368]
  - [ID: 001828] Size: 13929.41 KB | Range: [usertable:user0029726369 -> usertable:user0029999999]
☀️ 【输出阶段 - 拦截并存入 L99 的热数据 SST (Hot)】:
  - [ID: 001832] Size:   221.25 KB | Range: [usertable:user0001679006 -> usertable:user0005699991]
READ   - Takes(s): 140.0, Count: 846790, OPS: 6048.6, Avg(us): 210, Min(us): 1, Max(us): 75135, 50th(us): 180, 90th(us): 404, 95th(us): 481, 99th(us): 672, 99.9th(us): 1114, 99.99th(us): 3227
TOTAL  - Takes(s): 140.0, Count: 8375100, OPS: 59822.5, Avg(us): 261, Min(us): 1, Max(us): 80255, 50th(us): 222, 90th(us): 465, 95th(us): 559, 99th(us): 819, 99.9th(us): 1499, 99.99th(us): 43327
UPDATE - Takes(s): 140.0, Count: 7528310, OPS: 53774.0, Avg(us): 267, Min(us): 4, Max(us): 80255, 50th(us): 226, 90th(us): 471, 95th(us): 567, 99th(us): 831, 99.9th(us): 1532, 99.99th(us): 44927
UPDATE_ERROR - Takes(s): 140.0, Count: 79652, OPS: 569.0, Avg(us): 262, Min(us): 3, Max(us): 60831, 50th(us): 232, 90th(us): 465, 95th(us): 547, 99th(us): 755, 99.9th(us): 1283, 99.99th(us): 2461
badger 2026/04/10 16:05:47 INFO: 
🔥 [Compact-2] 层级变更: L0 -> L3
📥 【输入阶段 - 被选中的上层 SST (Top)】:
  - [ID: 001833] Size:  1882.50 KB | Range: [usertable:user0000515718 -> usertable:user0029819847]
  - [ID: 001834] Size:  1870.16 KB | Range: [usertable:user0000570439 -> usertable:user0029939034]
  - [ID: 001835] Size:  1879.03 KB | Range: [usertable:user0000223469 -> usertable:user0029995466]
  - [ID: 001836] Size:  1875.66 KB | Range: [usertable:user0000600142 -> usertable:user0029905326]
  - [ID: 001837] Size:  1878.06 KB | Range: [usertable:user0000611300 -> usertable:user0029738704]
📥 【输入阶段 - 涉及的底层 SST (Bot)】:
  - [ID: 001824] Size:  6356.44 KB | Range: [usertable:user0000003654 -> usertable:user0027912231]
  - [ID: 001827] Size: 15784.83 KB | Range: [usertable:user0027912284 -> usertable:user0028489619]
  - [ID: 001831] Size: 15656.56 KB | Range: [usertable:user0028489620 -> usertable:user0028796537]
  - [ID: 001825] Size: 15793.93 KB | Range: [usertable:user0028796538 -> usertable:user0029105859]
  - [ID: 001829] Size: 15774.41 KB | Range: [usertable:user0029105860 -> usertable:user0029414868]
  - [ID: 001830] Size:    87.08 KB | Range: [usertable:user0029414869 -> usertable:user0029416567]
  - [ID: 001826] Size: 15797.21 KB | Range: [usertable:user0029416568 -> usertable:user0029726368]
  - [ID: 001828] Size: 13929.41 KB | Range: [usertable:user0029726369 -> usertable:user0029999999]
📤 【输出阶段 - 生成的新冷数据 SST (New)】:
  - [ID: 001838] Size:  6358.07 KB | Range: [usertable:user0000003654 -> usertable:user0027605581]
  - [ID: 001841] Size: 15783.26 KB | Range: [usertable:user0027606084 -> usertable:user0028487810]
  - [ID: 001845] Size: 15747.03 KB | Range: [usertable:user0028487811 -> usertable:user0028796537]
  - [ID: 001839] Size: 15761.75 KB | Range: [usertable:user0028796538 -> usertable:user0029105253]
  - [ID: 001843] Size: 15767.77 KB | Range: [usertable:user0029105254 -> usertable:user0029414150]
  - [ID: 001844] Size:   125.05 KB | Range: [usertable:user0029414151 -> usertable:user0029416567]
  - [ID: 001840] Size: 15774.75 KB | Range: [usertable:user0029416568 -> usertable:user0029725950]
  - [ID: 001842] Size: 13951.65 KB | Range: [usertable:user0029725951 -> usertable:user0029999999]
☀️ 【输出阶段 - 拦截并存入 L99 的热数据 SST (Hot)】:
  - [ID: 001846] Size:   212.04 KB | Range: [usertable:user0001679078 -> usertable:user0005698995]
badger 2026/04/10 16:05:51 INFO: 
🔥 [Compact-0] 层级变更: L0 -> L3
📥 【输入阶段 - 被选中的上层 SST (Top)】:
  - [ID: 001847] Size:  1879.47 KB | Range: [usertable:user0000353690 -> usertable:user0029941051]
  - [ID: 001848] Size:  1873.76 KB | Range: [usertable:user0000196659 -> usertable:user0029935072]
  - [ID: 001849] Size:  1893.09 KB | Range: [usertable:user0000433458 -> usertable:user0029242599]
  - [ID: 001850] Size:  1878.27 KB | Range: [usertable:user0000101230 -> usertable:user0029863410]
  - [ID: 001851] Size:  1888.41 KB | Range: [usertable:user0000601268 -> usertable:user0029970759]
📥 【输入阶段 - 涉及的底层 SST (Bot)】:
  - [ID: 001838] Size:  6358.07 KB | Range: [usertable:user0000003654 -> usertable:user0027605581]
  - [ID: 001841] Size: 15783.26 KB | Range: [usertable:user0027606084 -> usertable:user0028487810]
  - [ID: 001845] Size: 15747.03 KB | Range: [usertable:user0028487811 -> usertable:user0028796537]
  - [ID: 001839] Size: 15761.75 KB | Range: [usertable:user0028796538 -> usertable:user0029105253]
  - [ID: 001843] Size: 15767.77 KB | Range: [usertable:user0029105254 -> usertable:user0029414150]
  - [ID: 001844] Size:   125.05 KB | Range: [usertable:user0029414151 -> usertable:user0029416567]
  - [ID: 001840] Size: 15774.75 KB | Range: [usertable:user0029416568 -> usertable:user0029725950]
  - [ID: 001842] Size: 13951.65 KB | Range: [usertable:user0029725951 -> usertable:user0029999999]
📤 【输出阶段 - 生成的新冷数据 SST (New)】:
  - [ID: 001852] Size:  6623.14 KB | Range: [usertable:user0000003654 -> usertable:user0028055867]
  - [ID: 001855] Size: 15771.77 KB | Range: [usertable:user0028055943 -> usertable:user0028491464]
  - [ID: 001859] Size: 15566.21 KB | Range: [usertable:user0028491465 -> usertable:user0028796537]
  - [ID: 001854] Size: 15786.66 KB | Range: [usertable:user0028796538 -> usertable:user0029105731]
  - [ID: 001857] Size: 15780.84 KB | Range: [usertable:user0029105732 -> usertable:user0029414868]
  - [ID: 001858] Size:    87.08 KB | Range: [usertable:user0029414869 -> usertable:user0029416567]
  - [ID: 001853] Size: 15772.42 KB | Range: [usertable:user0029416568 -> usertable:user0029725896]
  - [ID: 001856] Size: 13954.02 KB | Range: [usertable:user0029725897 -> usertable:user0029999999]
☀️ 【输出阶段 - 拦截并存入 L99 的热数据 SST (Hot)】:
  - [ID: 001860] Size:   219.05 KB | Range: [usertable:user0001679087 -> usertable:user0005699991]
READ   - Takes(s): 150.0, Count: 903109, OPS: 6020.6, Avg(us): 210, Min(us): 1, Max(us): 75135, 50th(us): 179, 90th(us): 408, 95th(us): 486, 99th(us): 678, 99.9th(us): 1113, 99.99th(us): 2861
TOTAL  - Takes(s): 150.0, Count: 8932924, OPS: 59552.1, Avg(us): 262, Min(us): 1, Max(us): 80255, 50th(us): 222, 90th(us): 469, 95th(us): 566, 99th(us): 827, 99.9th(us): 1495, 99.99th(us): 43199
UPDATE - Takes(s): 150.0, Count: 8029815, OPS: 53531.5, Avg(us): 268, Min(us): 4, Max(us): 80255, 50th(us): 226, 90th(us): 476, 95th(us): 574, 99th(us): 840, 99.9th(us): 1528, 99.99th(us): 44863
UPDATE_ERROR - Takes(s): 150.0, Count: 85404, OPS: 569.4, Avg(us): 264, Min(us): 3, Max(us): 60831, 50th(us): 231, 90th(us): 471, 95th(us): 557, 99th(us): 768, 99.9th(us): 1302, 99.99th(us): 2637
badger 2026/04/10 16:05:54 INFO: 
🔥 [Compact-1] 层级变更: L0 -> L3
📥 【输入阶段 - 被选中的上层 SST (Top)】:
  - [ID: 001861] Size:  1874.02 KB | Range: [usertable:user0000464077 -> usertable:user0029959870]
  - [ID: 001862] Size:  1888.07 KB | Range: [usertable:user0000652085 -> usertable:user0029998915]
  - [ID: 001863] Size:  1867.50 KB | Range: [usertable:user0000246609 -> usertable:user0029941674]
  - [ID: 001864] Size:  1870.31 KB | Range: [usertable:user0000081065 -> usertable:user0028198903]
  - [ID: 001865] Size:  1881.11 KB | Range: [usertable:user0000370381 -> usertable:user0029972872]
📥 【输入阶段 - 涉及的底层 SST (Bot)】:
  - [ID: 001852] Size:  6623.14 KB | Range: [usertable:user0000003654 -> usertable:user0028055867]
  - [ID: 001855] Size: 15771.77 KB | Range: [usertable:user0028055943 -> usertable:user0028491464]
  - [ID: 001859] Size: 15566.21 KB | Range: [usertable:user0028491465 -> usertable:user0028796537]
  - [ID: 001854] Size: 15786.66 KB | Range: [usertable:user0028796538 -> usertable:user0029105731]
  - [ID: 001857] Size: 15780.84 KB | Range: [usertable:user0029105732 -> usertable:user0029414868]
  - [ID: 001858] Size:    87.08 KB | Range: [usertable:user0029414869 -> usertable:user0029416567]
  - [ID: 001853] Size: 15772.42 KB | Range: [usertable:user0029416568 -> usertable:user0029725896]
  - [ID: 001856] Size: 13954.02 KB | Range: [usertable:user0029725897 -> usertable:user0029999999]
📤 【输出阶段 - 生成的新冷数据 SST (New)】:
  - [ID: 001866] Size:  6644.60 KB | Range: [usertable:user0000003654 -> usertable:user0027945164]
  - [ID: 001869] Size: 15765.11 KB | Range: [usertable:user0027945173 -> usertable:user0028489435]
  - [ID: 001873] Size: 15666.45 KB | Range: [usertable:user0028489436 -> usertable:user0028796537]
  - [ID: 001868] Size: 15866.36 KB | Range: [usertable:user0028796538 -> usertable:user0029107248]
  - [ID: 001871] Size: 15787.19 KB | Range: [usertable:user0029107249 -> usertable:user0029416525]
  - [ID: 001872] Size:     2.13 KB | Range: [usertable:user0029416526 -> usertable:user0029416567]
  - [ID: 001867] Size: 15774.09 KB | Range: [usertable:user0029416568 -> usertable:user0029725933]
  - [ID: 001870] Size: 13951.92 KB | Range: [usertable:user0029725934 -> usertable:user0029999999]
☀️ 【输出阶段 - 拦截并存入 L99 的热数据 SST (Hot)】:
  - [ID: 001874] Size:   207.32 KB | Range: [usertable:user0001679087 -> usertable:user0005699991]
badger 2026/04/10 16:05:58 INFO: 
🔥 [Compact-2] 层级变更: L0 -> L3
📥 【输入阶段 - 被选中的上层 SST (Top)】:
  - [ID: 001875] Size:  1876.22 KB | Range: [usertable:user0000610184 -> usertable:user0029927977]
  - [ID: 001876] Size:  1888.41 KB | Range: [usertable:user0000108910 -> usertable:user0028449451]
  - [ID: 001877] Size:  1877.78 KB | Range: [usertable:user0000270051 -> usertable:user0029905326]
  - [ID: 001878] Size:  1888.53 KB | Range: [usertable:user0000561020 -> usertable:user0029911400]
  - [ID: 001879] Size:  1876.45 KB | Range: [usertable:user0000522798 -> usertable:user0029883383]
📥 【输入阶段 - 涉及的底层 SST (Bot)】:
  - [ID: 001866] Size:  6644.60 KB | Range: [usertable:user0000003654 -> usertable:user0027945164]
  - [ID: 001869] Size: 15765.11 KB | Range: [usertable:user0027945173 -> usertable:user0028489435]
  - [ID: 001873] Size: 15666.45 KB | Range: [usertable:user0028489436 -> usertable:user0028796537]
  - [ID: 001868] Size: 15866.36 KB | Range: [usertable:user0028796538 -> usertable:user0029107248]
  - [ID: 001871] Size: 15787.19 KB | Range: [usertable:user0029107249 -> usertable:user0029416525]
  - [ID: 001872] Size:     2.13 KB | Range: [usertable:user0029416526 -> usertable:user0029416567]
  - [ID: 001867] Size: 15774.09 KB | Range: [usertable:user0029416568 -> usertable:user0029725933]
  - [ID: 001870] Size: 13951.92 KB | Range: [usertable:user0029725934 -> usertable:user0029999999]
📤 【输出阶段 - 生成的新冷数据 SST (New)】:
  - [ID: 001880] Size:  6634.48 KB | Range: [usertable:user0000003654 -> usertable:user0027751248]
  - [ID: 001883] Size: 15785.24 KB | Range: [usertable:user0027751732 -> usertable:user0028488305]
  - [ID: 001887] Size: 15723.58 KB | Range: [usertable:user0028488306 -> usertable:user0028796537]
  - [ID: 001882] Size: 15770.25 KB | Range: [usertable:user0028796538 -> usertable:user0029105399]
  - [ID: 001885] Size: 15778.14 KB | Range: [usertable:user0029105400 -> usertable:user0029414487]
  - [ID: 001886] Size:   107.18 KB | Range: [usertable:user0029414488 -> usertable:user0029416567]
  - [ID: 001881] Size: 15766.18 KB | Range: [usertable:user0029416568 -> usertable:user0029725768]
  - [ID: 001884] Size: 13960.61 KB | Range: [usertable:user0029725769 -> usertable:user0029999999]
☀️ 【输出阶段 - 拦截并存入 L99 的热数据 SST (Hot)】:
  - [ID: 001888] Size:   213.17 KB | Range: [usertable:user0001679006 -> usertable:user0005699991]
badger 2026/04/10 16:06:02 INFO: 
🔥 [Compact-0] 层级变更: L0 -> L3
📥 【输入阶段 - 被选中的上层 SST (Top)】:
  - [ID: 001889] Size:  1883.23 KB | Range: [usertable:user0000467507 -> usertable:user0029985376]
  - [ID: 001890] Size:  1871.43 KB | Range: [usertable:user0000516853 -> usertable:user0029829797]
  - [ID: 001891] Size:  1873.90 KB | Range: [usertable:user0000390312 -> usertable:user0029898408]
  - [ID: 001892] Size:  1889.08 KB | Range: [usertable:user0000139437 -> usertable:user0028264916]
  - [ID: 001893] Size:  1872.78 KB | Range: [usertable:user0000441574 -> usertable:user0029946537]
📥 【输入阶段 - 涉及的底层 SST (Bot)】:
  - [ID: 001880] Size:  6634.48 KB | Range: [usertable:user0000003654 -> usertable:user0027751248]
  - [ID: 001883] Size: 15785.24 KB | Range: [usertable:user0027751732 -> usertable:user0028488305]
  - [ID: 001887] Size: 15723.58 KB | Range: [usertable:user0028488306 -> usertable:user0028796537]
  - [ID: 001882] Size: 15770.25 KB | Range: [usertable:user0028796538 -> usertable:user0029105399]
  - [ID: 001885] Size: 15778.14 KB | Range: [usertable:user0029105400 -> usertable:user0029414487]
  - [ID: 001886] Size:   107.18 KB | Range: [usertable:user0029414488 -> usertable:user0029416567]
  - [ID: 001881] Size: 15766.18 KB | Range: [usertable:user0029416568 -> usertable:user0029725768]
  - [ID: 001884] Size: 13960.61 KB | Range: [usertable:user0029725769 -> usertable:user0029999999]
📤 【输出阶段 - 生成的新冷数据 SST (New)】:
  - [ID: 001894] Size:  6613.59 KB | Range: [usertable:user0000003654 -> usertable:user0027078488]
  - [ID: 001897] Size: 15773.82 KB | Range: [usertable:user0027080136 -> usertable:user0028486362]
  - [ID: 001901] Size: 15789.06 KB | Range: [usertable:user0028486363 -> usertable:user0028795854]
  - [ID: 001902] Size:    33.85 KB | Range: [usertable:user0028795855 -> usertable:user0028796537]
  - [ID: 001896] Size: 15796.87 KB | Range: [usertable:user0028796538 -> usertable:user0029105918]
  - [ID: 001899] Size: 15763.34 KB | Range: [usertable:user0029105919 -> usertable:user0029414721]
  - [ID: 001900] Size:    94.11 KB | Range: [usertable:user0029414722 -> usertable:user0029416567]
  - [ID: 001895] Size: 15769.74 KB | Range: [usertable:user0029416568 -> usertable:user0029725832]
  - [ID: 001898] Size: 13957.05 KB | Range: [usertable:user0029725833 -> usertable:user0029999999]
☀️ 【输出阶段 - 拦截并存入 L99 的热数据 SST (Hot)】:
  - [ID: 001903] Size:   236.41 KB | Range: [usertable:user0001679025 -> usertable:user0005698995]
READ   - Takes(s): 160.0, Count: 957647, OPS: 5985.3, Avg(us): 211, Min(us): 1, Max(us): 75135, 50th(us): 179, 90th(us): 411, 95th(us): 492, 99th(us): 689, 99.9th(us): 1131, 99.99th(us): 2861
TOTAL  - Takes(s): 160.0, Count: 9471487, OPS: 59197.0, Avg(us): 264, Min(us): 1, Max(us): 80255, 50th(us): 222, 90th(us): 474, 95th(us): 573, 99th(us): 840, 99.9th(us): 1515, 99.99th(us): 43327
UPDATE - Takes(s): 160.0, Count: 8513840, OPS: 53211.7, Avg(us): 270, Min(us): 4, Max(us): 80255, 50th(us): 226, 90th(us): 481, 95th(us): 581, 99th(us): 853, 99.9th(us): 1547, 99.99th(us): 44959
UPDATE_ERROR - Takes(s): 160.0, Count: 90976, OPS: 568.6, Avg(us): 266, Min(us): 3, Max(us): 60831, 50th(us): 232, 90th(us): 477, 95th(us): 565, 99th(us): 780, 99.9th(us): 1352, 99.99th(us): 2961
badger 2026/04/10 16:06:05 INFO: 
🔥 [Compact-2] 层级变更: L0 -> L3
📥 【输入阶段 - 被选中的上层 SST (Top)】:
  - [ID: 001904] Size:  1886.98 KB | Range: [usertable:user0000319292 -> usertable:user0029986157]
  - [ID: 001905] Size:  1879.04 KB | Range: [usertable:user0000610596 -> usertable:user0029974645]
  - [ID: 001906] Size:  1882.52 KB | Range: [usertable:user0000620896 -> usertable:user0029824441]
  - [ID: 001907] Size:  1870.02 KB | Range: [usertable:user0000392156 -> usertable:user0029987523]
  - [ID: 001908] Size:  1881.88 KB | Range: [usertable:user0000603342 -> usertable:user0029935072]
📥 【输入阶段 - 涉及的底层 SST (Bot)】:
  - [ID: 001894] Size:  6613.59 KB | Range: [usertable:user0000003654 -> usertable:user0027078488]
  - [ID: 001897] Size: 15773.82 KB | Range: [usertable:user0027080136 -> usertable:user0028486362]
  - [ID: 001901] Size: 15789.06 KB | Range: [usertable:user0028486363 -> usertable:user0028795854]
  - [ID: 001902] Size:    33.85 KB | Range: [usertable:user0028795855 -> usertable:user0028796537]
  - [ID: 001896] Size: 15796.87 KB | Range: [usertable:user0028796538 -> usertable:user0029105918]
  - [ID: 001899] Size: 15763.34 KB | Range: [usertable:user0029105919 -> usertable:user0029414721]
  - [ID: 001900] Size:    94.11 KB | Range: [usertable:user0029414722 -> usertable:user0029416567]
  - [ID: 001895] Size: 15769.74 KB | Range: [usertable:user0029416568 -> usertable:user0029725832]
  - [ID: 001898] Size: 13957.05 KB | Range: [usertable:user0029725833 -> usertable:user0029999999]
📤 【输出阶段 - 生成的新冷数据 SST (New)】:
  - [ID: 001909] Size:  6900.38 KB | Range: [usertable:user0000003654 -> usertable:user0027993647]
  - [ID: 001912] Size: 15791.63 KB | Range: [usertable:user0027993662 -> usertable:user0028490613]
  - [ID: 001916] Size: 15573.84 KB | Range: [usertable:user0028490614 -> usertable:user0028795854]
  - [ID: 001911] Size: 15780.88 KB | Range: [usertable:user0028795855 -> usertable:user0029104969]
  - [ID: 001914] Size: 15779.38 KB | Range: [usertable:user0029104970 -> usertable:user0029414078]
  - [ID: 001915] Size:    34.30 KB | Range: [usertable:user0029414079 -> usertable:user0029414721]
  - [ID: 001910] Size: 15785.32 KB | Range: [usertable:user0029414722 -> usertable:user0029724296]
  - [ID: 001913] Size: 14036.24 KB | Range: [usertable:user0029724297 -> usertable:user0029999999]
☀️ 【输出阶段 - 拦截并存入 L99 的热数据 SST (Hot)】:
  - [ID: 001917] Size:   215.28 KB | Range: [usertable:user0001675015 -> usertable:user0005699991]
badger 2026/04/10 16:06:09 INFO: 
🔥 [Compact-0] 层级变更: L0 -> L3
📥 【输入阶段 - 被选中的上层 SST (Top)】:
  - [ID: 001918] Size:  1881.33 KB | Range: [usertable:user0000621222 -> usertable:user0029702178]
  - [ID: 001919] Size:  1876.53 KB | Range: [usertable:user0000610342 -> usertable:user0029750705]
  - [ID: 001920] Size:  1888.27 KB | Range: [usertable:user0000624197 -> usertable:user0029782952]
  - [ID: 001921] Size:  1886.18 KB | Range: [usertable:user0000088084 -> usertable:user0029725610]
  - [ID: 001922] Size:  1878.56 KB | Range: [usertable:user0000601464 -> usertable:user0029931436]
📥 【输入阶段 - 涉及的底层 SST (Bot)】:
  - [ID: 001909] Size:  6900.38 KB | Range: [usertable:user0000003654 -> usertable:user0027993647]
  - [ID: 001912] Size: 15791.63 KB | Range: [usertable:user0027993662 -> usertable:user0028490613]
  - [ID: 001916] Size: 15573.84 KB | Range: [usertable:user0028490614 -> usertable:user0028795854]
  - [ID: 001911] Size: 15780.88 KB | Range: [usertable:user0028795855 -> usertable:user0029104969]
  - [ID: 001914] Size: 15779.38 KB | Range: [usertable:user0029104970 -> usertable:user0029414078]
  - [ID: 001915] Size:    34.30 KB | Range: [usertable:user0029414079 -> usertable:user0029414721]
  - [ID: 001910] Size: 15785.32 KB | Range: [usertable:user0029414722 -> usertable:user0029724296]
  - [ID: 001913] Size: 14036.24 KB | Range: [usertable:user0029724297 -> usertable:user0029999999]
📤 【输出阶段 - 生成的新冷数据 SST (New)】:
  - [ID: 001923] Size:  6922.95 KB | Range: [usertable:user0000003654 -> usertable:user0027904686]
  - [ID: 001926] Size: 15798.12 KB | Range: [usertable:user0027904690 -> usertable:user0028489189]
  - [ID: 001930] Size: 15645.51 KB | Range: [usertable:user0028489190 -> usertable:user0028795854]
  - [ID: 001924] Size: 15763.74 KB | Range: [usertable:user0028795855 -> usertable:user0029104620]
  - [ID: 001928] Size: 15789.38 KB | Range: [usertable:user0029104621 -> usertable:user0029413924]
  - [ID: 001929] Size:    41.37 KB | Range: [usertable:user0029413925 -> usertable:user0029414721]
  - [ID: 001925] Size: 15798.83 KB | Range: [usertable:user0029414722 -> usertable:user0029724587]
  - [ID: 001927] Size: 14022.88 KB | Range: [usertable:user0029724588 -> usertable:user0029999999]
☀️ 【输出阶段 - 拦截并存入 L99 的热数据 SST (Hot)】:
  - [ID: 001931] Size:   207.12 KB | Range: [usertable:user0001679006 -> usertable:user0005699991]
badger 2026/04/10 16:06:13 INFO: 
🔥 [Compact-2] 层级变更: L0 -> L3
📥 【输入阶段 - 被选中的上层 SST (Top)】:
  - [ID: 001932] Size:  1873.06 KB | Range: [usertable:user0000608076 -> usertable:user0029920105]
  - [ID: 001933] Size:  1888.36 KB | Range: [usertable:user0000611654 -> usertable:user0029968407]
  - [ID: 001934] Size:  1869.35 KB | Range: [usertable:user0000186239 -> usertable:user0029895945]
  - [ID: 001935] Size:  1884.94 KB | Range: [usertable:user0000603797 -> usertable:user0029951567]
  - [ID: 001936] Size:  1876.07 KB | Range: [usertable:user0000605666 -> usertable:user0029930320]
📥 【输入阶段 - 涉及的底层 SST (Bot)】:
  - [ID: 001923] Size:  6922.95 KB | Range: [usertable:user0000003654 -> usertable:user0027904686]
  - [ID: 001926] Size: 15798.12 KB | Range: [usertable:user0027904690 -> usertable:user0028489189]
  - [ID: 001930] Size: 15645.51 KB | Range: [usertable:user0028489190 -> usertable:user0028795854]
  - [ID: 001924] Size: 15763.74 KB | Range: [usertable:user0028795855 -> usertable:user0029104620]
  - [ID: 001928] Size: 15789.38 KB | Range: [usertable:user0029104621 -> usertable:user0029413924]
  - [ID: 001929] Size:    41.37 KB | Range: [usertable:user0029413925 -> usertable:user0029414721]
  - [ID: 001925] Size: 15798.83 KB | Range: [usertable:user0029414722 -> usertable:user0029724587]
  - [ID: 001927] Size: 14022.88 KB | Range: [usertable:user0029724588 -> usertable:user0029999999]
📤 【输出阶段 - 生成的新冷数据 SST (New)】:
  - [ID: 001937] Size:  6920.75 KB | Range: [usertable:user0000003654 -> usertable:user0027634806]
  - [ID: 001940] Size: 15825.65 KB | Range: [usertable:user0027635141 -> usertable:user0028488027]
  - [ID: 001944] Size: 15703.36 KB | Range: [usertable:user0028488028 -> usertable:user0028795854]
  - [ID: 001938] Size: 15767.42 KB | Range: [usertable:user0028795855 -> usertable:user0029104693]
  - [ID: 001942] Size: 15793.08 KB | Range: [usertable:user0029104694 -> usertable:user0029414083]
  - [ID: 001943] Size:    34.02 KB | Range: [usertable:user0029414084 -> usertable:user0029414721]
  - [ID: 001939] Size: 15765.65 KB | Range: [usertable:user0029414722 -> usertable:user0029723935]
  - [ID: 001941] Size: 14055.46 KB | Range: [usertable:user0029723936 -> usertable:user0029999999]
☀️ 【输出阶段 - 拦截并存入 L99 的热数据 SST (Hot)】:
  - [ID: 001945] Size:   200.61 KB | Range: [usertable:user0001679087 -> usertable:user0005699991]
READ   - Takes(s): 170.0, Count: 1014212, OPS: 5966.0, Avg(us): 212, Min(us): 1, Max(us): 75135, 50th(us): 178, 90th(us): 414, 95th(us): 497, 99th(us): 695, 99.9th(us): 1140, 99.99th(us): 3139
TOTAL  - Takes(s): 170.0, Count: 10038917, OPS: 59052.8, Avg(us): 265, Min(us): 1, Max(us): 80255, 50th(us): 221, 90th(us): 478, 95th(us): 578, 99th(us): 848, 99.9th(us): 1519, 99.99th(us): 43551
UPDATE - Takes(s): 170.0, Count: 9024706, OPS: 53086.8, Avg(us): 271, Min(us): 4, Max(us): 80255, 50th(us): 226, 90th(us): 484, 95th(us): 587, 99th(us): 862, 99.9th(us): 1551, 99.99th(us): 45023
UPDATE_ERROR - Takes(s): 170.0, Count: 96929, OPS: 570.2, Avg(us): 267, Min(us): 3, Max(us): 60831, 50th(us): 232, 90th(us): 481, 95th(us): 571, 99th(us): 787, 99.9th(us): 1387, 99.99th(us): 3089
badger 2026/04/10 16:06:16 INFO: 
🔥 [Compact-2] 层级变更: L0 -> L3
📥 【输入阶段 - 被选中的上层 SST (Top)】:
  - [ID: 001946] Size:  1886.22 KB | Range: [usertable:user0000640749 -> usertable:user0029955045]
  - [ID: 001947] Size:  1882.71 KB | Range: [usertable:user0000662208 -> usertable:user0029823382]
  - [ID: 001948] Size:  1877.71 KB | Range: [usertable:user0000611123 -> usertable:user0029985314]
  - [ID: 001949] Size:  1876.67 KB | Range: [usertable:user0000063200 -> usertable:user0029965830]
  - [ID: 001950] Size:  1878.29 KB | Range: [usertable:user0000021107 -> usertable:user0028614095]
📥 【输入阶段 - 涉及的底层 SST (Bot)】:
  - [ID: 001937] Size:  6920.75 KB | Range: [usertable:user0000003654 -> usertable:user0027634806]
  - [ID: 001940] Size: 15825.65 KB | Range: [usertable:user0027635141 -> usertable:user0028488027]
  - [ID: 001944] Size: 15703.36 KB | Range: [usertable:user0028488028 -> usertable:user0028795854]
  - [ID: 001938] Size: 15767.42 KB | Range: [usertable:user0028795855 -> usertable:user0029104693]
  - [ID: 001942] Size: 15793.08 KB | Range: [usertable:user0029104694 -> usertable:user0029414083]
  - [ID: 001943] Size:    34.02 KB | Range: [usertable:user0029414084 -> usertable:user0029414721]
  - [ID: 001939] Size: 15765.65 KB | Range: [usertable:user0029414722 -> usertable:user0029723935]
  - [ID: 001941] Size: 14055.46 KB | Range: [usertable:user0029723936 -> usertable:user0029999999]
📤 【输出阶段 - 生成的新冷数据 SST (New)】:
  - [ID: 001951] Size:  7206.79 KB | Range: [usertable:user0000003654 -> usertable:user0028039477]
  - [ID: 001954] Size: 15784.22 KB | Range: [usertable:user0028039530 -> usertable:user0028491145]
  - [ID: 001958] Size: 15548.61 KB | Range: [usertable:user0028491146 -> usertable:user0028795854]
  - [ID: 001953] Size: 15772.83 KB | Range: [usertable:user0028795855 -> usertable:user0029104808]
  - [ID: 001956] Size: 15772.61 KB | Range: [usertable:user0029104809 -> usertable:user0029413754]
  - [ID: 001957] Size:    50.11 KB | Range: [usertable:user0029413755 -> usertable:user0029414721]
  - [ID: 001952] Size: 15772.08 KB | Range: [usertable:user0029414722 -> usertable:user0029724055]
  - [ID: 001955] Size: 14048.89 KB | Range: [usertable:user0029724056 -> usertable:user0029999999]
☀️ 【输出阶段 - 拦截并存入 L99 的热数据 SST (Hot)】:
  - [ID: 001959] Size:   204.64 KB | Range: [usertable:user0001679087 -> usertable:user0005699991]
badger 2026/04/10 16:06:20 INFO: 
🔥 [Compact-0] 层级变更: L0 -> L3
📥 【输入阶段 - 被选中的上层 SST (Top)】:
  - [ID: 001960] Size:  1882.79 KB | Range: [usertable:user0000105982 -> usertable:user0029889947]
  - [ID: 001961] Size:  1872.39 KB | Range: [usertable:user0000610093 -> usertable:user0029912421]
  - [ID: 001962] Size:  1881.13 KB | Range: [usertable:user0000627814 -> usertable:user0029858092]
  - [ID: 001963] Size:  1877.70 KB | Range: [usertable:user0000256699 -> usertable:user0029925476]
  - [ID: 001964] Size:  1871.61 KB | Range: [usertable:user0000610241 -> usertable:user0029974228]
📥 【输入阶段 - 涉及的底层 SST (Bot)】:
  - [ID: 001951] Size:  7206.79 KB | Range: [usertable:user0000003654 -> usertable:user0028039477]
  - [ID: 001954] Size: 15784.22 KB | Range: [usertable:user0028039530 -> usertable:user0028491145]
  - [ID: 001958] Size: 15548.61 KB | Range: [usertable:user0028491146 -> usertable:user0028795854]
  - [ID: 001953] Size: 15772.83 KB | Range: [usertable:user0028795855 -> usertable:user0029104808]
  - [ID: 001956] Size: 15772.61 KB | Range: [usertable:user0029104809 -> usertable:user0029413754]
  - [ID: 001957] Size:    50.11 KB | Range: [usertable:user0029413755 -> usertable:user0029414721]
  - [ID: 001952] Size: 15772.08 KB | Range: [usertable:user0029414722 -> usertable:user0029724055]
  - [ID: 001955] Size: 14048.89 KB | Range: [usertable:user0029724056 -> usertable:user0029999999]
📤 【输出阶段 - 生成的新冷数据 SST (New)】:
  - [ID: 001965] Size:  7208.95 KB | Range: [usertable:user0000003654 -> usertable:user0027952388]
  - [ID: 001968] Size: 15769.60 KB | Range: [usertable:user0027952489 -> usertable:user0028489227]
  - [ID: 001972] Size: 15643.41 KB | Range: [usertable:user0028489228 -> usertable:user0028795854]
  - [ID: 001966] Size: 15772.83 KB | Range: [usertable:user0028795855 -> usertable:user0029104808]
  - [ID: 001970] Size: 15788.26 KB | Range: [usertable:user0029104809 -> usertable:user0029414076]
  - [ID: 001971] Size:    34.35 KB | Range: [usertable:user0029414077 -> usertable:user0029414721]
  - [ID: 001967] Size: 15767.39 KB | Range: [usertable:user0029414722 -> usertable:user0029723970]
  - [ID: 001969] Size: 14054.36 KB | Range: [usertable:user0029723971 -> usertable:user0029999999]
☀️ 【输出阶段 - 拦截并存入 L99 的热数据 SST (Hot)】:
  - [ID: 001973] Size:   183.47 KB | Range: [usertable:user0001679087 -> usertable:user0005698995]
badger 2026/04/10 16:06:23 INFO: 
🔥 [Compact-1] 层级变更: L0 -> L3
📥 【输入阶段 - 被选中的上层 SST (Top)】:
  - [ID: 001974] Size:  1888.19 KB | Range: [usertable:user0000531274 -> usertable:user0029916484]
  - [ID: 001975] Size:  1877.24 KB | Range: [usertable:user0000610380 -> usertable:user0029991336]
  - [ID: 001976] Size:  1880.52 KB | Range: [usertable:user0000492482 -> usertable:user0028189345]
  - [ID: 001977] Size:  1876.60 KB | Range: [usertable:user0000376830 -> usertable:user0029962299]
  - [ID: 001978] Size:  1886.29 KB | Range: [usertable:user0000331566 -> usertable:user0029902269]
📥 【输入阶段 - 涉及的底层 SST (Bot)】:
  - [ID: 001965] Size:  7208.95 KB | Range: [usertable:user0000003654 -> usertable:user0027952388]
  - [ID: 001968] Size: 15769.60 KB | Range: [usertable:user0027952489 -> usertable:user0028489227]
  - [ID: 001972] Size: 15643.41 KB | Range: [usertable:user0028489228 -> usertable:user0028795854]
  - [ID: 001966] Size: 15772.83 KB | Range: [usertable:user0028795855 -> usertable:user0029104808]
  - [ID: 001970] Size: 15788.26 KB | Range: [usertable:user0029104809 -> usertable:user0029414076]
  - [ID: 001971] Size:    34.35 KB | Range: [usertable:user0029414077 -> usertable:user0029414721]
  - [ID: 001967] Size: 15767.39 KB | Range: [usertable:user0029414722 -> usertable:user0029723970]
  - [ID: 001969] Size: 14054.36 KB | Range: [usertable:user0029723971 -> usertable:user0029999999]
📤 【输出阶段 - 生成的新冷数据 SST (New)】:
  - [ID: 001979] Size:  7234.74 KB | Range: [usertable:user0000003654 -> usertable:user0027804556]
  - [ID: 001982] Size: 15783.44 KB | Range: [usertable:user0027804815 -> usertable:user0028487879]
  - [ID: 001986] Size: 15710.02 KB | Range: [usertable:user0028487880 -> usertable:user0028795854]
  - [ID: 001981] Size: 15765.33 KB | Range: [usertable:user0028795855 -> usertable:user0029104651]
  - [ID: 001984] Size: 15774.11 KB | Range: [usertable:user0029104652 -> usertable:user0029413661]
  - [ID: 001985] Size:    54.99 KB | Range: [usertable:user0029413662 -> usertable:user0029414721]
  - [ID: 001980] Size: 15777.48 KB | Range: [usertable:user0029414722 -> usertable:user0029724163]
  - [ID: 001983] Size: 14044.50 KB | Range: [usertable:user0029724164 -> usertable:user0029999999]
☀️ 【输出阶段 - 拦截并存入 L99 的热数据 SST (Hot)】:
  - [ID: 001987] Size:   189.37 KB | Range: [usertable:user0001520006 -> usertable:user0005699991]
READ   - Takes(s): 180.0, Count: 1069737, OPS: 5943.0, Avg(us): 212, Min(us): 1, Max(us): 75135, 50th(us): 178, 90th(us): 416, 95th(us): 501, 99th(us): 703, 99.9th(us): 1150, 99.99th(us): 3227
TOTAL  - Takes(s): 180.0, Count: 10588473, OPS: 58824.9, Avg(us): 266, Min(us): 1, Max(us): 80255, 50th(us): 221, 90th(us): 481, 95th(us): 584, 99th(us): 857, 99.9th(us): 1532, 99.99th(us): 44639
UPDATE - Takes(s): 180.0, Count: 9518736, OPS: 52881.9, Avg(us): 272, Min(us): 4, Max(us): 80255, 50th(us): 225, 90th(us): 488, 95th(us): 592, 99th(us): 871, 99.9th(us): 1563, 99.99th(us): 45663
UPDATE_ERROR - Takes(s): 180.0, Count: 102659, OPS: 570.4, Avg(us): 269, Min(us): 3, Max(us): 62111, 50th(us): 232, 90th(us): 485, 95th(us): 578, 99th(us): 796, 99.9th(us): 1408, 99.99th(us): 3399
badger 2026/04/10 16:06:27 INFO: 
🔥 [Compact-1] 层级变更: L0 -> L3
📥 【输入阶段 - 被选中的上层 SST (Top)】:
  - [ID: 001988] Size:  1878.81 KB | Range: [usertable:user0000499524 -> usertable:user0029980830]
  - [ID: 001989] Size:  1882.20 KB | Range: [usertable:user0000604736 -> usertable:user0029935072]
  - [ID: 001990] Size:  1879.87 KB | Range: [usertable:user0000411243 -> usertable:user0029833898]
  - [ID: 001991] Size:  1876.93 KB | Range: [usertable:user0000612100 -> usertable:user0029155779]
  - [ID: 001992] Size:  1889.13 KB | Range: [usertable:user0000206581 -> usertable:user0028463584]
📥 【输入阶段 - 涉及的底层 SST (Bot)】:
  - [ID: 001979] Size:  7234.74 KB | Range: [usertable:user0000003654 -> usertable:user0027804556]
  - [ID: 001982] Size: 15783.44 KB | Range: [usertable:user0027804815 -> usertable:user0028487879]
  - [ID: 001986] Size: 15710.02 KB | Range: [usertable:user0028487880 -> usertable:user0028795854]
  - [ID: 001981] Size: 15765.33 KB | Range: [usertable:user0028795855 -> usertable:user0029104651]
  - [ID: 001984] Size: 15774.11 KB | Range: [usertable:user0029104652 -> usertable:user0029413661]
  - [ID: 001985] Size:    54.99 KB | Range: [usertable:user0029413662 -> usertable:user0029414721]
  - [ID: 001980] Size: 15777.48 KB | Range: [usertable:user0029414722 -> usertable:user0029724163]
  - [ID: 001983] Size: 14044.50 KB | Range: [usertable:user0029724164 -> usertable:user0029999999]
📤 【输出阶段 - 生成的新冷数据 SST (New)】:
  - [ID: 001993] Size:  7206.09 KB | Range: [usertable:user0000003654 -> usertable:user0027334580]
  - [ID: 001996] Size: 15767.92 KB | Range: [usertable:user0027337018 -> usertable:user0028486020]
  - [ID: 002000] Size: 15806.20 KB | Range: [usertable:user0028486021 -> usertable:user0028795854]
  - [ID: 001995] Size: 15781.10 KB | Range: [usertable:user0028795855 -> usertable:user0029104973]
  - [ID: 001998] Size: 15796.85 KB | Range: [usertable:user0029104974 -> usertable:user0029414411]
  - [ID: 001999] Size:    16.55 KB | Range: [usertable:user0029414412 -> usertable:user0029414721]
  - [ID: 001994] Size: 15762.54 KB | Range: [usertable:user0029414722 -> usertable:user0029723873]
  - [ID: 001997] Size: 14059.50 KB | Range: [usertable:user0029723874 -> usertable:user0029999999]
☀️ 【输出阶段 - 拦截并存入 L99 的热数据 SST (Hot)】:
  - [ID: 002001] Size:   202.20 KB | Range: [usertable:user0001679015 -> usertable:user0005698995]
badger 2026/04/10 16:06:31 INFO: 
🔥 [Compact-1] 层级变更: L0 -> L3
📥 【输入阶段 - 被选中的上层 SST (Top)】:
  - [ID: 002002] Size:  1869.58 KB | Range: [usertable:user0000612613 -> usertable:user0029910543]
  - [ID: 002003] Size:  1880.49 KB | Range: [usertable:user0000360987 -> usertable:user0029964215]
  - [ID: 002004] Size:  1869.70 KB | Range: [usertable:user0000366884 -> usertable:user0029905848]
  - [ID: 002005] Size:  1880.12 KB | Range: [usertable:user0000608976 -> usertable:user0029784179]
  - [ID: 002006] Size:  1867.87 KB | Range: [usertable:user0000605378 -> usertable:user0029808104]
📥 【输入阶段 - 涉及的底层 SST (Bot)】:
  - [ID: 001993] Size:  7206.09 KB | Range: [usertable:user0000003654 -> usertable:user0027334580]
  - [ID: 001996] Size: 15767.92 KB | Range: [usertable:user0027337018 -> usertable:user0028486020]
  - [ID: 002000] Size: 15806.20 KB | Range: [usertable:user0028486021 -> usertable:user0028795854]
  - [ID: 001995] Size: 15781.10 KB | Range: [usertable:user0028795855 -> usertable:user0029104973]
  - [ID: 001998] Size: 15796.85 KB | Range: [usertable:user0029104974 -> usertable:user0029414411]
  - [ID: 001999] Size:    16.55 KB | Range: [usertable:user0029414412 -> usertable:user0029414721]
  - [ID: 001994] Size: 15762.54 KB | Range: [usertable:user0029414722 -> usertable:user0029723873]
  - [ID: 001997] Size: 14059.50 KB | Range: [usertable:user0029723874 -> usertable:user0029999999]
📤 【输出阶段 - 生成的新冷数据 SST (New)】:
  - [ID: 002007] Size:  7473.68 KB | Range: [usertable:user0000003654 -> usertable:user0028001835]
  - [ID: 002010] Size: 15804.25 KB | Range: [usertable:user0028002012 -> usertable:user0028490693]
  - [ID: 002014] Size: 15569.70 KB | Range: [usertable:user0028490694 -> usertable:user0028795854]
  - [ID: 002009] Size: 15763.83 KB | Range: [usertable:user0028795855 -> usertable:user0029104623]
  - [ID: 002012] Size: 15776.38 KB | Range: [usertable:user0029104624 -> usertable:user0029413680]
  - [ID: 002013] Size:    54.19 KB | Range: [usertable:user0029413681 -> usertable:user0029414721]
  - [ID: 002008] Size: 15773.47 KB | Range: [usertable:user0029414722 -> usertable:user0029724087]
  - [ID: 002011] Size: 14048.62 KB | Range: [usertable:user0029724088 -> usertable:user0029999999]
☀️ 【输出阶段 - 拦截并存入 L99 的热数据 SST (Hot)】:
  - [ID: 002015] Size:   189.65 KB | Range: [usertable:user0001520049 -> usertable:user0005698995]
READ   - Takes(s): 190.0, Count: 1126468, OPS: 5928.8, Avg(us): 213, Min(us): 1, Max(us): 75135, 50th(us): 177, 90th(us): 419, 95th(us): 505, 99th(us): 709, 99.9th(us): 1158, 99.99th(us): 3139
TOTAL  - Takes(s): 190.0, Count: 11151523, OPS: 58692.2, Avg(us): 266, Min(us): 1, Max(us): 82047, 50th(us): 220, 90th(us): 485, 95th(us): 589, 99th(us): 865, 99.9th(us): 1534, 99.99th(us): 44319
UPDATE - Takes(s): 190.0, Count: 10025055, OPS: 52763.6, Avg(us): 272, Min(us): 4, Max(us): 82047, 50th(us): 225, 90th(us): 491, 95th(us): 597, 99th(us): 878, 99.9th(us): 1565, 99.99th(us): 45375
UPDATE_ERROR - Takes(s): 190.0, Count: 108576, OPS: 571.5, Avg(us): 271, Min(us): 3, Max(us): 62111, 50th(us): 231, 90th(us): 489, 95th(us): 583, 99th(us): 804, 99.9th(us): 1411, 99.99th(us): 3089
badger 2026/04/10 16:06:34 INFO: 
🔥 [Compact-0] 层级变更: L0 -> L3
📥 【输入阶段 - 被选中的上层 SST (Top)】:
  - [ID: 002016] Size:  1874.03 KB | Range: [usertable:user0000141780 -> usertable:user0029935072]
  - [ID: 002017] Size:  1880.24 KB | Range: [usertable:user0000607759 -> usertable:user0029862471]
  - [ID: 002018] Size:  1876.76 KB | Range: [usertable:user0000107721 -> usertable:user0029953076]
  - [ID: 002019] Size:  1881.09 KB | Range: [usertable:user0000618395 -> usertable:user0029992443]
  - [ID: 002020] Size:  1868.32 KB | Range: [usertable:user0000107367 -> usertable:user0029711635]
📥 【输入阶段 - 涉及的底层 SST (Bot)】:
  - [ID: 002007] Size:  7473.68 KB | Range: [usertable:user0000003654 -> usertable:user0028001835]
  - [ID: 002010] Size: 15804.25 KB | Range: [usertable:user0028002012 -> usertable:user0028490693]
  - [ID: 002014] Size: 15569.70 KB | Range: [usertable:user0028490694 -> usertable:user0028795854]
  - [ID: 002009] Size: 15763.83 KB | Range: [usertable:user0028795855 -> usertable:user0029104623]
  - [ID: 002012] Size: 15776.38 KB | Range: [usertable:user0029104624 -> usertable:user0029413680]
  - [ID: 002013] Size:    54.19 KB | Range: [usertable:user0029413681 -> usertable:user0029414721]
  - [ID: 002008] Size: 15773.47 KB | Range: [usertable:user0029414722 -> usertable:user0029724087]
  - [ID: 002011] Size: 14048.62 KB | Range: [usertable:user0029724088 -> usertable:user0029999999]
📤 【输出阶段 - 生成的新冷数据 SST (New)】:
  - [ID: 002021] Size:  7483.21 KB | Range: [usertable:user0000003654 -> usertable:user0027924678]
  - [ID: 002024] Size: 15766.66 KB | Range: [usertable:user0027924836 -> usertable:user0028488441]
  - [ID: 002028] Size: 15682.45 KB | Range: [usertable:user0028488442 -> usertable:user0028795854]
  - [ID: 002022] Size: 15776.83 KB | Range: [usertable:user0028795855 -> usertable:user0029104885]
  - [ID: 002026] Size: 15778.91 KB | Range: [usertable:user0029104886 -> usertable:user0029413969]
  - [ID: 002027] Size:    39.74 KB | Range: [usertable:user0029413970 -> usertable:user0029414721]
  - [ID: 002023] Size: 15767.41 KB | Range: [usertable:user0029414722 -> usertable:user0029723967]
  - [ID: 002025] Size: 14055.17 KB | Range: [usertable:user0029723968 -> usertable:user0029999999]
☀️ 【输出阶段 - 拦截并存入 L99 的热数据 SST (Hot)】:
  - [ID: 002029] Size:   189.50 KB | Range: [usertable:user0001679154 -> usertable:user0005699498]
badger 2026/04/10 16:06:38 INFO: 
🔥 [Compact-2] 层级变更: L0 -> L3
📥 【输入阶段 - 被选中的上层 SST (Top)】:
  - [ID: 002030] Size:  1890.88 KB | Range: [usertable:user0000613609 -> usertable:user0029708612]
  - [ID: 002031] Size:  1876.74 KB | Range: [usertable:user0000416853 -> usertable:user0029820805]
  - [ID: 002032] Size:  1890.61 KB | Range: [usertable:user0000619334 -> usertable:user0029969188]
  - [ID: 002033] Size:  1879.44 KB | Range: [usertable:user0000643753 -> usertable:user0029859645]
  - [ID: 002034] Size:  1871.70 KB | Range: [usertable:user0000038048 -> usertable:user0029475263]
📥 【输入阶段 - 涉及的底层 SST (Bot)】:
  - [ID: 002021] Size:  7483.21 KB | Range: [usertable:user0000003654 -> usertable:user0027924678]
  - [ID: 002024] Size: 15766.66 KB | Range: [usertable:user0027924836 -> usertable:user0028488441]
  - [ID: 002028] Size: 15682.45 KB | Range: [usertable:user0028488442 -> usertable:user0028795854]
  - [ID: 002022] Size: 15776.83 KB | Range: [usertable:user0028795855 -> usertable:user0029104885]
  - [ID: 002026] Size: 15778.91 KB | Range: [usertable:user0029104886 -> usertable:user0029413969]
  - [ID: 002027] Size:    39.74 KB | Range: [usertable:user0029413970 -> usertable:user0029414721]
  - [ID: 002023] Size: 15767.41 KB | Range: [usertable:user0029414722 -> usertable:user0029723967]
  - [ID: 002025] Size: 14055.17 KB | Range: [usertable:user0029723968 -> usertable:user0029999999]
📤 【输出阶段 - 生成的新冷数据 SST (New)】:
  - [ID: 002035] Size:  7481.54 KB | Range: [usertable:user0000003654 -> usertable:user0027754846]
  - [ID: 002038] Size: 15767.06 KB | Range: [usertable:user0027755023 -> usertable:user0028486995]
  - [ID: 002042] Size: 15756.01 KB | Range: [usertable:user0028486996 -> usertable:user0028795854]
  - [ID: 002037] Size: 15791.16 KB | Range: [usertable:user0028795855 -> usertable:user0029105165]
  - [ID: 002040] Size: 15768.70 KB | Range: [usertable:user0029105166 -> usertable:user0029414071]
  - [ID: 002041] Size:    34.63 KB | Range: [usertable:user0029414072 -> usertable:user0029414721]
  - [ID: 002036] Size: 15770.13 KB | Range: [usertable:user0029414722 -> usertable:user0029724022]
  - [ID: 002039] Size: 14052.39 KB | Range: [usertable:user0029724023 -> usertable:user0029999999]
☀️ 【输出阶段 - 拦截并存入 L99 的热数据 SST (Hot)】:
  - [ID: 002043] Size:   194.11 KB | Range: [usertable:user0001520049 -> usertable:user0005699498]
badger 2026/04/10 16:06:42 INFO: 
🔥 [Compact-0] 层级变更: L0 -> L3
📥 【输入阶段 - 被选中的上层 SST (Top)】:
  - [ID: 002044] Size:  1886.91 KB | Range: [usertable:user0000619262 -> usertable:user0029983460]
  - [ID: 002045] Size:  1873.41 KB | Range: [usertable:user0000319368 -> usertable:user0029984845]
  - [ID: 002046] Size:  1882.35 KB | Range: [usertable:user0000627852 -> usertable:user0029952655]
  - [ID: 002047] Size:  1876.39 KB | Range: [usertable:user0000633774 -> usertable:user0029702077]
  - [ID: 002048] Size:  1891.22 KB | Range: [usertable:user0000471905 -> usertable:user0029934952]
📥 【输入阶段 - 涉及的底层 SST (Bot)】:
  - [ID: 002035] Size:  7481.54 KB | Range: [usertable:user0000003654 -> usertable:user0027754846]
  - [ID: 002038] Size: 15767.06 KB | Range: [usertable:user0027755023 -> usertable:user0028486995]
  - [ID: 002042] Size: 15756.01 KB | Range: [usertable:user0028486996 -> usertable:user0028795854]
  - [ID: 002037] Size: 15791.16 KB | Range: [usertable:user0028795855 -> usertable:user0029105165]
  - [ID: 002040] Size: 15768.70 KB | Range: [usertable:user0029105166 -> usertable:user0029414071]
  - [ID: 002041] Size:    34.63 KB | Range: [usertable:user0029414072 -> usertable:user0029414721]
  - [ID: 002036] Size: 15770.13 KB | Range: [usertable:user0029414722 -> usertable:user0029724022]
  - [ID: 002039] Size: 14052.39 KB | Range: [usertable:user0029724023 -> usertable:user0029999999]
📤 【输出阶段 - 生成的新冷数据 SST (New)】:
  - [ID: 002049] Size:  7487.78 KB | Range: [usertable:user0000003654 -> usertable:user0027245479]
  - [ID: 002052] Size: 15786.43 KB | Range: [usertable:user0027245886 -> usertable:user0028485766]
  - [ID: 002055] Size: 15780.99 KB | Range: [usertable:user0028485767 -> usertable:user0028795121]
  - [ID: 002056] Size:    36.81 KB | Range: [usertable:user0028795122 -> usertable:user0028795854]
  - [ID: 002051] Size: 15826.16 KB | Range: [usertable:user0028795855 -> usertable:user0029105816]
  - [ID: 002054] Size: 15768.26 KB | Range: [usertable:user0029105817 -> usertable:user0029414721]
  - [ID: 002050] Size: 15764.35 KB | Range: [usertable:user0029414722 -> usertable:user0029723912]
  - [ID: 002053] Size: 14057.98 KB | Range: [usertable:user0029723913 -> usertable:user0029999999]
☀️ 【输出阶段 - 拦截并存入 L99 的热数据 SST (Hot)】:
  - [ID: 002057] Size:   192.77 KB | Range: [usertable:user0001568001 -> usertable:user0005699886]
READ   - Takes(s): 200.0, Count: 1181387, OPS: 5907.0, Avg(us): 213, Min(us): 1, Max(us): 75135, 50th(us): 177, 90th(us): 421, 95th(us): 509, 99th(us): 717, 99.9th(us): 1166, 99.99th(us): 3139
TOTAL  - Takes(s): 200.0, Count: 11697385, OPS: 58487.2, Avg(us): 267, Min(us): 1, Max(us): 82047, 50th(us): 220, 90th(us): 488, 95th(us): 594, 99th(us): 873, 99.9th(us): 1547, 99.99th(us): 44255
UPDATE - Takes(s): 200.0, Count: 10515998, OPS: 52580.2, Avg(us): 273, Min(us): 4, Max(us): 82047, 50th(us): 225, 90th(us): 495, 95th(us): 602, 99th(us): 887, 99.9th(us): 1579, 99.99th(us): 45343
UPDATE_ERROR - Takes(s): 200.0, Count: 114394, OPS: 572.0, Avg(us): 273, Min(us): 3, Max(us): 74815, 50th(us): 231, 90th(us): 494, 95th(us): 589, 99th(us): 813, 99.9th(us): 1432, 99.99th(us): 3965
badger 2026/04/10 16:06:46 INFO: 
🔥 [Compact-0] 层级变更: L0 -> L3
📥 【输入阶段 - 被选中的上层 SST (Top)】:
  - [ID: 002058] Size:  1872.79 KB | Range: [usertable:user0000151357 -> usertable:user0029935072]
  - [ID: 002059] Size:  1890.21 KB | Range: [usertable:user0000601704 -> usertable:user0029984064]
  - [ID: 002060] Size:  1876.48 KB | Range: [usertable:user0000558165 -> usertable:user0029851582]
  - [ID: 002061] Size:  1876.91 KB | Range: [usertable:user0000608904 -> usertable:user0029767684]
  - [ID: 002062] Size:  1877.45 KB | Range: [usertable:user0000633980 -> usertable:user0029353790]
📥 【输入阶段 - 涉及的底层 SST (Bot)】:
  - [ID: 002049] Size:  7487.78 KB | Range: [usertable:user0000003654 -> usertable:user0027245479]
  - [ID: 002052] Size: 15786.43 KB | Range: [usertable:user0027245886 -> usertable:user0028485766]
  - [ID: 002055] Size: 15780.99 KB | Range: [usertable:user0028485767 -> usertable:user0028795121]
  - [ID: 002056] Size:    36.81 KB | Range: [usertable:user0028795122 -> usertable:user0028795854]
  - [ID: 002051] Size: 15826.16 KB | Range: [usertable:user0028795855 -> usertable:user0029105816]
  - [ID: 002054] Size: 15768.26 KB | Range: [usertable:user0029105817 -> usertable:user0029414721]
  - [ID: 002050] Size: 15764.35 KB | Range: [usertable:user0029414722 -> usertable:user0029723912]
  - [ID: 002053] Size: 14057.98 KB | Range: [usertable:user0029723913 -> usertable:user0029999999]
📤 【输出阶段 - 生成的新冷数据 SST (New)】:
  - [ID: 002063] Size:  7738.20 KB | Range: [usertable:user0000003654 -> usertable:user0027983639]
  - [ID: 002066] Size: 15767.03 KB | Range: [usertable:user0027983845 -> usertable:user0028489384]
  - [ID: 002070] Size: 15598.36 KB | Range: [usertable:user0028489385 -> usertable:user0028795121]
  - [ID: 002065] Size: 15786.81 KB | Range: [usertable:user0028795122 -> usertable:user0029104357]
  - [ID: 002068] Size: 15766.03 KB | Range: [usertable:user0029104358 -> usertable:user0029413163]
  - [ID: 002069] Size:    78.49 KB | Range: [usertable:user0029413164 -> usertable:user0029414721]
  - [ID: 002064] Size: 15789.99 KB | Range: [usertable:user0029414722 -> usertable:user0029724394]
  - [ID: 002067] Size: 14032.85 KB | Range: [usertable:user0029724395 -> usertable:user0029999999]
☀️ 【输出阶段 - 拦截并存入 L99 的热数据 SST (Hot)】:
  - [ID: 002071] Size:   211.66 KB | Range: [usertable:user0001679087 -> usertable:user0005699886]
badger 2026/04/10 16:06:49 INFO: 
🔥 [Compact-0] 层级变更: L0 -> L3
📥 【输入阶段 - 被选中的上层 SST (Top)】:
  - [ID: 002072] Size:  1876.67 KB | Range: [usertable:user0000607079 -> usertable:user0028196421]
  - [ID: 002073] Size:  1876.16 KB | Range: [usertable:user0000642441 -> usertable:user0029723052]
  - [ID: 002074] Size:  1863.05 KB | Range: [usertable:user0000616163 -> usertable:user0029843456]
  - [ID: 002075] Size:  1884.26 KB | Range: [usertable:user0000028816 -> usertable:user0029700003]
  - [ID: 002076] Size:  1883.74 KB | Range: [usertable:user0000623220 -> usertable:user0029952535]
📥 【输入阶段 - 涉及的底层 SST (Bot)】:
  - [ID: 002063] Size:  7738.20 KB | Range: [usertable:user0000003654 -> usertable:user0027983639]
  - [ID: 002066] Size: 15767.03 KB | Range: [usertable:user0027983845 -> usertable:user0028489384]
  - [ID: 002070] Size: 15598.36 KB | Range: [usertable:user0028489385 -> usertable:user0028795121]
  - [ID: 002065] Size: 15786.81 KB | Range: [usertable:user0028795122 -> usertable:user0029104357]
  - [ID: 002068] Size: 15766.03 KB | Range: [usertable:user0029104358 -> usertable:user0029413163]
  - [ID: 002069] Size:    78.49 KB | Range: [usertable:user0029413164 -> usertable:user0029414721]
  - [ID: 002064] Size: 15789.99 KB | Range: [usertable:user0029414722 -> usertable:user0029724394]
  - [ID: 002067] Size: 14032.85 KB | Range: [usertable:user0029724395 -> usertable:user0029999999]
📤 【输出阶段 - 生成的新冷数据 SST (New)】:
  - [ID: 002077] Size:  7753.75 KB | Range: [usertable:user0000003654 -> usertable:user0027917429]
  - [ID: 002080] Size: 15772.86 KB | Range: [usertable:user0027917463 -> usertable:user0028488123]
  - [ID: 002084] Size: 15661.89 KB | Range: [usertable:user0028488124 -> usertable:user0028795121]
  - [ID: 002078] Size: 15793.30 KB | Range: [usertable:user0028795122 -> usertable:user0029104482]
  - [ID: 002082] Size: 15814.98 KB | Range: [usertable:user0029104483 -> usertable:user0029414280]
  - [ID: 002083] Size:    24.09 KB | Range: [usertable:user0029414281 -> usertable:user0029414721]
  - [ID: 002079] Size: 15764.70 KB | Range: [usertable:user0029414722 -> usertable:user0029723912]
  - [ID: 002081] Size: 14058.83 KB | Range: [usertable:user0029723913 -> usertable:user0029999999]
☀️ 【输出阶段 - 拦截并存入 L99 的热数据 SST (Hot)】:
  - [ID: 002085] Size:   215.39 KB | Range: [usertable:user0001520006 -> usertable:user0005699886]
badger 2026/04/10 16:06:53 INFO: 
🔥 [Compact-2] 层级变更: L0 -> L3
📥 【输入阶段 - 被选中的上层 SST (Top)】:
  - [ID: 002086] Size:  1882.25 KB | Range: [usertable:user0000583317 -> usertable:user0029783187]
  - [ID: 002087] Size:  1866.23 KB | Range: [usertable:user0000324667 -> usertable:user0029870755]
  - [ID: 002088] Size:  1876.88 KB | Range: [usertable:user0000601445 -> usertable:user0029820982]
  - [ID: 002089] Size:  1886.39 KB | Range: [usertable:user0000633597 -> usertable:user0029999696]
  - [ID: 002090] Size:  1875.47 KB | Range: [usertable:user0000633189 -> usertable:user0029972110]
📥 【输入阶段 - 涉及的底层 SST (Bot)】:
  - [ID: 002077] Size:  7753.75 KB | Range: [usertable:user0000003654 -> usertable:user0027917429]
  - [ID: 002080] Size: 15772.86 KB | Range: [usertable:user0027917463 -> usertable:user0028488123]
  - [ID: 002084] Size: 15661.89 KB | Range: [usertable:user0028488124 -> usertable:user0028795121]
  - [ID: 002078] Size: 15793.30 KB | Range: [usertable:user0028795122 -> usertable:user0029104482]
  - [ID: 002082] Size: 15814.98 KB | Range: [usertable:user0029104483 -> usertable:user0029414280]
  - [ID: 002083] Size:    24.09 KB | Range: [usertable:user0029414281 -> usertable:user0029414721]
  - [ID: 002079] Size: 15764.70 KB | Range: [usertable:user0029414722 -> usertable:user0029723912]
  - [ID: 002081] Size: 14058.83 KB | Range: [usertable:user0029723913 -> usertable:user0029999999]
📤 【输出阶段 - 生成的新冷数据 SST (New)】:
  - [ID: 002091] Size:  7756.75 KB | Range: [usertable:user0000003654 -> usertable:user0027741791]
  - [ID: 002094] Size: 15766.10 KB | Range: [usertable:user0027741987 -> usertable:user0028486546]
  - [ID: 002098] Size: 15743.22 KB | Range: [usertable:user0028486547 -> usertable:user0028795121]
  - [ID: 002092] Size: 15773.93 KB | Range: [usertable:user0028795122 -> usertable:user0029104120]
  - [ID: 002096] Size: 15784.65 KB | Range: [usertable:user0029104121 -> usertable:user0029413290]
  - [ID: 002097] Size:    72.82 KB | Range: [usertable:user0029413291 -> usertable:user0029414721]
  - [ID: 002093] Size: 15768.77 KB | Range: [usertable:user0029414722 -> usertable:user0029723988]
  - [ID: 002095] Size: 14054.34 KB | Range: [usertable:user0029723989 -> usertable:user0029999999]
☀️ 【输出阶段 - 拦截并存入 L99 的热数据 SST (Hot)】:
  - [ID: 002099] Size:   197.82 KB | Range: [usertable:user0001679087 -> usertable:user0005699498]
READ   - Takes(s): 210.0, Count: 1236642, OPS: 5888.8, Avg(us): 214, Min(us): 1, Max(us): 75135, 50th(us): 176, 90th(us): 424, 95th(us): 513, 99th(us): 723, 99.9th(us): 1172, 99.99th(us): 3139
TOTAL  - Takes(s): 210.0, Count: 12243724, OPS: 58303.6, Avg(us): 268, Min(us): 1, Max(us): 82047, 50th(us): 220, 90th(us): 491, 95th(us): 598, 99th(us): 881, 99.9th(us): 1558, 99.99th(us): 44543
UPDATE - Takes(s): 210.0, Count: 11007082, OPS: 52414.8, Avg(us): 274, Min(us): 4, Max(us): 82047, 50th(us): 224, 90th(us): 498, 95th(us): 607, 99th(us): 895, 99.9th(us): 1591, 99.99th(us): 45951
UPDATE_ERROR - Takes(s): 210.0, Count: 120176, OPS: 572.3, Avg(us): 274, Min(us): 3, Max(us): 74815, 50th(us): 232, 90th(us): 498, 95th(us): 595, 99th(us): 822, 99.9th(us): 1474, 99.99th(us): 3993
badger 2026/04/10 16:06:57 INFO: 
🔥 [Compact-2] 层级变更: L0 -> L3
📥 【输入阶段 - 被选中的上层 SST (Top)】:
  - [ID: 002100] Size:  1893.69 KB | Range: [usertable:user0000126066 -> usertable:user0029882267]
  - [ID: 002101] Size:  1873.60 KB | Range: [usertable:user0000244194 -> usertable:user0029920177]
  - [ID: 002102] Size:  1898.69 KB | Range: [usertable:user0000028025 -> usertable:user0029850355]
  - [ID: 002103] Size:  1870.86 KB | Range: [usertable:user0000460896 -> usertable:user0029882008]
  - [ID: 002104] Size:  1886.36 KB | Range: [usertable:user0000082977 -> usertable:user0029930842]
📥 【输入阶段 - 涉及的底层 SST (Bot)】:
  - [ID: 002091] Size:  7756.75 KB | Range: [usertable:user0000003654 -> usertable:user0027741791]
  - [ID: 002094] Size: 15766.10 KB | Range: [usertable:user0027741987 -> usertable:user0028486546]
  - [ID: 002098] Size: 15743.22 KB | Range: [usertable:user0028486547 -> usertable:user0028795121]
  - [ID: 002092] Size: 15773.93 KB | Range: [usertable:user0028795122 -> usertable:user0029104120]
  - [ID: 002096] Size: 15784.65 KB | Range: [usertable:user0029104121 -> usertable:user0029413290]
  - [ID: 002097] Size:    72.82 KB | Range: [usertable:user0029413291 -> usertable:user0029414721]
  - [ID: 002093] Size: 15768.77 KB | Range: [usertable:user0029414722 -> usertable:user0029723988]
  - [ID: 002095] Size: 14054.34 KB | Range: [usertable:user0029723989 -> usertable:user0029999999]
📤 【输出阶段 - 生成的新冷数据 SST (New)】:
  - [ID: 002105] Size:  7736.65 KB | Range: [usertable:user0000003654 -> usertable:user0027239423]
  - [ID: 002108] Size: 15803.91 KB | Range: [usertable:user0027239696 -> usertable:user0028485607]
  - [ID: 002112] Size: 15774.45 KB | Range: [usertable:user0028485608 -> usertable:user0028794820]
  - [ID: 002113] Size:    15.52 KB | Range: [usertable:user0028794821 -> usertable:user0028795121]
  - [ID: 002106] Size: 15778.33 KB | Range: [usertable:user0028795122 -> usertable:user0029104196]
  - [ID: 002110] Size: 15778.26 KB | Range: [usertable:user0029104197 -> usertable:user0029413250]
  - [ID: 002111] Size:    74.54 KB | Range: [usertable:user0029413251 -> usertable:user0029414721]
  - [ID: 002107] Size: 15782.86 KB | Range: [usertable:user0029414722 -> usertable:user0029724252]
  - [ID: 002109] Size: 14040.08 KB | Range: [usertable:user0029724253 -> usertable:user0029999999]
☀️ 【输出阶段 - 拦截并存入 L99 的热数据 SST (Hot)】:
  - [ID: 002114] Size:   213.99 KB | Range: [usertable:user0001520006 -> usertable:user0005699498]
badger 2026/04/10 16:07:00 INFO: 
🔥 [Compact-0] 层级变更: L0 -> L3
📥 【输入阶段 - 被选中的上层 SST (Top)】:
  - [ID: 002115] Size:  1873.68 KB | Range: [usertable:user0000617868 -> usertable:user0029983565]
  - [ID: 002116] Size:  1886.35 KB | Range: [usertable:user0000283144 -> usertable:user0029852875]
  - [ID: 002117] Size:  1869.46 KB | Range: [usertable:user0000601057 -> usertable:user0029782032]
  - [ID: 002118] Size:  1866.51 KB | Range: [usertable:user0000616110 -> usertable:user0029996980]
  - [ID: 002119] Size:  1881.25 KB | Range: [usertable:user0000633942 -> usertable:user0028191353]
📥 【输入阶段 - 涉及的底层 SST (Bot)】:
  - [ID: 002105] Size:  7736.65 KB | Range: [usertable:user0000003654 -> usertable:user0027239423]
  - [ID: 002108] Size: 15803.91 KB | Range: [usertable:user0027239696 -> usertable:user0028485607]
  - [ID: 002112] Size: 15774.45 KB | Range: [usertable:user0028485608 -> usertable:user0028794820]
  - [ID: 002113] Size:    15.52 KB | Range: [usertable:user0028794821 -> usertable:user0028795121]
  - [ID: 002106] Size: 15778.33 KB | Range: [usertable:user0028795122 -> usertable:user0029104196]
  - [ID: 002110] Size: 15778.26 KB | Range: [usertable:user0029104197 -> usertable:user0029413250]
  - [ID: 002111] Size:    74.54 KB | Range: [usertable:user0029413251 -> usertable:user0029414721]
  - [ID: 002107] Size: 15782.86 KB | Range: [usertable:user0029414722 -> usertable:user0029724252]
  - [ID: 002109] Size: 14040.08 KB | Range: [usertable:user0029724253 -> usertable:user0029999999]
📤 【输出阶段 - 生成的新冷数据 SST (New)】:
  - [ID: 002120] Size:  7988.99 KB | Range: [usertable:user0000003654 -> usertable:user0027970565]
  - [ID: 002123] Size: 15773.48 KB | Range: [usertable:user0027970584 -> usertable:user0028488986]
  - [ID: 002126] Size: 15603.81 KB | Range: [usertable:user0028488987 -> usertable:user0028794820]
  - [ID: 002122] Size: 15783.43 KB | Range: [usertable:user0028794821 -> usertable:user0029103988]
  - [ID: 002125] Size: 15789.06 KB | Range: [usertable:user0029103989 -> usertable:user0029413250]
  - [ID: 002121] Size: 15765.00 KB | Range: [usertable:user0029413251 -> usertable:user0029722464]
  - [ID: 002124] Size: 14133.04 KB | Range: [usertable:user0029722465 -> usertable:user0029999999]
☀️ 【输出阶段 - 拦截并存入 L99 的热数据 SST (Hot)】:
  - [ID: 002127] Size:   227.70 KB | Range: [usertable:user0001679006 -> usertable:user0005699498]
READ   - Takes(s): 220.0, Count: 1291561, OPS: 5870.8, Avg(us): 214, Min(us): 1, Max(us): 75135, 50th(us): 176, 90th(us): 426, 95th(us): 517, 99th(us): 729, 99.9th(us): 1181, 99.99th(us): 2879
TOTAL  - Takes(s): 220.0, Count: 12788986, OPS: 58132.0, Avg(us): 269, Min(us): 1, Max(us): 82047, 50th(us): 219, 90th(us): 494, 95th(us): 603, 99th(us): 889, 99.9th(us): 1568, 99.99th(us): 44447
UPDATE - Takes(s): 220.0, Count: 11497425, OPS: 52261.2, Avg(us): 275, Min(us): 4, Max(us): 82047, 50th(us): 224, 90th(us): 501, 95th(us): 612, 99th(us): 903, 99.9th(us): 1602, 99.99th(us): 45951
UPDATE_ERROR - Takes(s): 220.0, Count: 126040, OPS: 572.9, Avg(us): 275, Min(us): 3, Max(us): 74815, 50th(us): 232, 90th(us): 501, 95th(us): 600, 99th(us): 831, 99.9th(us): 1472, 99.99th(us): 3965
badger 2026/04/10 16:07:04 INFO: 
🔥 [Compact-0] 层级变更: L0 -> L3
📥 【输入阶段 - 被选中的上层 SST (Top)】:
  - [ID: 002128] Size:  1872.57 KB | Range: [usertable:user0000199663 -> usertable:user0029959870]
  - [ID: 002129] Size:  1881.96 KB | Range: [usertable:user0000214625 -> usertable:user0029821476]
  - [ID: 002130] Size:  1873.15 KB | Range: [usertable:user0000606178 -> usertable:user0029984744]
  - [ID: 002131] Size:  1883.78 KB | Range: [usertable:user0000059520 -> usertable:user0028907386]
  - [ID: 002132] Size:  1876.28 KB | Range: [usertable:user0000623426 -> usertable:user0029972091]
📥 【输入阶段 - 涉及的底层 SST (Bot)】:
  - [ID: 002120] Size:  7988.99 KB | Range: [usertable:user0000003654 -> usertable:user0027970565]
  - [ID: 002123] Size: 15773.48 KB | Range: [usertable:user0027970584 -> usertable:user0028488986]
  - [ID: 002126] Size: 15603.81 KB | Range: [usertable:user0028488987 -> usertable:user0028794820]
  - [ID: 002122] Size: 15783.43 KB | Range: [usertable:user0028794821 -> usertable:user0029103988]
  - [ID: 002125] Size: 15789.06 KB | Range: [usertable:user0029103989 -> usertable:user0029413250]
  - [ID: 002121] Size: 15765.00 KB | Range: [usertable:user0029413251 -> usertable:user0029722464]
  - [ID: 002124] Size: 14133.04 KB | Range: [usertable:user0029722465 -> usertable:user0029999999]
📤 【输出阶段 - 生成的新冷数据 SST (New)】:
  - [ID: 002133] Size:  7996.64 KB | Range: [usertable:user0000003654 -> usertable:user0027901404]
  - [ID: 002136] Size: 15783.29 KB | Range: [usertable:user0027901423 -> usertable:user0028487656]
  - [ID: 002138] Size: 15668.37 KB | Range: [usertable:user0028487657 -> usertable:user0028794820]
  - [ID: 002135] Size: 15786.77 KB | Range: [usertable:user0028794821 -> usertable:user0029104059]
  - [ID: 002137] Size: 15791.08 KB | Range: [usertable:user0029104060 -> usertable:user0029413369]
  - [ID: 002140] Size: 15759.57 KB | Range: [usertable:user0029413370 -> usertable:user0029722464]
  - [ID: 002134] Size: 14132.94 KB | Range: [usertable:user0029722465 -> usertable:user0029999999]
☀️ 【输出阶段 - 拦截并存入 L99 的热数据 SST (Hot)】:
  - [ID: 002139] Size:   219.86 KB | Range: [usertable:user0001679034 -> usertable:user0005699886]
badger 2026/04/10 16:07:08 INFO: 
🔥 [Compact-0] 层级变更: L0 -> L3
📥 【输入阶段 - 被选中的上层 SST (Top)】:
  - [ID: 002141] Size:  1891.00 KB | Range: [usertable:user0000619382 -> usertable:user0029998254]
  - [ID: 002142] Size:  1882.63 KB | Range: [usertable:user0000627814 -> usertable:user0029935072]
  - [ID: 002143] Size:  1876.54 KB | Range: [usertable:user0000399342 -> usertable:user0029920316]
  - [ID: 002144] Size:  1894.39 KB | Range: [usertable:user0000621073 -> usertable:user0029916699]
  - [ID: 002145] Size:  1868.52 KB | Range: [usertable:user0000274200 -> usertable:user0029935733]
📥 【输入阶段 - 涉及的底层 SST (Bot)】:
  - [ID: 002133] Size:  7996.64 KB | Range: [usertable:user0000003654 -> usertable:user0027901404]
  - [ID: 002136] Size: 15783.29 KB | Range: [usertable:user0027901423 -> usertable:user0028487656]
  - [ID: 002138] Size: 15668.37 KB | Range: [usertable:user0028487657 -> usertable:user0028794820]
  - [ID: 002135] Size: 15786.77 KB | Range: [usertable:user0028794821 -> usertable:user0029104059]
  - [ID: 002137] Size: 15791.08 KB | Range: [usertable:user0029104060 -> usertable:user0029413369]
  - [ID: 002140] Size: 15759.57 KB | Range: [usertable:user0029413370 -> usertable:user0029722464]
  - [ID: 002134] Size: 14132.94 KB | Range: [usertable:user0029722465 -> usertable:user0029999999]
📤 【输出阶段 - 生成的新冷数据 SST (New)】:
  - [ID: 002146] Size:  7981.14 KB | Range: [usertable:user0000003654 -> usertable:user0027698874]
  - [ID: 002149] Size: 15776.36 KB | Range: [usertable:user0027698936 -> usertable:user0028486078]
  - [ID: 002151] Size: 15751.46 KB | Range: [usertable:user0028486079 -> usertable:user0028794820]
  - [ID: 002148] Size: 15772.21 KB | Range: [usertable:user0028794821 -> usertable:user0029103778]
  - [ID: 002150] Size: 15782.98 KB | Range: [usertable:user0029103779 -> usertable:user0029412879]
  - [ID: 002153] Size: 15776.93 KB | Range: [usertable:user0029412880 -> usertable:user0029722335]
  - [ID: 002154] Size:     6.28 KB | Range: [usertable:user0029722336 -> usertable:user0029722464]
  - [ID: 002147] Size: 14132.84 KB | Range: [usertable:user0029722465 -> usertable:user0029999999]
☀️ 【输出阶段 - 拦截并存入 L99 的热数据 SST (Hot)】:
  - [ID: 002152] Size:   242.04 KB | Range: [usertable:user0001679025 -> usertable:user0005699498]
badger 2026/04/10 16:07:11 INFO: 
🔥 [Compact-1] 层级变更: L0 -> L3
📥 【输入阶段 - 被选中的上层 SST (Top)】:
  - [ID: 002155] Size:  1886.70 KB | Range: [usertable:user0000171153 -> usertable:user0029854466]
  - [ID: 002156] Size:  1876.18 KB | Range: [usertable:user0000625294 -> usertable:user0029941832]
  - [ID: 002157] Size:  1874.58 KB | Range: [usertable:user0000023934 -> usertable:user0029977788]
  - [ID: 002158] Size:  1867.41 KB | Range: [usertable:user0000141938 -> usertable:user0029988668]
  - [ID: 002159] Size:  1881.21 KB | Range: [usertable:user0000613207 -> usertable:user0029786876]
📥 【输入阶段 - 涉及的底层 SST (Bot)】:
  - [ID: 002146] Size:  7981.14 KB | Range: [usertable:user0000003654 -> usertable:user0027698874]
  - [ID: 002149] Size: 15776.36 KB | Range: [usertable:user0027698936 -> usertable:user0028486078]
  - [ID: 002151] Size: 15751.46 KB | Range: [usertable:user0028486079 -> usertable:user0028794820]
  - [ID: 002148] Size: 15772.21 KB | Range: [usertable:user0028794821 -> usertable:user0029103778]
  - [ID: 002150] Size: 15782.98 KB | Range: [usertable:user0029103779 -> usertable:user0029412879]
  - [ID: 002153] Size: 15776.93 KB | Range: [usertable:user0029412880 -> usertable:user0029722335]
  - [ID: 002154] Size:     6.28 KB | Range: [usertable:user0029722336 -> usertable:user0029722464]
  - [ID: 002147] Size: 14132.84 KB | Range: [usertable:user0029722465 -> usertable:user0029999999]
📤 【输出阶段 - 生成的新冷数据 SST (New)】:
  - [ID: 002160] Size:  7987.97 KB | Range: [usertable:user0000003654 -> usertable:user0027169361]
  - [ID: 002163] Size: 15766.55 KB | Range: [usertable:user0027169975 -> usertable:user0028484224]
  - [ID: 002165] Size: 15765.59 KB | Range: [usertable:user0028484225 -> usertable:user0028793240]
  - [ID: 002166] Size:    78.99 KB | Range: [usertable:user0028793241 -> usertable:user0028794820]
  - [ID: 002162] Size: 15767.95 KB | Range: [usertable:user0028794821 -> usertable:user0029103699]
  - [ID: 002164] Size: 15773.90 KB | Range: [usertable:user0029103700 -> usertable:user0029412630]
  - [ID: 002168] Size: 15771.43 KB | Range: [usertable:user0029412631 -> usertable:user0029721989]
  - [ID: 002169] Size:    18.98 KB | Range: [usertable:user0029721990 -> usertable:user0029722335]
  - [ID: 002161] Size: 14138.41 KB | Range: [usertable:user0029722336 -> usertable:user0029999999]
☀️ 【输出阶段 - 拦截并存入 L99 的热数据 SST (Hot)】:
  - [ID: 002167] Size:   216.98 KB | Range: [usertable:user0001520006 -> usertable:user0005699498]
READ   - Takes(s): 230.0, Count: 1346896, OPS: 5856.1, Avg(us): 215, Min(us): 1, Max(us): 75135, 50th(us): 176, 90th(us): 428, 95th(us): 520, 99th(us): 734, 99.9th(us): 1185, 99.99th(us): 2879
TOTAL  - Takes(s): 230.0, Count: 13338295, OPS: 57992.6, Avg(us): 269, Min(us): 1, Max(us): 82047, 50th(us): 219, 90th(us): 497, 95th(us): 608, 99th(us): 895, 99.9th(us): 1575, 99.99th(us): 44255
UPDATE - Takes(s): 230.0, Count: 11991399, OPS: 52136.6, Avg(us): 276, Min(us): 4, Max(us): 82047, 50th(us): 224, 90th(us): 504, 95th(us): 616, 99th(us): 910, 99.9th(us): 1609, 99.99th(us): 45567
UPDATE_ERROR - Takes(s): 230.0, Count: 131880, OPS: 573.4, Avg(us): 276, Min(us): 3, Max(us): 74815, 50th(us): 232, 90th(us): 504, 95th(us): 606, 99th(us): 839, 99.9th(us): 1472, 99.99th(us): 3965
badger 2026/04/10 16:07:15 INFO: 
🔥 [Compact-2] 层级变更: L0 -> L3
📥 【输入阶段 - 被选中的上层 SST (Top)】:
  - [ID: 002170] Size:  1880.49 KB | Range: [usertable:user0000055151 -> usertable:user0029807750]
  - [ID: 002171] Size:  1879.56 KB | Range: [usertable:user0000291921 -> usertable:user0029867214]
  - [ID: 002172] Size:  1886.82 KB | Range: [usertable:user0000427982 -> usertable:user0029877414]
  - [ID: 002173] Size:  1872.45 KB | Range: [usertable:user0000468269 -> usertable:user0029927977]
  - [ID: 002174] Size:  1893.44 KB | Range: [usertable:user0000601704 -> usertable:user0029773069]
📥 【输入阶段 - 涉及的底层 SST (Bot)】:
  - [ID: 002160] Size:  7987.97 KB | Range: [usertable:user0000003654 -> usertable:user0027169361]
  - [ID: 002163] Size: 15766.55 KB | Range: [usertable:user0027169975 -> usertable:user0028484224]
  - [ID: 002165] Size: 15765.59 KB | Range: [usertable:user0028484225 -> usertable:user0028793240]
  - [ID: 002166] Size:    78.99 KB | Range: [usertable:user0028793241 -> usertable:user0028794820]
  - [ID: 002162] Size: 15767.95 KB | Range: [usertable:user0028794821 -> usertable:user0029103699]
  - [ID: 002164] Size: 15773.90 KB | Range: [usertable:user0029103700 -> usertable:user0029412630]
  - [ID: 002168] Size: 15771.43 KB | Range: [usertable:user0029412631 -> usertable:user0029721989]
  - [ID: 002169] Size:    18.98 KB | Range: [usertable:user0029721990 -> usertable:user0029722335]
  - [ID: 002161] Size: 14138.41 KB | Range: [usertable:user0029722336 -> usertable:user0029999999]
📤 【输出阶段 - 生成的新冷数据 SST (New)】:
  - [ID: 002175] Size:  8276.34 KB | Range: [usertable:user0000003654 -> usertable:user0027954908]
  - [ID: 002178] Size: 15765.51 KB | Range: [usertable:user0027954947 -> usertable:user0028488281]
  - [ID: 002182] Size: 15560.24 KB | Range: [usertable:user0028488282 -> usertable:user0028793240]
  - [ID: 002177] Size: 15803.61 KB | Range: [usertable:user0028793241 -> usertable:user0029102831]
  - [ID: 002180] Size: 15790.36 KB | Range: [usertable:user0029102832 -> usertable:user0029412070]
  - [ID: 002181] Size:    27.12 KB | Range: [usertable:user0029412071 -> usertable:user0029412630]
  - [ID: 002176] Size: 15803.22 KB | Range: [usertable:user0029412631 -> usertable:user0029722596]
  - [ID: 002179] Size: 14125.09 KB | Range: [usertable:user0029722597 -> usertable:user0029999999]
☀️ 【输出阶段 - 拦截并存入 L99 的热数据 SST (Hot)】:
  - [ID: 002183] Size:   229.64 KB | Range: [usertable:user0001679106 -> usertable:user0005699498]
badger 2026/04/10 16:07:19 INFO: 
🔥 [Compact-2] 层级变更: L0 -> L3
📥 【输入阶段 - 被选中的上层 SST (Top)】:
  - [ID: 002184] Size:  1862.44 KB | Range: [usertable:user0000606447 -> usertable:user0029711051]
  - [ID: 002185] Size:  1882.00 KB | Range: [usertable:user0000653896 -> usertable:user0029879805]
  - [ID: 002186] Size:  1872.62 KB | Range: [usertable:user0000624197 -> usertable:user0029944529]
  - [ID: 002187] Size:  1885.56 KB | Range: [usertable:user0000006332 -> usertable:user0029863180]
  - [ID: 002188] Size:  1874.24 KB | Range: [usertable:user0000493943 -> usertable:user0029169596]
📥 【输入阶段 - 涉及的底层 SST (Bot)】:
  - [ID: 002175] Size:  8276.34 KB | Range: [usertable:user0000003654 -> usertable:user0027954908]
  - [ID: 002178] Size: 15765.51 KB | Range: [usertable:user0027954947 -> usertable:user0028488281]
  - [ID: 002182] Size: 15560.24 KB | Range: [usertable:user0028488282 -> usertable:user0028793240]
  - [ID: 002177] Size: 15803.61 KB | Range: [usertable:user0028793241 -> usertable:user0029102831]
  - [ID: 002180] Size: 15790.36 KB | Range: [usertable:user0029102832 -> usertable:user0029412070]
  - [ID: 002181] Size:    27.12 KB | Range: [usertable:user0029412071 -> usertable:user0029412630]
  - [ID: 002176] Size: 15803.22 KB | Range: [usertable:user0029412631 -> usertable:user0029722596]
  - [ID: 002179] Size: 14125.09 KB | Range: [usertable:user0029722597 -> usertable:user0029999999]
📤 【输出阶段 - 生成的新冷数据 SST (New)】:
  - [ID: 002189] Size:  8242.39 KB | Range: [usertable:user0000003654 -> usertable:user0027865525]
  - [ID: 002192] Size: 15773.97 KB | Range: [usertable:user0027865573 -> usertable:user0028486934]
  - [ID: 002196] Size: 15627.78 KB | Range: [usertable:user0028486935 -> usertable:user0028793240]
  - [ID: 002191] Size: 15768.47 KB | Range: [usertable:user0028793241 -> usertable:user0029102139]
  - [ID: 002194] Size: 15789.88 KB | Range: [usertable:user0029102140 -> usertable:user0029411399]
  - [ID: 002195] Size:    62.21 KB | Range: [usertable:user0029411400 -> usertable:user0029412630]
  - [ID: 002190] Size: 15797.83 KB | Range: [usertable:user0029412631 -> usertable:user0029722491]
  - [ID: 002193] Size: 14130.58 KB | Range: [usertable:user0029722492 -> usertable:user0029999999]
☀️ 【输出阶段 - 拦截并存入 L99 的热数据 SST (Hot)】:
  - [ID: 002197] Size:   240.66 KB | Range: [usertable:user0001679034 -> usertable:user0005699488]
badger 2026/04/10 16:07:23 INFO: 
🔥 [Compact-2] 层级变更: L0 -> L3
📥 【输入阶段 - 被选中的上层 SST (Top)】:
  - [ID: 002198] Size:  1883.48 KB | Range: [usertable:user0000627210 -> usertable:user0029809350]
  - [ID: 002199] Size:  1879.90 KB | Range: [usertable:user0000471273 -> usertable:user0029979824]
  - [ID: 002200] Size:  1876.67 KB | Range: [usertable:user0000598696 -> usertable:user0028249183]
  - [ID: 002201] Size:  1883.53 KB | Range: [usertable:user0000317284 -> usertable:user0029935072]
  - [ID: 002202] Size:  1862.04 KB | Range: [usertable:user0000434656 -> usertable:user0029979843]
📥 【输入阶段 - 涉及的底层 SST (Bot)】:
  - [ID: 002189] Size:  8242.39 KB | Range: [usertable:user0000003654 -> usertable:user0027865525]
  - [ID: 002192] Size: 15773.97 KB | Range: [usertable:user0027865573 -> usertable:user0028486934]
  - [ID: 002196] Size: 15627.78 KB | Range: [usertable:user0028486935 -> usertable:user0028793240]
  - [ID: 002191] Size: 15768.47 KB | Range: [usertable:user0028793241 -> usertable:user0029102139]
  - [ID: 002194] Size: 15789.88 KB | Range: [usertable:user0029102140 -> usertable:user0029411399]
  - [ID: 002195] Size:    62.21 KB | Range: [usertable:user0029411400 -> usertable:user0029412630]
  - [ID: 002190] Size: 15797.83 KB | Range: [usertable:user0029412631 -> usertable:user0029722491]
  - [ID: 002193] Size: 14130.58 KB | Range: [usertable:user0029722492 -> usertable:user0029999999]
📤 【输出阶段 - 生成的新冷数据 SST (New)】:
  - [ID: 002203] Size:  8266.26 KB | Range: [usertable:user0000003654 -> usertable:user0027677243]
  - [ID: 002206] Size: 15773.60 KB | Range: [usertable:user0027677301 -> usertable:user0028485481]
  - [ID: 002210] Size: 15702.73 KB | Range: [usertable:user0028485482 -> usertable:user0028793240]
  - [ID: 002204] Size: 15788.44 KB | Range: [usertable:user0028793241 -> usertable:user0029102518]
  - [ID: 002208] Size: 15767.74 KB | Range: [usertable:user0029102519 -> usertable:user0029411343]
  - [ID: 002209] Size:    64.52 KB | Range: [usertable:user0029411344 -> usertable:user0029412630]
  - [ID: 002205] Size: 15762.92 KB | Range: [usertable:user0029412631 -> usertable:user0029721835]
  - [ID: 002207] Size: 14165.87 KB | Range: [usertable:user0029721836 -> usertable:user0029999999]
☀️ 【输出阶段 - 拦截并存入 L99 的热数据 SST (Hot)】:
  - [ID: 002211] Size:   219.38 KB | Range: [usertable:user0001520006 -> usertable:user0005699498]
READ   - Takes(s): 240.0, Count: 1401306, OPS: 5838.8, Avg(us): 215, Min(us): 1, Max(us): 75135, 50th(us): 175, 90th(us): 429, 95th(us): 523, 99th(us): 739, 99.9th(us): 1192, 99.99th(us): 2879
TOTAL  - Takes(s): 240.0, Count: 13877984, OPS: 57825.0, Avg(us): 270, Min(us): 1, Max(us): 92095, 50th(us): 219, 90th(us): 499, 95th(us): 611, 99th(us): 902, 99.9th(us): 1583, 99.99th(us): 44767
UPDATE - Takes(s): 240.0, Count: 12476678, OPS: 51986.2, Avg(us): 276, Min(us): 4, Max(us): 92095, 50th(us): 223, 90th(us): 506, 95th(us): 620, 99th(us): 917, 99.9th(us): 1616, 99.99th(us): 46367
UPDATE_ERROR - Takes(s): 240.0, Count: 137701, OPS: 573.8, Avg(us): 278, Min(us): 3, Max(us): 74815, 50th(us): 232, 90th(us): 508, 95th(us): 611, 99th(us): 847, 99.9th(us): 1477, 99.99th(us): 3965
badger 2026/04/10 16:07:26 INFO: 
🔥 [Compact-0] 层级变更: L0 -> L3
📥 【输入阶段 - 被选中的上层 SST (Top)】:
  - [ID: 002212] Size:  1891.70 KB | Range: [usertable:user0000603778 -> usertable:user0029795236]
  - [ID: 002213] Size:  1866.08 KB | Range: [usertable:user0000474808 -> usertable:user0029860818]
  - [ID: 002214] Size:  1872.49 KB | Range: [usertable:user0000610342 -> usertable:user0029769543]
  - [ID: 002215] Size:  1883.71 KB | Range: [usertable:user0000111731 -> usertable:user0029931436]
  - [ID: 002216] Size:  1880.92 KB | Range: [usertable:user0000612550 -> usertable:user0029930497]
📥 【输入阶段 - 涉及的底层 SST (Bot)】:
  - [ID: 002203] Size:  8266.26 KB | Range: [usertable:user0000003654 -> usertable:user0027677243]
  - [ID: 002206] Size: 15773.60 KB | Range: [usertable:user0027677301 -> usertable:user0028485481]
  - [ID: 002210] Size: 15702.73 KB | Range: [usertable:user0028485482 -> usertable:user0028793240]
  - [ID: 002204] Size: 15788.44 KB | Range: [usertable:user0028793241 -> usertable:user0029102518]
  - [ID: 002208] Size: 15767.74 KB | Range: [usertable:user0029102519 -> usertable:user0029411343]
  - [ID: 002209] Size:    64.52 KB | Range: [usertable:user0029411344 -> usertable:user0029412630]
  - [ID: 002205] Size: 15762.92 KB | Range: [usertable:user0029412631 -> usertable:user0029721835]
  - [ID: 002207] Size: 14165.87 KB | Range: [usertable:user0029721836 -> usertable:user0029999999]
📤 【输出阶段 - 生成的新冷数据 SST (New)】:
  - [ID: 002217] Size:  8267.62 KB | Range: [usertable:user0000003654 -> usertable:user0027182805]
  - [ID: 002220] Size: 15762.99 KB | Range: [usertable:user0027183542 -> usertable:user0028483726]
  - [ID: 002224] Size: 15773.27 KB | Range: [usertable:user0028483727 -> usertable:user0028792933]
  - [ID: 002225] Size:    16.15 KB | Range: [usertable:user0028792934 -> usertable:user0028793240]
  - [ID: 002219] Size: 15771.81 KB | Range: [usertable:user0028793241 -> usertable:user0029102192]
  - [ID: 002222] Size: 15791.92 KB | Range: [usertable:user0029102193 -> usertable:user0029411511]
  - [ID: 002223] Size:    57.13 KB | Range: [usertable:user0029411512 -> usertable:user0029412630]
  - [ID: 002218] Size: 15827.14 KB | Range: [usertable:user0029412631 -> usertable:user0029723094]
  - [ID: 002221] Size: 14101.68 KB | Range: [usertable:user0029723095 -> usertable:user0029999999]
☀️ 【输出阶段 - 拦截并存入 L99 的热数据 SST (Hot)】:
  - [ID: 002226] Size:   230.99 KB | Range: [usertable:user0001520049 -> usertable:user0005699498]
badger 2026/04/10 16:07:30 INFO: 
🔥 [Compact-0] 层级变更: L0 -> L3
📥 【输入阶段 - 被选中的上层 SST (Top)】:
  - [ID: 002227] Size:  1895.26 KB | Range: [usertable:user0000462534 -> usertable:user0029990024]
  - [ID: 002228] Size:  1869.04 KB | Range: [usertable:user0000471124 -> usertable:user0029979723]
  - [ID: 002229] Size:  1894.44 KB | Range: [usertable:user0000324983 -> usertable:user0028436228]
  - [ID: 002230] Size:  1879.72 KB | Range: [usertable:user0000393866 -> usertable:user0029983556]
  - [ID: 002231] Size:  1883.53 KB | Range: [usertable:user0000607352 -> usertable:user0029971301]
📥 【输入阶段 - 涉及的底层 SST (Bot)】:
  - [ID: 002217] Size:  8267.62 KB | Range: [usertable:user0000003654 -> usertable:user0027182805]
  - [ID: 002220] Size: 15762.99 KB | Range: [usertable:user0027183542 -> usertable:user0028483726]
  - [ID: 002224] Size: 15773.27 KB | Range: [usertable:user0028483727 -> usertable:user0028792933]
  - [ID: 002225] Size:    16.15 KB | Range: [usertable:user0028792934 -> usertable:user0028793240]
  - [ID: 002219] Size: 15771.81 KB | Range: [usertable:user0028793241 -> usertable:user0029102192]
  - [ID: 002222] Size: 15791.92 KB | Range: [usertable:user0029102193 -> usertable:user0029411511]
  - [ID: 002223] Size:    57.13 KB | Range: [usertable:user0029411512 -> usertable:user0029412630]
  - [ID: 002218] Size: 15827.14 KB | Range: [usertable:user0029412631 -> usertable:user0029723094]
  - [ID: 002221] Size: 14101.68 KB | Range: [usertable:user0029723095 -> usertable:user0029999999]
📤 【输出阶段 - 生成的新冷数据 SST (New)】:
  - [ID: 002232] Size:  8526.70 KB | Range: [usertable:user0000003654 -> usertable:user0027944670]
  - [ID: 002235] Size: 15771.28 KB | Range: [usertable:user0027944790 -> usertable:user0028487909]
  - [ID: 002239] Size: 15561.42 KB | Range: [usertable:user0028487910 -> usertable:user0028792933]
  - [ID: 002234] Size: 15776.17 KB | Range: [usertable:user0028792934 -> usertable:user0029101986]
  - [ID: 002237] Size: 15777.16 KB | Range: [usertable:user0029101987 -> usertable:user0029410993]
  - [ID: 002238] Size:    25.86 KB | Range: [usertable:user0029410994 -> usertable:user0029411511]
  - [ID: 002233] Size: 15764.35 KB | Range: [usertable:user0029411512 -> usertable:user0029720793]
  - [ID: 002236] Size: 14221.39 KB | Range: [usertable:user0029720794 -> usertable:user0029999999]
☀️ 【输出阶段 - 拦截并存入 L99 的热数据 SST (Hot)】:
  - [ID: 002240] Size:   229.82 KB | Range: [usertable:user0001520049 -> usertable:user0005699498]
READ   - Takes(s): 250.0, Count: 1455178, OPS: 5820.7, Avg(us): 215, Min(us): 1, Max(us): 75135, 50th(us): 175, 90th(us): 431, 95th(us): 526, 99th(us): 747, 99.9th(us): 1197, 99.99th(us): 2885
TOTAL  - Takes(s): 250.0, Count: 14411185, OPS: 57644.9, Avg(us): 271, Min(us): 1, Max(us): 92095, 50th(us): 218, 90th(us): 502, 95th(us): 616, 99th(us): 910, 99.9th(us): 1591, 99.99th(us): 44703
UPDATE - Takes(s): 250.0, Count: 12956007, OPS: 51824.2, Avg(us): 277, Min(us): 4, Max(us): 92095, 50th(us): 223, 90th(us): 509, 95th(us): 625, 99th(us): 925, 99.9th(us): 1625, 99.99th(us): 46367
UPDATE_ERROR - Takes(s): 250.0, Count: 143703, OPS: 574.8, Avg(us): 279, Min(us): 3, Max(us): 74815, 50th(us): 233, 90th(us): 511, 95th(us): 616, 99th(us): 858, 99.9th(us): 1494, 99.99th(us): 3993
badger 2026/04/10 16:07:34 INFO: 
🔥 [Compact-0] 层级变更: L0 -> L3
📥 【输入阶段 - 被选中的上层 SST (Top)】:
  - [ID: 002241] Size:  1881.56 KB | Range: [usertable:user0000607525 -> usertable:user0029953996]
  - [ID: 002242] Size:  1863.43 KB | Range: [usertable:user0000611496 -> usertable:user0029935091]
  - [ID: 002243] Size:  1883.05 KB | Range: [usertable:user0000387245 -> usertable:user0029876149]
  - [ID: 002244] Size:  1876.23 KB | Range: [usertable:user0000620896 -> usertable:user0029718831]
  - [ID: 002245] Size:  1886.97 KB | Range: [usertable:user0000221078 -> usertable:user0029117907]
📥 【输入阶段 - 涉及的底层 SST (Bot)】:
  - [ID: 002232] Size:  8526.70 KB | Range: [usertable:user0000003654 -> usertable:user0027944670]
  - [ID: 002235] Size: 15771.28 KB | Range: [usertable:user0027944790 -> usertable:user0028487909]
  - [ID: 002239] Size: 15561.42 KB | Range: [usertable:user0028487910 -> usertable:user0028792933]
  - [ID: 002234] Size: 15776.17 KB | Range: [usertable:user0028792934 -> usertable:user0029101986]
  - [ID: 002237] Size: 15777.16 KB | Range: [usertable:user0029101987 -> usertable:user0029410993]
  - [ID: 002238] Size:    25.86 KB | Range: [usertable:user0029410994 -> usertable:user0029411511]
  - [ID: 002233] Size: 15764.35 KB | Range: [usertable:user0029411512 -> usertable:user0029720793]
  - [ID: 002236] Size: 14221.39 KB | Range: [usertable:user0029720794 -> usertable:user0029999999]
📤 【输出阶段 - 生成的新冷数据 SST (New)】:
  - [ID: 002246] Size:  8544.41 KB | Range: [usertable:user0000003654 -> usertable:user0027864624]
  - [ID: 002249] Size: 15791.00 KB | Range: [usertable:user0027864653 -> usertable:user0028486964]
  - [ID: 002253] Size: 15610.44 KB | Range: [usertable:user0028486965 -> usertable:user0028792933]
  - [ID: 002248] Size: 15778.22 KB | Range: [usertable:user0028792934 -> usertable:user0029102026]
  - [ID: 002251] Size: 15785.30 KB | Range: [usertable:user0029102027 -> usertable:user0029411196]
  - [ID: 002252] Size:    15.46 KB | Range: [usertable:user0029411197 -> usertable:user0029411511]
  - [ID: 002247] Size: 15782.95 KB | Range: [usertable:user0029411512 -> usertable:user0029721137]
  - [ID: 002250] Size: 14202.24 KB | Range: [usertable:user0029721138 -> usertable:user0029999999]
☀️ 【输出阶段 - 拦截并存入 L99 的热数据 SST (Hot)】:
  - [ID: 002254] Size:   234.22 KB | Range: [usertable:user0001679106 -> usertable:user0005699498]
badger 2026/04/10 16:07:38 INFO: 
🔥 [Compact-0] 层级变更: L0 -> L3
📥 【输入阶段 - 被选中的上层 SST (Top)】:
  - [ID: 002255] Size:  1870.06 KB | Range: [usertable:user0000612100 -> usertable:user0028247894]
  - [ID: 002256] Size:  1881.14 KB | Range: [usertable:user0000418496 -> usertable:user0029792194]
  - [ID: 002257] Size:  1875.24 KB | Range: [usertable:user0000605517 -> usertable:user0029190508]
  - [ID: 002258] Size:  1879.99 KB | Range: [usertable:user0000607841 -> usertable:user0029938541]
  - [ID: 002259] Size:  1872.18 KB | Range: [usertable:user0000602561 -> usertable:user0029967377]
📥 【输入阶段 - 涉及的底层 SST (Bot)】:
  - [ID: 002246] Size:  8544.41 KB | Range: [usertable:user0000003654 -> usertable:user0027864624]
  - [ID: 002249] Size: 15791.00 KB | Range: [usertable:user0027864653 -> usertable:user0028486964]
  - [ID: 002253] Size: 15610.44 KB | Range: [usertable:user0028486965 -> usertable:user0028792933]
  - [ID: 002248] Size: 15778.22 KB | Range: [usertable:user0028792934 -> usertable:user0029102026]
  - [ID: 002251] Size: 15785.30 KB | Range: [usertable:user0029102027 -> usertable:user0029411196]
  - [ID: 002252] Size:    15.46 KB | Range: [usertable:user0029411197 -> usertable:user0029411511]
  - [ID: 002247] Size: 15782.95 KB | Range: [usertable:user0029411512 -> usertable:user0029721137]
  - [ID: 002250] Size: 14202.24 KB | Range: [usertable:user0029721138 -> usertable:user0029999999]
📤 【输出阶段 - 生成的新冷数据 SST (New)】:
  - [ID: 002260] Size:  8506.84 KB | Range: [usertable:user0000003654 -> usertable:user0027681771]
  - [ID: 002263] Size: 15771.22 KB | Range: [usertable:user0027681790 -> usertable:user0028485137]
  - [ID: 002267] Size: 15703.91 KB | Range: [usertable:user0028485138 -> usertable:user0028792933]
  - [ID: 002261] Size: 15787.51 KB | Range: [usertable:user0028792934 -> usertable:user0029102199]
  - [ID: 002265] Size: 15782.46 KB | Range: [usertable:user0029102200 -> usertable:user0029411319]
  - [ID: 002266] Size:     9.08 KB | Range: [usertable:user0029411320 -> usertable:user0029411511]
  - [ID: 002262] Size: 15797.46 KB | Range: [usertable:user0029411512 -> usertable:user0029721405]
  - [ID: 002264] Size: 14187.84 KB | Range: [usertable:user0029721406 -> usertable:user0029999999]
☀️ 【输出阶段 - 拦截并存入 L99 的热数据 SST (Hot)】:
  - [ID: 002268] Size:   273.36 KB | Range: [usertable:user0001679034 -> usertable:user0013169973]
badger 2026/04/10 16:07:41 INFO: 
🔥 [Compact-0] 层级变更: L0 -> L3
📥 【输入阶段 - 被选中的上层 SST (Top)】:
  - [ID: 002269] Size:  1874.02 KB | Range: [usertable:user0000327364 -> usertable:user0029958150]
  - [ID: 002270] Size:  1898.18 KB | Range: [usertable:user0000380394 -> usertable:user0029809221]
  - [ID: 002271] Size:  1877.41 KB | Range: [usertable:user0000623751 -> usertable:user0029965087]
  - [ID: 002272] Size:  1891.59 KB | Range: [usertable:user0000620350 -> usertable:user0029980274]
  - [ID: 002273] Size:  1880.27 KB | Range: [usertable:user0000606150 -> usertable:user0029820973]
📥 【输入阶段 - 涉及的底层 SST (Bot)】:
  - [ID: 002260] Size:  8506.84 KB | Range: [usertable:user0000003654 -> usertable:user0027681771]
  - [ID: 002263] Size: 15771.22 KB | Range: [usertable:user0027681790 -> usertable:user0028485137]
  - [ID: 002267] Size: 15703.91 KB | Range: [usertable:user0028485138 -> usertable:user0028792933]
  - [ID: 002261] Size: 15787.51 KB | Range: [usertable:user0028792934 -> usertable:user0029102199]
  - [ID: 002265] Size: 15782.46 KB | Range: [usertable:user0029102200 -> usertable:user0029411319]
  - [ID: 002266] Size:     9.08 KB | Range: [usertable:user0029411320 -> usertable:user0029411511]
  - [ID: 002262] Size: 15797.46 KB | Range: [usertable:user0029411512 -> usertable:user0029721405]
  - [ID: 002264] Size: 14187.84 KB | Range: [usertable:user0029721406 -> usertable:user0029999999]
📤 【输出阶段 - 生成的新冷数据 SST (New)】:
  - [ID: 002274] Size:  8557.96 KB | Range: [usertable:user0000003654 -> usertable:user0027577750]
  - [ID: 002277] Size: 15776.11 KB | Range: [usertable:user0027580371 -> usertable:user0028484439]
  - [ID: 002280] Size: 15739.63 KB | Range: [usertable:user0028484440 -> usertable:user0028792933]
  - [ID: 002276] Size: 15860.71 KB | Range: [usertable:user0028792934 -> usertable:user0029103670]
  - [ID: 002279] Size: 15718.17 KB | Range: [usertable:user0029103671 -> usertable:user0029411511]
  - [ID: 002275] Size: 15781.23 KB | Range: [usertable:user0029411512 -> usertable:user0029721108]
  - [ID: 002278] Size: 14205.51 KB | Range: [usertable:user0029721109 -> usertable:user0029999999]
☀️ 【输出阶段 - 拦截并存入 L99 的热数据 SST (Hot)】:
  - [ID: 002281] Size:   218.26 KB | Range: [usertable:user0001679015 -> usertable:user0005699886]
READ   - Takes(s): 260.0, Count: 1510382, OPS: 5809.2, Avg(us): 216, Min(us): 1, Max(us): 75135, 50th(us): 175, 90th(us): 433, 95th(us): 530, 99th(us): 753, 99.9th(us): 1204, 99.99th(us): 3031
TOTAL  - Takes(s): 260.0, Count: 14959461, OPS: 57536.6, Avg(us): 271, Min(us): 1, Max(us): 92095, 50th(us): 218, 90th(us): 504, 95th(us): 620, 99th(us): 917, 99.9th(us): 1593, 99.99th(us): 44863
UPDATE - Takes(s): 260.0, Count: 13449079, OPS: 51727.4, Avg(us): 278, Min(us): 4, Max(us): 92095, 50th(us): 223, 90th(us): 512, 95th(us): 629, 99th(us): 931, 99.9th(us): 1627, 99.99th(us): 46431
UPDATE_ERROR - Takes(s): 260.0, Count: 149628, OPS: 575.5, Avg(us): 281, Min(us): 3, Max(us): 74815, 50th(us): 233, 90th(us): 514, 95th(us): 621, 99th(us): 866, 99.9th(us): 1506, 99.99th(us): 3993
badger 2026/04/10 16:07:45 INFO: 
🔥 [Compact-1] 层级变更: L0 -> L3
📥 【输入阶段 - 被选中的上层 SST (Top)】:
  - [ID: 002282] Size:  1896.75 KB | Range: [usertable:user0000554428 -> usertable:user0029977409]
  - [ID: 002283] Size:  1880.50 KB | Range: [usertable:user0000604708 -> usertable:user0029833860]
  - [ID: 002284] Size:  1883.67 KB | Range: [usertable:user0000605163 -> usertable:user0029979062]
  - [ID: 002285] Size:  1879.31 KB | Range: [usertable:user0000364465 -> usertable:user0029951093]
  - [ID: 002286] Size:  1870.24 KB | Range: [usertable:user0000607228 -> usertable:user0029940922]
📥 【输入阶段 - 涉及的底层 SST (Bot)】:
  - [ID: 002274] Size:  8557.96 KB | Range: [usertable:user0000003654 -> usertable:user0027577750]
  - [ID: 002277] Size: 15776.11 KB | Range: [usertable:user0027580371 -> usertable:user0028484439]
  - [ID: 002280] Size: 15739.63 KB | Range: [usertable:user0028484440 -> usertable:user0028792933]
  - [ID: 002276] Size: 15860.71 KB | Range: [usertable:user0028792934 -> usertable:user0029103670]
  - [ID: 002279] Size: 15718.17 KB | Range: [usertable:user0029103671 -> usertable:user0029411511]
  - [ID: 002275] Size: 15781.23 KB | Range: [usertable:user0029411512 -> usertable:user0029721108]
  - [ID: 002278] Size: 14205.51 KB | Range: [usertable:user0029721109 -> usertable:user0029999999]
📤 【输出阶段 - 生成的新冷数据 SST (New)】:
  - [ID: 002289] Size:  8507.37 KB | Range: [usertable:user0000003654 -> usertable:user0027000857]
  - [ID: 002291] Size: 15790.50 KB | Range: [usertable:user0027000876 -> usertable:user0028483142]
  - [ID: 002294] Size: 15770.46 KB | Range: [usertable:user0028483143 -> usertable:user0028792281]
  - [ID: 002295] Size:    32.75 KB | Range: [usertable:user0028792282 -> usertable:user0028792933]
  - [ID: 002288] Size: 15779.43 KB | Range: [usertable:user0028792934 -> usertable:user0029102055]
  - [ID: 002290] Size: 15790.23 KB | Range: [usertable:user0029102056 -> usertable:user0029411312]
  - [ID: 002292] Size: 15770.97 KB | Range: [usertable:user0029411313 -> usertable:user0029720739]
  - [ID: 002293] Size:    19.67 KB | Range: [usertable:user0029720740 -> usertable:user0029721108]
  - [ID: 002287] Size: 14205.84 KB | Range: [usertable:user0029721109 -> usertable:user0029999999]
☀️ 【输出阶段 - 拦截并存入 L99 的热数据 SST (Hot)】:
  - [ID: 002296] Size:   244.55 KB | Range: [usertable:user0001679025 -> usertable:user0005699886]
badger 2026/04/10 16:07:49 INFO: 
🔥 [Compact-2] 层级变更: L0 -> L3
📥 【输入阶段 - 被选中的上层 SST (Top)】:
  - [ID: 002297] Size:  1881.26 KB | Range: [usertable:user0000207669 -> usertable:user0029931259]
  - [ID: 002298] Size:  1878.65 KB | Range: [usertable:user0000415660 -> usertable:user0029928964]
  - [ID: 002299] Size:  1886.27 KB | Range: [usertable:user0000007420 -> usertable:user0029933156]
  - [ID: 002300] Size:  1872.23 KB | Range: [usertable:user0000608799 -> usertable:user0029764459]
  - [ID: 002301] Size:  1885.07 KB | Range: [usertable:user0000609331 -> usertable:user0029850700]
📥 【输入阶段 - 涉及的底层 SST (Bot)】:
  - [ID: 002289] Size:  8507.37 KB | Range: [usertable:user0000003654 -> usertable:user0027000857]
  - [ID: 002291] Size: 15790.50 KB | Range: [usertable:user0027000876 -> usertable:user0028483142]
  - [ID: 002294] Size: 15770.46 KB | Range: [usertable:user0028483143 -> usertable:user0028792281]
  - [ID: 002295] Size:    32.75 KB | Range: [usertable:user0028792282 -> usertable:user0028792933]
  - [ID: 002288] Size: 15779.43 KB | Range: [usertable:user0028792934 -> usertable:user0029102055]
  - [ID: 002290] Size: 15790.23 KB | Range: [usertable:user0029102056 -> usertable:user0029411312]
  - [ID: 002292] Size: 15770.97 KB | Range: [usertable:user0029411313 -> usertable:user0029720739]
  - [ID: 002293] Size:    19.67 KB | Range: [usertable:user0029720740 -> usertable:user0029721108]
  - [ID: 002287] Size: 14205.84 KB | Range: [usertable:user0029721109 -> usertable:user0029999999]
📤 【输出阶段 - 生成的新冷数据 SST (New)】:
  - [ID: 002302] Size:  8794.56 KB | Range: [usertable:user0000003654 -> usertable:user0027910080]
  - [ID: 002305] Size: 15776.92 KB | Range: [usertable:user0027910090 -> usertable:user0028486944]
  - [ID: 002309] Size: 15578.60 KB | Range: [usertable:user0028486945 -> usertable:user0028792281]
  - [ID: 002303] Size: 15773.38 KB | Range: [usertable:user0028792282 -> usertable:user0029101299]
  - [ID: 002307] Size: 15771.35 KB | Range: [usertable:user0029101300 -> usertable:user0029410158]
  - [ID: 002308] Size:    58.66 KB | Range: [usertable:user0029410159 -> usertable:user0029411312]
  - [ID: 002304] Size: 15794.08 KB | Range: [usertable:user0029411313 -> usertable:user0029721165]
  - [ID: 002306] Size: 14202.28 KB | Range: [usertable:user0029721166 -> usertable:user0029999999]
☀️ 【输出阶段 - 拦截并存入 L99 的热数据 SST (Hot)】:
  - [ID: 002310] Size:   239.86 KB | Range: [usertable:user0001520040 -> usertable:user0005699498]
badger 2026/04/10 16:07:53 INFO: 
🔥 [Compact-0] 层级变更: L0 -> L3
📥 【输入阶段 - 被选中的上层 SST (Top)】:
  - [ID: 002311] Size:  1878.90 KB | Range: [usertable:user0000622386 -> usertable:user0029922549]
  - [ID: 002312] Size:  1870.28 KB | Range: [usertable:user0000610715 -> usertable:user0029968129]
  - [ID: 002313] Size:  1875.13 KB | Range: [usertable:user0000605340 -> usertable:user0029903534]
  - [ID: 002314] Size:  1874.58 KB | Range: [usertable:user0000042623 -> usertable:user0028200407]
  - [ID: 002315] Size:  1885.79 KB | Range: [usertable:user0000637837 -> usertable:user0029860512]
📥 【输入阶段 - 涉及的底层 SST (Bot)】:
  - [ID: 002302] Size:  8794.56 KB | Range: [usertable:user0000003654 -> usertable:user0027910080]
  - [ID: 002305] Size: 15776.92 KB | Range: [usertable:user0027910090 -> usertable:user0028486944]
  - [ID: 002309] Size: 15578.60 KB | Range: [usertable:user0028486945 -> usertable:user0028792281]
  - [ID: 002303] Size: 15773.38 KB | Range: [usertable:user0028792282 -> usertable:user0029101299]
  - [ID: 002307] Size: 15771.35 KB | Range: [usertable:user0029101300 -> usertable:user0029410158]
  - [ID: 002308] Size:    58.66 KB | Range: [usertable:user0029410159 -> usertable:user0029411312]
  - [ID: 002304] Size: 15794.08 KB | Range: [usertable:user0029411313 -> usertable:user0029721165]
  - [ID: 002306] Size: 14202.28 KB | Range: [usertable:user0029721166 -> usertable:user0029999999]
📤 【输出阶段 - 生成的新冷数据 SST (New)】:
  - [ID: 002316] Size:  8808.53 KB | Range: [usertable:user0000003654 -> usertable:user0027772606]
  - [ID: 002319] Size: 15793.34 KB | Range: [usertable:user0027772625 -> usertable:user0028485922]
  - [ID: 002323] Size: 15631.42 KB | Range: [usertable:user0028485923 -> usertable:user0028792281]
  - [ID: 002318] Size: 15763.16 KB | Range: [usertable:user0028792282 -> usertable:user0029101100]
  - [ID: 002321] Size: 15772.92 KB | Range: [usertable:user0029101101 -> usertable:user0029409995]
  - [ID: 002322] Size:    67.15 KB | Range: [usertable:user0029409996 -> usertable:user0029411312]
  - [ID: 002317] Size: 15798.98 KB | Range: [usertable:user0029411313 -> usertable:user0029721252]
  - [ID: 002320] Size: 14197.02 KB | Range: [usertable:user0029721253 -> usertable:user0029999999]
☀️ 【输出阶段 - 拦截并存入 L99 的热数据 SST (Hot)】:
  - [ID: 002324] Size:   216.18 KB | Range: [usertable:user0001520049 -> usertable:user0005699498]
READ   - Takes(s): 270.0, Count: 1564047, OPS: 5792.8, Avg(us): 216, Min(us): 1, Max(us): 75135, 50th(us): 175, 90th(us): 435, 95th(us): 533, 99th(us): 760, 99.9th(us): 1216, 99.99th(us): 3139
TOTAL  - Takes(s): 270.0, Count: 15487308, OPS: 57360.5, Avg(us): 272, Min(us): 1, Max(us): 92095, 50th(us): 218, 90th(us): 507, 95th(us): 624, 99th(us): 925, 99.9th(us): 1607, 99.99th(us): 44447
UPDATE - Takes(s): 270.0, Count: 13923261, OPS: 51567.8, Avg(us): 279, Min(us): 4, Max(us): 92095, 50th(us): 223, 90th(us): 515, 95th(us): 634, 99th(us): 940, 99.9th(us): 1641, 99.99th(us): 46335
UPDATE_ERROR - Takes(s): 270.0, Count: 155520, OPS: 576.0, Avg(us): 283, Min(us): 3, Max(us): 76479, 50th(us): 234, 90th(us): 518, 95th(us): 626, 99th(us): 878, 99.9th(us): 1517, 99.99th(us): 4135
badger 2026/04/10 16:07:57 INFO: 
🔥 [Compact-2] 层级变更: L0 -> L3
📥 【输入阶段 - 被选中的上层 SST (Top)】:
  - [ID: 002325] Size:  1873.66 KB | Range: [usertable:user0000608195 -> usertable:user0029855376]
  - [ID: 002326] Size:  1882.42 KB | Range: [usertable:user0000607946 -> usertable:user0029921945]
  - [ID: 002327] Size:  1875.60 KB | Range: [usertable:user0000620153 -> usertable:user0029969466]
  - [ID: 002328] Size:  1885.00 KB | Range: [usertable:user0000145900 -> usertable:user0029977146]
  - [ID: 002329] Size:  1877.52 KB | Range: [usertable:user0000623593 -> usertable:user0029922194]
📥 【输入阶段 - 涉及的底层 SST (Bot)】:
  - [ID: 002316] Size:  8808.53 KB | Range: [usertable:user0000003654 -> usertable:user0027772606]
  - [ID: 002319] Size: 15793.34 KB | Range: [usertable:user0027772625 -> usertable:user0028485922]
  - [ID: 002323] Size: 15631.42 KB | Range: [usertable:user0028485923 -> usertable:user0028792281]
  - [ID: 002318] Size: 15763.16 KB | Range: [usertable:user0028792282 -> usertable:user0029101100]
  - [ID: 002321] Size: 15772.92 KB | Range: [usertable:user0029101101 -> usertable:user0029409995]
  - [ID: 002322] Size:    67.15 KB | Range: [usertable:user0029409996 -> usertable:user0029411312]
  - [ID: 002317] Size: 15798.98 KB | Range: [usertable:user0029411313 -> usertable:user0029721252]
  - [ID: 002320] Size: 14197.02 KB | Range: [usertable:user0029721253 -> usertable:user0029999999]
📤 【输出阶段 - 生成的新冷数据 SST (New)】:
  - [ID: 002330] Size:  8787.63 KB | Range: [usertable:user0000003654 -> usertable:user0027613884]
  - [ID: 002333] Size: 15763.87 KB | Range: [usertable:user0027613922 -> usertable:user0028483927]
  - [ID: 002336] Size: 15732.13 KB | Range: [usertable:user0028483928 -> usertable:user0028792281]
  - [ID: 002332] Size: 15787.94 KB | Range: [usertable:user0028792282 -> usertable:user0029101577]
  - [ID: 002335] Size: 15816.11 KB | Range: [usertable:user0029101578 -> usertable:user0029411312]
  - [ID: 002331] Size: 15765.54 KB | Range: [usertable:user0029411313 -> usertable:user0029720641]
  - [ID: 002334] Size: 14230.88 KB | Range: [usertable:user0029720642 -> usertable:user0029999999]
☀️ 【输出阶段 - 拦截并存入 L99 的热数据 SST (Hot)】:
  - [ID: 002337] Size:   255.09 KB | Range: [usertable:user0001679006 -> usertable:user0005699886]
badger 2026/04/10 16:08:01 INFO: 
🔥 [Compact-3] 层级变更: L0 -> L3
📥 【输入阶段 - 被选中的上层 SST (Top)】:
  - [ID: 002338] Size:  1884.77 KB | Range: [usertable:user0000639753 -> usertable:user0029868608]
  - [ID: 002339] Size:  1872.83 KB | Range: [usertable:user0000651850 -> usertable:user0029863410]
  - [ID: 002340] Size:  1867.40 KB | Range: [usertable:user0000617466 -> usertable:user0029935072]
  - [ID: 002341] Size:  1876.73 KB | Range: [usertable:user0000224509 -> usertable:user0029904890]
  - [ID: 002342] Size:  1878.71 KB | Range: [usertable:user0000332543 -> usertable:user0029764895]
📥 【输入阶段 - 涉及的底层 SST (Bot)】:
  - [ID: 002330] Size:  8787.63 KB | Range: [usertable:user0000003654 -> usertable:user0027613884]
  - [ID: 002333] Size: 15763.87 KB | Range: [usertable:user0027613922 -> usertable:user0028483927]
  - [ID: 002336] Size: 15732.13 KB | Range: [usertable:user0028483928 -> usertable:user0028792281]
  - [ID: 002332] Size: 15787.94 KB | Range: [usertable:user0028792282 -> usertable:user0029101577]
  - [ID: 002335] Size: 15816.11 KB | Range: [usertable:user0029101578 -> usertable:user0029411312]
  - [ID: 002331] Size: 15765.54 KB | Range: [usertable:user0029411313 -> usertable:user0029720641]
  - [ID: 002334] Size: 14230.88 KB | Range: [usertable:user0029720642 -> usertable:user0029999999]
📤 【输出阶段 - 生成的新冷数据 SST (New)】:
  - [ID: 002343] Size:  8824.65 KB | Range: [usertable:user0000003654 -> usertable:user0027098638]
  - [ID: 002346] Size: 15771.51 KB | Range: [usertable:user0027099103 -> usertable:user0028482590]
  - [ID: 002348] Size: 15772.23 KB | Range: [usertable:user0028482591 -> usertable:user0028791754]
  - [ID: 002349] Size:    25.88 KB | Range: [usertable:user0028791755 -> usertable:user0028792281]
  - [ID: 002345] Size: 15771.73 KB | Range: [usertable:user0028792282 -> usertable:user0029101264]
  - [ID: 002347] Size: 15766.16 KB | Range: [usertable:user0029101265 -> usertable:user0029410015]
  - [ID: 002351] Size: 15777.43 KB | Range: [usertable:user0029410016 -> usertable:user0029719571]
  - [ID: 002352] Size:    54.65 KB | Range: [usertable:user0029719572 -> usertable:user0029720641]
  - [ID: 002344] Size: 14230.69 KB | Range: [usertable:user0029720642 -> usertable:user0029999999]
☀️ 【输出阶段 - 拦截并存入 L99 的热数据 SST (Hot)】:
  - [ID: 002350] Size:   209.85 KB | Range: [usertable:user0001520006 -> usertable:user0005699498]
READ   - Takes(s): 280.0, Count: 1617806, OPS: 5777.8, Avg(us): 217, Min(us): 1, Max(us): 75135, 50th(us): 175, 90th(us): 437, 95th(us): 536, 99th(us): 767, 99.9th(us): 1222, 99.99th(us): 3031
TOTAL  - Takes(s): 280.0, Count: 16020434, OPS: 57215.4, Avg(us): 273, Min(us): 1, Max(us): 92095, 50th(us): 218, 90th(us): 510, 95th(us): 629, 99th(us): 931, 99.9th(us): 1610, 99.99th(us): 44383
UPDATE - Takes(s): 280.0, Count: 14402628, OPS: 51437.6, Avg(us): 279, Min(us): 4, Max(us): 92095, 50th(us): 223, 90th(us): 517, 95th(us): 638, 99th(us): 946, 99.9th(us): 1644, 99.99th(us): 46047
UPDATE_ERROR - Takes(s): 280.0, Count: 161451, OPS: 576.6, Avg(us): 284, Min(us): 3, Max(us): 76479, 50th(us): 234, 90th(us): 521, 95th(us): 632, 99th(us): 889, 99.9th(us): 1524, 99.99th(us): 4507
badger 2026/04/10 16:08:04 INFO: 
🔥 [Compact-1] 层级变更: L0 -> L3
📥 【输入阶段 - 被选中的上层 SST (Top)】:
  - [ID: 002353] Size:  1889.36 KB | Range: [usertable:user0000632763 -> usertable:user0029998077]
  - [ID: 002354] Size:  1864.31 KB | Range: [usertable:user0000606643 -> usertable:user0029954264]
  - [ID: 002355] Size:  1884.20 KB | Range: [usertable:user0000076720 -> usertable:user0029987719]
  - [ID: 002356] Size:  1882.05 KB | Range: [usertable:user0000025932 -> usertable:user0029851304]
  - [ID: 002357] Size:  1884.50 KB | Range: [usertable:user0000604559 -> usertable:user0028855280]
📥 【输入阶段 - 涉及的底层 SST (Bot)】:
  - [ID: 002343] Size:  8824.65 KB | Range: [usertable:user0000003654 -> usertable:user0027098638]
  - [ID: 002346] Size: 15771.51 KB | Range: [usertable:user0027099103 -> usertable:user0028482590]
  - [ID: 002348] Size: 15772.23 KB | Range: [usertable:user0028482591 -> usertable:user0028791754]
  - [ID: 002349] Size:    25.88 KB | Range: [usertable:user0028791755 -> usertable:user0028792281]
  - [ID: 002345] Size: 15771.73 KB | Range: [usertable:user0028792282 -> usertable:user0029101264]
  - [ID: 002347] Size: 15766.16 KB | Range: [usertable:user0029101265 -> usertable:user0029410015]
  - [ID: 002351] Size: 15777.43 KB | Range: [usertable:user0029410016 -> usertable:user0029719571]
  - [ID: 002352] Size:    54.65 KB | Range: [usertable:user0029719572 -> usertable:user0029720641]
  - [ID: 002344] Size: 14230.69 KB | Range: [usertable:user0029720642 -> usertable:user0029999999]
📤 【输出阶段 - 生成的新冷数据 SST (New)】:
  - [ID: 002358] Size:  9114.70 KB | Range: [usertable:user0000003654 -> usertable:user0027916236]
  - [ID: 002361] Size: 15765.55 KB | Range: [usertable:user0027916256 -> usertable:user0028486633]
  - [ID: 002365] Size: 15570.45 KB | Range: [usertable:user0028486634 -> usertable:user0028791754]
  - [ID: 002359] Size: 15768.32 KB | Range: [usertable:user0028791755 -> usertable:user0029100686]
  - [ID: 002363] Size: 15785.61 KB | Range: [usertable:user0029100687 -> usertable:user0029409839]
  - [ID: 002364] Size:     8.69 KB | Range: [usertable:user0029409840 -> usertable:user0029410015]
  - [ID: 002360] Size: 15784.20 KB | Range: [usertable:user0029410016 -> usertable:user0029719710]
  - [ID: 002362] Size: 14278.85 KB | Range: [usertable:user0029719711 -> usertable:user0029999999]
☀️ 【输出阶段 - 拦截并存入 L99 的热数据 SST (Hot)】:
  - [ID: 002366] Size:   198.87 KB | Range: [usertable:user0001679087 -> usertable:user0005699886]
badger 2026/04/10 16:08:08 INFO: 
🔥 [Compact-0] 层级变更: L0 -> L3
📥 【输入阶段 - 被选中的上层 SST (Top)】:
  - [ID: 002367] Size:  1879.02 KB | Range: [usertable:user0000032500 -> usertable:user0029880111]
  - [ID: 002368] Size:  1865.17 KB | Range: [usertable:user0000334579 -> usertable:user0029975287]
  - [ID: 002369] Size:  1881.33 KB | Range: [usertable:user0000328461 -> usertable:user0029997550]
  - [ID: 002370] Size:  1878.90 KB | Range: [usertable:user0000625294 -> usertable:user0029850302]
  - [ID: 002371] Size:  1884.86 KB | Range: [usertable:user0000126300 -> usertable:user0029985127]
📥 【输入阶段 - 涉及的底层 SST (Bot)】:
  - [ID: 002358] Size:  9114.70 KB | Range: [usertable:user0000003654 -> usertable:user0027916236]
  - [ID: 002361] Size: 15765.55 KB | Range: [usertable:user0027916256 -> usertable:user0028486633]
  - [ID: 002365] Size: 15570.45 KB | Range: [usertable:user0028486634 -> usertable:user0028791754]
  - [ID: 002359] Size: 15768.32 KB | Range: [usertable:user0028791755 -> usertable:user0029100686]
  - [ID: 002363] Size: 15785.61 KB | Range: [usertable:user0029100687 -> usertable:user0029409839]
  - [ID: 002364] Size:     8.69 KB | Range: [usertable:user0029409840 -> usertable:user0029410015]
  - [ID: 002360] Size: 15784.20 KB | Range: [usertable:user0029410016 -> usertable:user0029719710]
  - [ID: 002362] Size: 14278.85 KB | Range: [usertable:user0029719711 -> usertable:user0029999999]
📤 【输出阶段 - 生成的新冷数据 SST (New)】:
  - [ID: 002372] Size:  9106.50 KB | Range: [usertable:user0000003654 -> usertable:user0027785646]
  - [ID: 002376] Size: 15779.25 KB | Range: [usertable:user0027785781 -> usertable:user0028485408]
  - [ID: 002379] Size: 15631.66 KB | Range: [usertable:user0028485409 -> usertable:user0028791754]
  - [ID: 002373] Size: 15763.53 KB | Range: [usertable:user0028791755 -> usertable:user0029100582]
  - [ID: 002377] Size: 15775.69 KB | Range: [usertable:user0029100583 -> usertable:user0029409528]
  - [ID: 002378] Size:    24.48 KB | Range: [usertable:user0029409529 -> usertable:user0029410015]
  - [ID: 002374] Size: 15775.86 KB | Range: [usertable:user0029410016 -> usertable:user0029719544]
  - [ID: 002375] Size: 14287.10 KB | Range: [usertable:user0029719545 -> usertable:user0029999999]
☀️ 【输出阶段 - 拦截并存入 L99 的热数据 SST (Hot)】:
  - [ID: 002380] Size:   192.69 KB | Range: [usertable:user0001679087 -> usertable:user0005699498]
badger 2026/04/10 16:08:12 INFO: 
🔥 [Compact-0] 层级变更: L0 -> L3
📥 【输入阶段 - 被选中的上层 SST (Top)】:
  - [ID: 002381] Size:  1874.17 KB | Range: [usertable:user0000612287 -> usertable:user0029717782]
  - [ID: 002382] Size:  1880.64 KB | Range: [usertable:user0000471143 -> usertable:user0029911678]
  - [ID: 002383] Size:  1877.44 KB | Range: [usertable:user0000629534 -> usertable:user0029997790]
  - [ID: 002384] Size:  1883.04 KB | Range: [usertable:user0000604291 -> usertable:user0029943413]
  - [ID: 002385] Size:  1874.69 KB | Range: [usertable:user0000610586 -> usertable:user0029702298]
📥 【输入阶段 - 涉及的底层 SST (Bot)】:
  - [ID: 002372] Size:  9106.50 KB | Range: [usertable:user0000003654 -> usertable:user0027785646]
  - [ID: 002376] Size: 15779.25 KB | Range: [usertable:user0027785781 -> usertable:user0028485408]
  - [ID: 002379] Size: 15631.66 KB | Range: [usertable:user0028485409 -> usertable:user0028791754]
  - [ID: 002373] Size: 15763.53 KB | Range: [usertable:user0028791755 -> usertable:user0029100582]
  - [ID: 002377] Size: 15775.69 KB | Range: [usertable:user0029100583 -> usertable:user0029409528]
  - [ID: 002378] Size:    24.48 KB | Range: [usertable:user0029409529 -> usertable:user0029410015]
  - [ID: 002374] Size: 15775.86 KB | Range: [usertable:user0029410016 -> usertable:user0029719544]
  - [ID: 002375] Size: 14287.10 KB | Range: [usertable:user0029719545 -> usertable:user0029999999]
📤 【输出阶段 - 生成的新冷数据 SST (New)】:
  - [ID: 002386] Size:  9082.25 KB | Range: [usertable:user0000003654 -> usertable:user0027628223]
  - [ID: 002389] Size: 15795.93 KB | Range: [usertable:user0027628659 -> usertable:user0028484315]
  - [ID: 002392] Size: 15686.68 KB | Range: [usertable:user0028484316 -> usertable:user0028791754]
  - [ID: 002388] Size: 15766.76 KB | Range: [usertable:user0028791755 -> usertable:user0029100650]
  - [ID: 002391] Size: 15796.68 KB | Range: [usertable:user0029100651 -> usertable:user0029410015]
  - [ID: 002387] Size: 15790.68 KB | Range: [usertable:user0029410016 -> usertable:user0029719827]
  - [ID: 002390] Size: 14272.50 KB | Range: [usertable:user0029719828 -> usertable:user0029999999]
☀️ 【输出阶段 - 拦截并存入 L99 的热数据 SST (Hot)】:
  - [ID: 002393] Size:   220.38 KB | Range: [usertable:user0001679034 -> usertable:user0005699498]
READ   - Takes(s): 290.0, Count: 1671180, OPS: 5762.7, Avg(us): 217, Min(us): 1, Max(us): 75135, 50th(us): 175, 90th(us): 438, 95th(us): 539, 99th(us): 772, 99.9th(us): 1230, 99.99th(us): 3031
TOTAL  - Takes(s): 290.0, Count: 16547759, OPS: 57061.4, Avg(us): 274, Min(us): 1, Max(us): 92095, 50th(us): 218, 90th(us): 512, 95th(us): 632, 99th(us): 938, 99.9th(us): 1617, 99.99th(us): 44959
UPDATE - Takes(s): 290.0, Count: 14876579, OPS: 51298.7, Avg(us): 280, Min(us): 4, Max(us): 92095, 50th(us): 222, 90th(us): 520, 95th(us): 642, 99th(us): 952, 99.9th(us): 1650, 99.99th(us): 46463
UPDATE_ERROR - Takes(s): 290.0, Count: 167369, OPS: 577.2, Avg(us): 286, Min(us): 3, Max(us): 76479, 50th(us): 235, 90th(us): 525, 95th(us): 637, 99th(us): 900, 99.9th(us): 1557, 99.99th(us): 4567
badger 2026/04/10 16:08:16 INFO: 
🔥 [Compact-2] 层级变更: L0 -> L3
📥 【输入阶段 - 被选中的上层 SST (Top)】:
  - [ID: 002394] Size:  1877.62 KB | Range: [usertable:user0000616656 -> usertable:user0029958131]
  - [ID: 002395] Size:  1885.49 KB | Range: [usertable:user0000610184 -> usertable:user0028475039]
  - [ID: 002396] Size:  1871.69 KB | Range: [usertable:user0000241756 -> usertable:user0029758145]
  - [ID: 002397] Size:  1885.09 KB | Range: [usertable:user0000606159 -> usertable:user0029952798]
  - [ID: 002398] Size:  1871.29 KB | Range: [usertable:user0000604205 -> usertable:user0029956348]
📥 【输入阶段 - 涉及的底层 SST (Bot)】:
  - [ID: 002386] Size:  9082.25 KB | Range: [usertable:user0000003654 -> usertable:user0027628223]
  - [ID: 002389] Size: 15795.93 KB | Range: [usertable:user0027628659 -> usertable:user0028484315]
  - [ID: 002392] Size: 15686.68 KB | Range: [usertable:user0028484316 -> usertable:user0028791754]
  - [ID: 002388] Size: 15766.76 KB | Range: [usertable:user0028791755 -> usertable:user0029100650]
  - [ID: 002391] Size: 15796.68 KB | Range: [usertable:user0029100651 -> usertable:user0029410015]
  - [ID: 002387] Size: 15790.68 KB | Range: [usertable:user0029410016 -> usertable:user0029719827]
  - [ID: 002390] Size: 14272.50 KB | Range: [usertable:user0029719828 -> usertable:user0029999999]
📤 【输出阶段 - 生成的新冷数据 SST (New)】:
  - [ID: 002399] Size:  9066.58 KB | Range: [usertable:user0000003654 -> usertable:user0027123297]
  - [ID: 002402] Size: 15842.38 KB | Range: [usertable:user0027123436 -> usertable:user0028483651]
  - [ID: 002404] Size: 15718.26 KB | Range: [usertable:user0028483652 -> usertable:user0028791754]
  - [ID: 002401] Size: 15797.21 KB | Range: [usertable:user0028791755 -> usertable:user0029101259]
  - [ID: 002403] Size: 15784.71 KB | Range: [usertable:user0029101260 -> usertable:user0029410385]
  - [ID: 002406] Size: 15772.20 KB | Range: [usertable:user0029410386 -> usertable:user0029719827]
  - [ID: 002400] Size: 14272.36 KB | Range: [usertable:user0029719828 -> usertable:user0029999999]
☀️ 【输出阶段 - 拦截并存入 L99 的热数据 SST (Hot)】:
  - [ID: 002405] Size:   218.75 KB | Range: [usertable:user0001679087 -> usertable:user0005699886]
badger 2026/04/10 16:08:20 INFO: 
🔥 [Compact-0] 层级变更: L0 -> L3
📥 【输入阶段 - 被选中的上层 SST (Top)】:
  - [ID: 002407] Size:  1888.58 KB | Range: [usertable:user0000661029 -> usertable:user0029968632]
  - [ID: 002408] Size:  1874.00 KB | Range: [usertable:user0000603443 -> usertable:user0029981778]
  - [ID: 002409] Size:  1882.99 KB | Range: [usertable:user0000273146 -> usertable:user0029946053]
  - [ID: 002410] Size:  1876.28 KB | Range: [usertable:user0000655227 -> usertable:user0029829500]
  - [ID: 002411] Size:  1871.00 KB | Range: [usertable:user0000616944 -> usertable:user0029875191]
📥 【输入阶段 - 涉及的底层 SST (Bot)】:
  - [ID: 002399] Size:  9066.58 KB | Range: [usertable:user0000003654 -> usertable:user0027123297]
  - [ID: 002402] Size: 15842.38 KB | Range: [usertable:user0027123436 -> usertable:user0028483651]
  - [ID: 002404] Size: 15718.26 KB | Range: [usertable:user0028483652 -> usertable:user0028791754]
  - [ID: 002401] Size: 15797.21 KB | Range: [usertable:user0028791755 -> usertable:user0029101259]
  - [ID: 002403] Size: 15784.71 KB | Range: [usertable:user0029101260 -> usertable:user0029410385]
  - [ID: 002406] Size: 15772.20 KB | Range: [usertable:user0029410386 -> usertable:user0029719827]
  - [ID: 002400] Size: 14272.36 KB | Range: [usertable:user0029719828 -> usertable:user0029999999]
📤 【输出阶段 - 生成的新冷数据 SST (New)】:
  - [ID: 002412] Size:  9369.51 KB | Range: [usertable:user0000003654 -> usertable:user0027916840]
  - [ID: 002415] Size: 15766.40 KB | Range: [usertable:user0027916888 -> usertable:user0028486427]
  - [ID: 002417] Size: 15580.98 KB | Range: [usertable:user0028486428 -> usertable:user0028791754]
  - [ID: 002414] Size: 15771.38 KB | Range: [usertable:user0028791755 -> usertable:user0029100759]
  - [ID: 002416] Size: 15766.33 KB | Range: [usertable:user0029100760 -> usertable:user0029409516]
  - [ID: 002419] Size: 15764.45 KB | Range: [usertable:user0029409517 -> usertable:user0029718818]
  - [ID: 002420] Size:    51.24 KB | Range: [usertable:user0029718819 -> usertable:user0029719827]
  - [ID: 002413] Size: 14272.93 KB | Range: [usertable:user0029719828 -> usertable:user0029999999]
☀️ 【输出阶段 - 拦截并存入 L99 的热数据 SST (Hot)】:
  - [ID: 002418] Size:   199.86 KB | Range: [usertable:user0001679087 -> usertable:user0005699498]
badger 2026/04/10 16:08:24 INFO: 
🔥 [Compact-0] 层级变更: L0 -> L3
📥 【输入阶段 - 被选中的上层 SST (Top)】:
  - [ID: 002421] Size:  1874.60 KB | Range: [usertable:user0000147471 -> usertable:user0029924547]
  - [ID: 002422] Size:  1876.17 KB | Range: [usertable:user0000387887 -> usertable:user0028198141]
  - [ID: 002423] Size:  1882.89 KB | Range: [usertable:user0000629534 -> usertable:user0029869193]
  - [ID: 002424] Size:  1881.41 KB | Range: [usertable:user0000600171 -> usertable:user0029935072]
  - [ID: 002425] Size:  1883.32 KB | Range: [usertable:user0000378746 -> usertable:user0029888050]
📥 【输入阶段 - 涉及的底层 SST (Bot)】:
  - [ID: 002412] Size:  9369.51 KB | Range: [usertable:user0000003654 -> usertable:user0027916840]
  - [ID: 002415] Size: 15766.40 KB | Range: [usertable:user0027916888 -> usertable:user0028486427]
  - [ID: 002417] Size: 15580.98 KB | Range: [usertable:user0028486428 -> usertable:user0028791754]
  - [ID: 002414] Size: 15771.38 KB | Range: [usertable:user0028791755 -> usertable:user0029100759]
  - [ID: 002416] Size: 15766.33 KB | Range: [usertable:user0029100760 -> usertable:user0029409516]
  - [ID: 002419] Size: 15764.45 KB | Range: [usertable:user0029409517 -> usertable:user0029718818]
  - [ID: 002420] Size:    51.24 KB | Range: [usertable:user0029718819 -> usertable:user0029719827]
  - [ID: 002413] Size: 14272.93 KB | Range: [usertable:user0029719828 -> usertable:user0029999999]
📤 【输出阶段 - 生成的新冷数据 SST (New)】:
  - [ID: 002426] Size:  9348.24 KB | Range: [usertable:user0000003654 -> usertable:user0027808786]
  - [ID: 002429] Size: 15780.78 KB | Range: [usertable:user0027808825 -> usertable:user0028485333]
  - [ID: 002431] Size: 15635.94 KB | Range: [usertable:user0028485334 -> usertable:user0028791754]
  - [ID: 002428] Size: 15805.16 KB | Range: [usertable:user0028791755 -> usertable:user0029101407]
  - [ID: 002430] Size: 15775.42 KB | Range: [usertable:user0029101408 -> usertable:user0029410374]
  - [ID: 002433] Size: 15721.55 KB | Range: [usertable:user0029410375 -> usertable:user0029718818]
  - [ID: 002427] Size: 14324.36 KB | Range: [usertable:user0029718819 -> usertable:user0029999999]
☀️ 【输出阶段 - 拦截并存入 L99 的热数据 SST (Hot)】:
  - [ID: 002432] Size:   224.41 KB | Range: [usertable:user0001679078 -> usertable:user0005699498]
READ   - Takes(s): 300.0, Count: 1723325, OPS: 5744.4, Avg(us): 218, Min(us): 1, Max(us): 75135, 50th(us): 175, 90th(us): 440, 95th(us): 543, 99th(us): 779, 99.9th(us): 1241, 99.99th(us): 3031
TOTAL  - Takes(s): 300.0, Count: 17062254, OPS: 56874.1, Avg(us): 275, Min(us): 1, Max(us): 92095, 50th(us): 218, 90th(us): 515, 95th(us): 637, 99th(us): 946, 99.9th(us): 1628, 99.99th(us): 44447
UPDATE - Takes(s): 300.0, Count: 15338929, OPS: 51129.8, Avg(us): 281, Min(us): 4, Max(us): 92095, 50th(us): 223, 90th(us): 522, 95th(us): 646, 99th(us): 960, 99.9th(us): 1661, 99.99th(us): 46239
UPDATE_ERROR - Takes(s): 300.0, Count: 173175, OPS: 577.3, Avg(us): 288, Min(us): 3, Max(us): 76479, 50th(us): 236, 90th(us): 528, 95th(us): 642, 99th(us): 911, 99.9th(us): 1567, 99.99th(us): 4567
badger 2026/04/10 16:08:28 INFO: 
🔥 [Compact-0] 层级变更: L0 -> L3
📥 【输入阶段 - 被选中的上层 SST (Top)】:
  - [ID: 002434] Size:  1875.59 KB | Range: [usertable:user0000608076 -> usertable:user0029923263]
  - [ID: 002435] Size:  1884.10 KB | Range: [usertable:user0000608746 -> usertable:user0029866515]
  - [ID: 002436] Size:  1871.40 KB | Range: [usertable:user0000457968 -> usertable:user0029775042]
  - [ID: 002437] Size:  1880.53 KB | Range: [usertable:user0000132965 -> usertable:user0029899294]
  - [ID: 002438] Size:  1887.16 KB | Range: [usertable:user0000620896 -> usertable:user0029999462]
📥 【输入阶段 - 涉及的底层 SST (Bot)】:
  - [ID: 002426] Size:  9348.24 KB | Range: [usertable:user0000003654 -> usertable:user0027808786]
  - [ID: 002429] Size: 15780.78 KB | Range: [usertable:user0027808825 -> usertable:user0028485333]
  - [ID: 002431] Size: 15635.94 KB | Range: [usertable:user0028485334 -> usertable:user0028791754]
  - [ID: 002428] Size: 15805.16 KB | Range: [usertable:user0028791755 -> usertable:user0029101407]
  - [ID: 002430] Size: 15775.42 KB | Range: [usertable:user0029101408 -> usertable:user0029410374]
  - [ID: 002433] Size: 15721.55 KB | Range: [usertable:user0029410375 -> usertable:user0029718818]
  - [ID: 002427] Size: 14324.36 KB | Range: [usertable:user0029718819 -> usertable:user0029999999]
📤 【输出阶段 - 生成的新冷数据 SST (New)】:
  - [ID: 002439] Size:  9371.21 KB | Range: [usertable:user0000003654 -> usertable:user0027668495]
  - [ID: 002442] Size: 15805.69 KB | Range: [usertable:user0027668802 -> usertable:user0028484537]
  - [ID: 002444] Size: 15676.91 KB | Range: [usertable:user0028484538 -> usertable:user0028791754]
  - [ID: 002441] Size: 15771.26 KB | Range: [usertable:user0028791755 -> usertable:user0029100754]
  - [ID: 002443] Size: 15764.21 KB | Range: [usertable:user0029100755 -> usertable:user0029409468]
  - [ID: 002446] Size: 15765.43 KB | Range: [usertable:user0029409469 -> usertable:user0029718790]
  - [ID: 002447] Size:     1.63 KB | Range: [usertable:user0029718791 -> usertable:user0029718818]
  - [ID: 002440] Size: 14323.80 KB | Range: [usertable:user0029718819 -> usertable:user0029999999]
☀️ 【输出阶段 - 拦截并存入 L99 的热数据 SST (Hot)】:
  - [ID: 002445] Size:   210.50 KB | Range: [usertable:user0001520049 -> usertable:user0005699886]
badger 2026/04/10 16:08:31 INFO: 
🔥 [Compact-0] 层级变更: L0 -> L3
📥 【输入阶段 - 被选中的上层 SST (Top)】:
  - [ID: 002448] Size:  1880.38 KB | Range: [usertable:user0000608976 -> usertable:user0029987422]
  - [ID: 002449] Size:  1878.62 KB | Range: [usertable:user0000047189 -> usertable:user0029888404]
  - [ID: 002450] Size:  1880.20 KB | Range: [usertable:user0000624355 -> usertable:user0029912953]
  - [ID: 002451] Size:  1880.30 KB | Range: [usertable:user0000371297 -> usertable:user0029901263]
  - [ID: 002452] Size:  1880.15 KB | Range: [usertable:user0000168810 -> usertable:user0029935072]
📥 【输入阶段 - 涉及的底层 SST (Bot)】:
  - [ID: 002439] Size:  9371.21 KB | Range: [usertable:user0000003654 -> usertable:user0027668495]
  - [ID: 002442] Size: 15805.69 KB | Range: [usertable:user0027668802 -> usertable:user0028484537]
  - [ID: 002444] Size: 15676.91 KB | Range: [usertable:user0028484538 -> usertable:user0028791754]
  - [ID: 002441] Size: 15771.26 KB | Range: [usertable:user0028791755 -> usertable:user0029100754]
  - [ID: 002443] Size: 15764.21 KB | Range: [usertable:user0029100755 -> usertable:user0029409468]
  - [ID: 002446] Size: 15765.43 KB | Range: [usertable:user0029409469 -> usertable:user0029718790]
  - [ID: 002447] Size:     1.63 KB | Range: [usertable:user0029718791 -> usertable:user0029718818]
  - [ID: 002440] Size: 14323.80 KB | Range: [usertable:user0029718819 -> usertable:user0029999999]
📤 【输出阶段 - 生成的新冷数据 SST (New)】:
  - [ID: 002453] Size:  9340.84 KB | Range: [usertable:user0000003654 -> usertable:user0027220997]
  - [ID: 002456] Size: 15788.26 KB | Range: [usertable:user0027221012 -> usertable:user0028482565]
  - [ID: 002458] Size: 15764.91 KB | Range: [usertable:user0028482566 -> usertable:user0028791589]
  - [ID: 002459] Size:     8.64 KB | Range: [usertable:user0028791590 -> usertable:user0028791754]
  - [ID: 002455] Size: 15765.39 KB | Range: [usertable:user0028791755 -> usertable:user0029100617]
  - [ID: 002457] Size: 15774.51 KB | Range: [usertable:user0029100618 -> usertable:user0029409566]
  - [ID: 002461] Size: 15760.63 KB | Range: [usertable:user0029409567 -> usertable:user0029718790]
  - [ID: 002454] Size: 14325.46 KB | Range: [usertable:user0029718791 -> usertable:user0029999999]
☀️ 【输出阶段 - 拦截并存入 L99 的热数据 SST (Hot)】:
  - [ID: 002460] Size:   224.07 KB | Range: [usertable:user0001679078 -> usertable:user0005699498]
READ   - Takes(s): 310.0, Count: 1778004, OPS: 5735.5, Avg(us): 218, Min(us): 1, Max(us): 75135, 50th(us): 175, 90th(us): 441, 95th(us): 545, 99th(us): 785, 99.9th(us): 1248, 99.99th(us): 3007
TOTAL  - Takes(s): 310.0, Count: 17606332, OPS: 56794.8, Avg(us): 275, Min(us): 1, Max(us): 92095, 50th(us): 218, 90th(us): 517, 95th(us): 640, 99th(us): 952, 99.9th(us): 1633, 99.99th(us): 44255
UPDATE - Takes(s): 310.0, Count: 15828328, OPS: 51059.3, Avg(us): 281, Min(us): 4, Max(us): 92095, 50th(us): 222, 90th(us): 525, 95th(us): 650, 99th(us): 967, 99.9th(us): 1666, 99.99th(us): 46047
UPDATE_ERROR - Takes(s): 310.0, Count: 179451, OPS: 578.9, Avg(us): 289, Min(us): 3, Max(us): 76479, 50th(us): 237, 90th(us): 530, 95th(us): 646, 99th(us): 917, 99.9th(us): 1602, 99.99th(us): 4567
badger 2026/04/10 16:08:35 INFO: 
🔥 [Compact-2] 层级变更: L0 -> L3
📥 【输入阶段 - 被选中的上层 SST (Top)】:
  - [ID: 002462] Size:  1882.08 KB | Range: [usertable:user0000621624 -> usertable:user0028196987]
  - [ID: 002463] Size:  1874.55 KB | Range: [usertable:user0000288702 -> usertable:user0029972278]
  - [ID: 002464] Size:  1874.38 KB | Range: [usertable:user0000609264 -> usertable:user0029743332]
  - [ID: 002465] Size:  1892.30 KB | Range: [usertable:user0000627982 -> usertable:user0029841755]
  - [ID: 002466] Size:  1867.99 KB | Range: [usertable:user0000097316 -> usertable:user0029154701]
📥 【输入阶段 - 涉及的底层 SST (Bot)】:
  - [ID: 002453] Size:  9340.84 KB | Range: [usertable:user0000003654 -> usertable:user0027220997]
  - [ID: 002456] Size: 15788.26 KB | Range: [usertable:user0027221012 -> usertable:user0028482565]
  - [ID: 002458] Size: 15764.91 KB | Range: [usertable:user0028482566 -> usertable:user0028791589]
  - [ID: 002459] Size:     8.64 KB | Range: [usertable:user0028791590 -> usertable:user0028791754]
  - [ID: 002455] Size: 15765.39 KB | Range: [usertable:user0028791755 -> usertable:user0029100617]
  - [ID: 002457] Size: 15774.51 KB | Range: [usertable:user0029100618 -> usertable:user0029409566]
  - [ID: 002461] Size: 15760.63 KB | Range: [usertable:user0029409567 -> usertable:user0029718790]
  - [ID: 002454] Size: 14325.46 KB | Range: [usertable:user0029718791 -> usertable:user0029999999]
📤 【输出阶段 - 生成的新冷数据 SST (New)】:
  - [ID: 002467] Size:  9626.01 KB | Range: [usertable:user0000003654 -> usertable:user0027924659]
  - [ID: 002470] Size: 15789.46 KB | Range: [usertable:user0027924678 -> usertable:user0028486816]
  - [ID: 002473] Size: 15552.28 KB | Range: [usertable:user0028486817 -> usertable:user0028791589]
  - [ID: 002468] Size: 15772.24 KB | Range: [usertable:user0028791590 -> usertable:user0029100583]
  - [ID: 002471] Size: 15777.42 KB | Range: [usertable:user0029100584 -> usertable:user0029409566]
  - [ID: 002469] Size: 15768.85 KB | Range: [usertable:user0029409567 -> usertable:user0029718952]
  - [ID: 002472] Size: 14317.00 KB | Range: [usertable:user0029718953 -> usertable:user0029999999]
☀️ 【输出阶段 - 拦截并存入 L99 的热数据 SST (Hot)】:
  - [ID: 002474] Size:   222.88 KB | Range: [usertable:user0001679087 -> usertable:user0005699886]
badger 2026/04/10 16:08:39 INFO: 
🔥 [Compact-2] 层级变更: L0 -> L3
📥 【输入阶段 - 被选中的上层 SST (Top)】:
  - [ID: 002475] Size:  1888.04 KB | Range: [usertable:user0000601119 -> usertable:user0029946034]
  - [ID: 002476] Size:  1877.10 KB | Range: [usertable:user0000031254 -> usertable:user0029799682]
  - [ID: 002477] Size:  1894.23 KB | Range: [usertable:user0000361173 -> usertable:user0029935072]
  - [ID: 002478] Size:  1866.68 KB | Range: [usertable:user0000618218 -> usertable:user0029991533]
  - [ID: 002479] Size:  1876.67 KB | Range: [usertable:user0000603045 -> usertable:user0029124882]
📥 【输入阶段 - 涉及的底层 SST (Bot)】:
  - [ID: 002467] Size:  9626.01 KB | Range: [usertable:user0000003654 -> usertable:user0027924659]
  - [ID: 002470] Size: 15789.46 KB | Range: [usertable:user0027924678 -> usertable:user0028486816]
  - [ID: 002473] Size: 15552.28 KB | Range: [usertable:user0028486817 -> usertable:user0028791589]
  - [ID: 002468] Size: 15772.24 KB | Range: [usertable:user0028791590 -> usertable:user0029100583]
  - [ID: 002471] Size: 15777.42 KB | Range: [usertable:user0029100584 -> usertable:user0029409566]
  - [ID: 002469] Size: 15768.85 KB | Range: [usertable:user0029409567 -> usertable:user0029718952]
  - [ID: 002472] Size: 14317.00 KB | Range: [usertable:user0029718953 -> usertable:user0029999999]
📤 【输出阶段 - 生成的新冷数据 SST (New)】:
  - [ID: 002481] Size:  9645.39 KB | Range: [usertable:user0000003654 -> usertable:user0027829948]
  - [ID: 002483] Size: 15767.01 KB | Range: [usertable:user0027830024 -> usertable:user0028485000]
  - [ID: 002485] Size: 15644.94 KB | Range: [usertable:user0028485001 -> usertable:user0028791589]
  - [ID: 002482] Size: 15770.57 KB | Range: [usertable:user0028791590 -> usertable:user0029100544]
  - [ID: 002484] Size: 15779.77 KB | Range: [usertable:user0029100545 -> usertable:user0029409603]
  - [ID: 002487] Size: 15767.01 KB | Range: [usertable:user0029409604 -> usertable:user0029718952]
  - [ID: 002480] Size: 14317.03 KB | Range: [usertable:user0029718953 -> usertable:user0029999999]
☀️ 【输出阶段 - 拦截并存入 L99 的热数据 SST (Hot)】:
  - [ID: 002486] Size:   205.74 KB | Range: [usertable:user0001679025 -> usertable:user0005699498]
badger 2026/04/10 16:08:43 INFO: 
🔥 [Compact-0] 层级变更: L0 -> L3
📥 【输入阶段 - 被选中的上层 SST (Top)】:
  - [ID: 002488] Size:  1881.89 KB | Range: [usertable:user0000038048 -> usertable:user0029897631]
  - [ID: 002489] Size:  1878.11 KB | Range: [usertable:user0000621643 -> usertable:user0029742067]
  - [ID: 002490] Size:  1885.51 KB | Range: [usertable:user0000029347 -> usertable:user0029999854]
  - [ID: 002491] Size:  1870.43 KB | Range: [usertable:user0000561978 -> usertable:user0029935537]
  - [ID: 002492] Size:  1884.05 KB | Range: [usertable:user0000610222 -> usertable:user0028192023]
📥 【输入阶段 - 涉及的底层 SST (Bot)】:
  - [ID: 002481] Size:  9645.39 KB | Range: [usertable:user0000003654 -> usertable:user0027829948]
  - [ID: 002483] Size: 15767.01 KB | Range: [usertable:user0027830024 -> usertable:user0028485000]
  - [ID: 002485] Size: 15644.94 KB | Range: [usertable:user0028485001 -> usertable:user0028791589]
  - [ID: 002482] Size: 15770.57 KB | Range: [usertable:user0028791590 -> usertable:user0029100544]
  - [ID: 002484] Size: 15779.77 KB | Range: [usertable:user0029100545 -> usertable:user0029409603]
  - [ID: 002487] Size: 15767.01 KB | Range: [usertable:user0029409604 -> usertable:user0029718952]
  - [ID: 002480] Size: 14317.03 KB | Range: [usertable:user0029718953 -> usertable:user0029999999]
📤 【输出阶段 - 生成的新冷数据 SST (New)】:
  - [ID: 002493] Size:  9598.47 KB | Range: [usertable:user0000003654 -> usertable:user0027689163]
  - [ID: 002496] Size: 15847.94 KB | Range: [usertable:user0027689714 -> usertable:user0028485221]
  - [ID: 002498] Size: 15632.91 KB | Range: [usertable:user0028485222 -> usertable:user0028791589]
  - [ID: 002495] Size: 15765.86 KB | Range: [usertable:user0028791590 -> usertable:user0029100447]
  - [ID: 002497] Size: 15784.53 KB | Range: [usertable:user0029100448 -> usertable:user0029409603]
  - [ID: 002500] Size: 15766.98 KB | Range: [usertable:user0029409604 -> usertable:user0029718951]
  - [ID: 002501] Size:     0.22 KB | Range: [usertable:user0029718952 -> usertable:user0029718952]
  - [ID: 002494] Size: 14316.67 KB | Range: [usertable:user0029718953 -> usertable:user0029999999]
☀️ 【输出阶段 - 拦截并存入 L99 的热数据 SST (Hot)】:
  - [ID: 002499] Size:   236.81 KB | Range: [usertable:user0001520049 -> usertable:user0005699498]
READ   - Takes(s): 320.0, Count: 1831250, OPS: 5722.7, Avg(us): 219, Min(us): 1, Max(us): 75135, 50th(us): 175, 90th(us): 443, 95th(us): 548, 99th(us): 790, 99.9th(us): 1254, 99.99th(us): 3061
TOTAL  - Takes(s): 320.0, Count: 18136136, OPS: 56675.5, Avg(us): 276, Min(us): 1, Max(us): 92095, 50th(us): 218, 90th(us): 519, 95th(us): 644, 99th(us): 958, 99.9th(us): 1641, 99.99th(us): 43935
UPDATE - Takes(s): 320.0, Count: 16304886, OPS: 50952.9, Avg(us): 282, Min(us): 4, Max(us): 92095, 50th(us): 222, 90th(us): 527, 95th(us): 653, 99th(us): 973, 99.9th(us): 1673, 99.99th(us): 45695
UPDATE_ERROR - Takes(s): 320.0, Count: 185572, OPS: 579.9, Avg(us): 291, Min(us): 3, Max(us): 76479, 50th(us): 238, 90th(us): 533, 95th(us): 651, 99th(us): 929, 99.9th(us): 1633, 99.99th(us): 4567
badger 2026/04/10 16:08:47 INFO: 
🔥 [Compact-2] 层级变更: L0 -> L3
📥 【输入阶段 - 被选中的上层 SST (Top)】:
  - [ID: 002502] Size:  1876.36 KB | Range: [usertable:user0000526626 -> usertable:user0028193901]
  - [ID: 002503] Size:  1886.29 KB | Range: [usertable:user0000589104 -> usertable:user0029969466]
  - [ID: 002504] Size:  1879.35 KB | Range: [usertable:user0000600573 -> usertable:user0029973586]
  - [ID: 002505] Size:  1873.70 KB | Range: [usertable:user0000600961 -> usertable:user0029977773]
  - [ID: 002506] Size:  1877.03 KB | Range: [usertable:user0000608018 -> usertable:user0029973279]
📥 【输入阶段 - 涉及的底层 SST (Bot)】:
  - [ID: 002493] Size:  9598.47 KB | Range: [usertable:user0000003654 -> usertable:user0027689163]
  - [ID: 002496] Size: 15847.94 KB | Range: [usertable:user0027689714 -> usertable:user0028485221]
  - [ID: 002498] Size: 15632.91 KB | Range: [usertable:user0028485222 -> usertable:user0028791589]
  - [ID: 002495] Size: 15765.86 KB | Range: [usertable:user0028791590 -> usertable:user0029100447]
  - [ID: 002497] Size: 15784.53 KB | Range: [usertable:user0029100448 -> usertable:user0029409603]
  - [ID: 002500] Size: 15766.98 KB | Range: [usertable:user0029409604 -> usertable:user0029718951]
  - [ID: 002501] Size:     0.22 KB | Range: [usertable:user0029718952 -> usertable:user0029718952]
  - [ID: 002494] Size: 14316.67 KB | Range: [usertable:user0029718953 -> usertable:user0029999999]
📤 【输出阶段 - 生成的新冷数据 SST (New)】:
  - [ID: 002508] Size:  9621.50 KB | Range: [usertable:user0000003654 -> usertable:user0027407181]
  - [ID: 002510] Size: 15766.89 KB | Range: [usertable:user0027409059 -> usertable:user0028482203]
  - [ID: 002512] Size: 15774.13 KB | Range: [usertable:user0028482204 -> usertable:user0028791422]
  - [ID: 002513] Size:     8.07 KB | Range: [usertable:user0028791423 -> usertable:user0028791589]
  - [ID: 002509] Size: 15765.71 KB | Range: [usertable:user0028791590 -> usertable:user0029100446]
  - [ID: 002511] Size: 15791.91 KB | Range: [usertable:user0029100447 -> usertable:user0029409740]
  - [ID: 002515] Size: 15759.85 KB | Range: [usertable:user0029409741 -> usertable:user0029718951]
  - [ID: 002507] Size: 14316.70 KB | Range: [usertable:user0029718952 -> usertable:user0029999999]
☀️ 【输出阶段 - 拦截并存入 L99 的热数据 SST (Hot)】:
  - [ID: 002514] Size:   213.97 KB | Range: [usertable:user0001679025 -> usertable:user0005699498]
badger 2026/04/10 16:08:50 INFO: 
🔥 [Compact-2] 层级变更: L0 -> L3
📥 【输入阶段 - 被选中的上层 SST (Top)】:
  - [ID: 002516] Size:  1875.59 KB | Range: [usertable:user0000611592 -> usertable:user0029964047]
  - [ID: 002517] Size:  1894.28 KB | Range: [usertable:user0000510539 -> usertable:user0029889185]
  - [ID: 002518] Size:  1872.36 KB | Range: [usertable:user0000618395 -> usertable:user0029903692]
  - [ID: 002519] Size:  1888.67 KB | Range: [usertable:user0000172734 -> usertable:user0028192023]
  - [ID: 002520] Size:  1872.41 KB | Range: [usertable:user0000334867 -> usertable:user0028194433]
📥 【输入阶段 - 涉及的底层 SST (Bot)】:
  - [ID: 002508] Size:  9621.50 KB | Range: [usertable:user0000003654 -> usertable:user0027407181]
  - [ID: 002510] Size: 15766.89 KB | Range: [usertable:user0027409059 -> usertable:user0028482203]
  - [ID: 002512] Size: 15774.13 KB | Range: [usertable:user0028482204 -> usertable:user0028791422]
  - [ID: 002513] Size:     8.07 KB | Range: [usertable:user0028791423 -> usertable:user0028791589]
  - [ID: 002509] Size: 15765.71 KB | Range: [usertable:user0028791590 -> usertable:user0029100446]
  - [ID: 002511] Size: 15791.91 KB | Range: [usertable:user0029100447 -> usertable:user0029409740]
  - [ID: 002515] Size: 15759.85 KB | Range: [usertable:user0029409741 -> usertable:user0029718951]
  - [ID: 002507] Size: 14316.70 KB | Range: [usertable:user0029718952 -> usertable:user0029999999]
📤 【输出阶段 - 生成的新冷数据 SST (New)】:
  - [ID: 002521] Size:  9634.44 KB | Range: [usertable:user0000003654 -> usertable:user0027025779]
  - [ID: 002524] Size: 15809.17 KB | Range: [usertable:user0027025860 -> usertable:user0028481594]
  - [ID: 002527] Size: 15773.89 KB | Range: [usertable:user0028481595 -> usertable:user0028790849]
  - [ID: 002528] Size:    31.10 KB | Range: [usertable:user0028790850 -> usertable:user0028791422]
  - [ID: 002522] Size: 15765.72 KB | Range: [usertable:user0028791423 -> usertable:user0029100322]
  - [ID: 002525] Size: 15799.09 KB | Range: [usertable:user0029100323 -> usertable:user0029409740]
  - [ID: 002523] Size: 15763.62 KB | Range: [usertable:user0029409741 -> usertable:user0029719025]
  - [ID: 002526] Size: 14312.60 KB | Range: [usertable:user0029719026 -> usertable:user0029999999]
☀️ 【输出阶段 - 拦截并存入 L99 的热数据 SST (Hot)】:
  - [ID: 002529] Size:   212.03 KB | Range: [usertable:user0001520006 -> usertable:user0005699886]
READ   - Takes(s): 330.0, Count: 1884546, OPS: 5710.6, Avg(us): 219, Min(us): 1, Max(us): 75135, 50th(us): 175, 90th(us): 444, 95th(us): 550, 99th(us): 796, 99.9th(us): 1262, 99.99th(us): 3139
TOTAL  - Takes(s): 330.0, Count: 18662496, OPS: 56552.1, Avg(us): 276, Min(us): 1, Max(us): 92095, 50th(us): 218, 90th(us): 521, 95th(us): 647, 99th(us): 964, 99.9th(us): 1646, 99.99th(us): 44095
UPDATE - Takes(s): 330.0, Count: 16777950, OPS: 50841.5, Avg(us): 282, Min(us): 4, Max(us): 92095, 50th(us): 222, 90th(us): 529, 95th(us): 657, 99th(us): 980, 99.9th(us): 1678, 99.99th(us): 45567
UPDATE_ERROR - Takes(s): 330.0, Count: 191522, OPS: 580.4, Avg(us): 292, Min(us): 3, Max(us): 76479, 50th(us): 239, 90th(us): 537, 95th(us): 657, 99th(us): 937, 99.9th(us): 1662, 99.99th(us): 4567
badger 2026/04/10 16:08:54 INFO: 
🔥 [Compact-1] 层级变更: L0 -> L3
📥 【输入阶段 - 被选中的上层 SST (Top)】:
  - [ID: 002530] Size:  1886.32 KB | Range: [usertable:user0000138479 -> usertable:user0028302659]
  - [ID: 002531] Size:  1864.26 KB | Range: [usertable:user0000609182 -> usertable:user0029966361]
  - [ID: 002532] Size:  1879.66 KB | Range: [usertable:user0000617883 -> usertable:user0029978142]
  - [ID: 002533] Size:  1879.15 KB | Range: [usertable:user0000352842 -> usertable:user0029890656]
  - [ID: 002534] Size:  1879.99 KB | Range: [usertable:user0000602030 -> usertable:user0029849771]
📥 【输入阶段 - 涉及的底层 SST (Bot)】:
  - [ID: 002521] Size:  9634.44 KB | Range: [usertable:user0000003654 -> usertable:user0027025779]
  - [ID: 002524] Size: 15809.17 KB | Range: [usertable:user0027025860 -> usertable:user0028481594]
  - [ID: 002527] Size: 15773.89 KB | Range: [usertable:user0028481595 -> usertable:user0028790849]
  - [ID: 002528] Size:    31.10 KB | Range: [usertable:user0028790850 -> usertable:user0028791422]
  - [ID: 002522] Size: 15765.72 KB | Range: [usertable:user0028791423 -> usertable:user0029100322]
  - [ID: 002525] Size: 15799.09 KB | Range: [usertable:user0029100323 -> usertable:user0029409740]
  - [ID: 002523] Size: 15763.62 KB | Range: [usertable:user0029409741 -> usertable:user0029719025]
  - [ID: 002526] Size: 14312.60 KB | Range: [usertable:user0029719026 -> usertable:user0029999999]
📤 【输出阶段 - 生成的新冷数据 SST (New)】:
  - [ID: 002535] Size:  9917.62 KB | Range: [usertable:user0000003654 -> usertable:user0027875854]
  - [ID: 002538] Size: 15798.07 KB | Range: [usertable:user0027875892 -> usertable:user0028485735]
  - [ID: 002542] Size: 15567.54 KB | Range: [usertable:user0028485736 -> usertable:user0028790849]
  - [ID: 002536] Size: 15800.03 KB | Range: [usertable:user0028790850 -> usertable:user0029100359]
  - [ID: 002540] Size: 15786.34 KB | Range: [usertable:user0029100360 -> usertable:user0029409515]
  - [ID: 002541] Size:    11.55 KB | Range: [usertable:user0029409516 -> usertable:user0029409740]
  - [ID: 002537] Size: 15877.64 KB | Range: [usertable:user0029409741 -> usertable:user0029721233]
  - [ID: 002539] Size: 14198.69 KB | Range: [usertable:user0029721234 -> usertable:user0029999999]
☀️ 【输出阶段 - 拦截并存入 L99 的热数据 SST (Hot)】:
  - [ID: 002543] Size:   228.08 KB | Range: [usertable:user0001520068 -> usertable:user0005699498]
badger 2026/04/10 16:08:58 INFO: 
🔥 [Compact-2] 层级变更: L0 -> L3
📥 【输入阶段 - 被选中的上层 SST (Top)】:
  - [ID: 002544] Size:  1885.02 KB | Range: [usertable:user0000557992 -> usertable:user0029982895]
  - [ID: 002545] Size:  1878.01 KB | Range: [usertable:user0000601316 -> usertable:user0028193901]
  - [ID: 002546] Size:  1885.66 KB | Range: [usertable:user0000049048 -> usertable:user0029935072]
  - [ID: 002547] Size:  1876.26 KB | Range: [usertable:user0000038048 -> usertable:user0029865557]
  - [ID: 002548] Size:  1878.13 KB | Range: [usertable:user0000623100 -> usertable:user0029800405]
📥 【输入阶段 - 涉及的底层 SST (Bot)】:
  - [ID: 002535] Size:  9917.62 KB | Range: [usertable:user0000003654 -> usertable:user0027875854]
  - [ID: 002538] Size: 15798.07 KB | Range: [usertable:user0027875892 -> usertable:user0028485735]
  - [ID: 002542] Size: 15567.54 KB | Range: [usertable:user0028485736 -> usertable:user0028790849]
  - [ID: 002536] Size: 15800.03 KB | Range: [usertable:user0028790850 -> usertable:user0029100359]
  - [ID: 002540] Size: 15786.34 KB | Range: [usertable:user0029100360 -> usertable:user0029409515]
  - [ID: 002541] Size:    11.55 KB | Range: [usertable:user0029409516 -> usertable:user0029409740]
  - [ID: 002537] Size: 15877.64 KB | Range: [usertable:user0029409741 -> usertable:user0029721233]
  - [ID: 002539] Size: 14198.69 KB | Range: [usertable:user0029721234 -> usertable:user0029999999]
📤 【输出阶段 - 生成的新冷数据 SST (New)】:
  - [ID: 002549] Size:  9915.51 KB | Range: [usertable:user0000003654 -> usertable:user0027750802]
  - [ID: 002555] Size: 15778.10 KB | Range: [usertable:user0027750831 -> usertable:user0028484034]
  - [ID: 002556] Size: 15653.79 KB | Range: [usertable:user0028484035 -> usertable:user0028790849]
  - [ID: 002550] Size: 15779.69 KB | Range: [usertable:user0028790850 -> usertable:user0029099962]
  - [ID: 002553] Size: 15808.67 KB | Range: [usertable:user0029099963 -> usertable:user0029409556]
  - [ID: 002554] Size:     9.60 KB | Range: [usertable:user0029409557 -> usertable:user0029409740]
  - [ID: 002551] Size: 15767.42 KB | Range: [usertable:user0029409741 -> usertable:user0029719095]
  - [ID: 002552] Size: 14308.62 KB | Range: [usertable:user0029719096 -> usertable:user0029999999]
☀️ 【输出阶段 - 拦截并存入 L99 的热数据 SST (Hot)】:
  - [ID: 002557] Size:   210.17 KB | Range: [usertable:user0001679087 -> usertable:user0005699498]
badger 2026/04/10 16:09:02 INFO: 
🔥 [Compact-2] 层级变更: L0 -> L3
📥 【输入阶段 - 被选中的上层 SST (Top)】:
  - [ID: 002558] Size:  1865.76 KB | Range: [usertable:user0000606102 -> usertable:user0029932078]
  - [ID: 002559] Size:  1883.24 KB | Range: [usertable:user0000485564 -> usertable:user0029971301]
  - [ID: 002560] Size:  1880.04 KB | Range: [usertable:user0000562582 -> usertable:user0029726865]
  - [ID: 002561] Size:  1882.39 KB | Range: [usertable:user0000603390 -> usertable:user0029985060]
  - [ID: 002562] Size:  1885.97 KB | Range: [usertable:user0000610361 -> usertable:user0029541822]
📥 【输入阶段 - 涉及的底层 SST (Bot)】:
  - [ID: 002549] Size:  9915.51 KB | Range: [usertable:user0000003654 -> usertable:user0027750802]
  - [ID: 002555] Size: 15778.10 KB | Range: [usertable:user0027750831 -> usertable:user0028484034]
  - [ID: 002556] Size: 15653.79 KB | Range: [usertable:user0028484035 -> usertable:user0028790849]
  - [ID: 002550] Size: 15779.69 KB | Range: [usertable:user0028790850 -> usertable:user0029099962]
  - [ID: 002553] Size: 15808.67 KB | Range: [usertable:user0029099963 -> usertable:user0029409556]
  - [ID: 002554] Size:     9.60 KB | Range: [usertable:user0029409557 -> usertable:user0029409740]
  - [ID: 002551] Size: 15767.42 KB | Range: [usertable:user0029409741 -> usertable:user0029719095]
  - [ID: 002552] Size: 14308.62 KB | Range: [usertable:user0029719096 -> usertable:user0029999999]
📤 【输出阶段 - 生成的新冷数据 SST (New)】:
  - [ID: 002563] Size:  9913.05 KB | Range: [usertable:user0000003654 -> usertable:user0027621564]
  - [ID: 002566] Size: 15786.87 KB | Range: [usertable:user0027621770 -> usertable:user0028482826]
  - [ID: 002570] Size: 15713.58 KB | Range: [usertable:user0028482827 -> usertable:user0028790849]
  - [ID: 002564] Size: 15761.03 KB | Range: [usertable:user0028790850 -> usertable:user0029099595]
  - [ID: 002568] Size: 15775.65 KB | Range: [usertable:user0029099596 -> usertable:user0029408551]
  - [ID: 002569] Size:    60.42 KB | Range: [usertable:user0029408552 -> usertable:user0029409740]
  - [ID: 002565] Size: 15788.09 KB | Range: [usertable:user0029409741 -> usertable:user0029719511]
  - [ID: 002567] Size: 14288.11 KB | Range: [usertable:user0029719512 -> usertable:user0029999999]
☀️ 【输出阶段 - 拦截并存入 L99 的热数据 SST (Hot)】:
  - [ID: 002571] Size:   214.34 KB | Range: [usertable:user0001520006 -> usertable:user0005699498]
READ   - Takes(s): 340.0, Count: 1938089, OPS: 5700.3, Avg(us): 220, Min(us): 1, Max(us): 75135, 50th(us): 175, 90th(us): 445, 95th(us): 553, 99th(us): 802, 99.9th(us): 1269, 99.99th(us): 3061
TOTAL  - Takes(s): 340.0, Count: 19189177, OPS: 56438.8, Avg(us): 277, Min(us): 1, Max(us): 92095, 50th(us): 218, 90th(us): 523, 95th(us): 650, 99th(us): 971, 99.9th(us): 1653, 99.99th(us): 44223
UPDATE - Takes(s): 340.0, Count: 17251088, OPS: 50738.6, Avg(us): 283, Min(us): 4, Max(us): 92095, 50th(us): 222, 90th(us): 531, 95th(us): 660, 99th(us): 986, 99.9th(us): 1686, 99.99th(us): 45695
UPDATE_ERROR - Takes(s): 340.0, Count: 197639, OPS: 581.3, Avg(us): 294, Min(us): 3, Max(us): 76479, 50th(us): 240, 90th(us): 539, 95th(us): 661, 99th(us): 945, 99.9th(us): 1650, 99.99th(us): 4567
badger 2026/04/10 16:09:06 INFO: 
🔥 [Compact-1] 层级变更: L0 -> L3
📥 【输入阶段 - 被选中的上层 SST (Top)】:
  - [ID: 002572] Size:  1880.88 KB | Range: [usertable:user0000480945 -> usertable:user0029990982]
  - [ID: 002573] Size:  1886.04 KB | Range: [usertable:user0000285774 -> usertable:user0029863300]
  - [ID: 002574] Size:  1882.79 KB | Range: [usertable:user0000601138 -> usertable:user0029983685]
  - [ID: 002575] Size:  1888.05 KB | Range: [usertable:user0000245224 -> usertable:user0029776461]
  - [ID: 002576] Size:  1869.24 KB | Range: [usertable:user0000426272 -> usertable:user0029970462]
📥 【输入阶段 - 涉及的底层 SST (Bot)】:
  - [ID: 002563] Size:  9913.05 KB | Range: [usertable:user0000003654 -> usertable:user0027621564]
  - [ID: 002566] Size: 15786.87 KB | Range: [usertable:user0027621770 -> usertable:user0028482826]
  - [ID: 002570] Size: 15713.58 KB | Range: [usertable:user0028482827 -> usertable:user0028790849]
  - [ID: 002564] Size: 15761.03 KB | Range: [usertable:user0028790850 -> usertable:user0029099595]
  - [ID: 002568] Size: 15775.65 KB | Range: [usertable:user0029099596 -> usertable:user0029408551]
  - [ID: 002569] Size:    60.42 KB | Range: [usertable:user0029408552 -> usertable:user0029409740]
  - [ID: 002565] Size: 15788.09 KB | Range: [usertable:user0029409741 -> usertable:user0029719511]
  - [ID: 002567] Size: 14288.11 KB | Range: [usertable:user0029719512 -> usertable:user0029999999]
📤 【输出阶段 - 生成的新冷数据 SST (New)】:
  - [ID: 002577] Size:  9896.94 KB | Range: [usertable:user0000003654 -> usertable:user0027170367]
  - [ID: 002580] Size: 15780.08 KB | Range: [usertable:user0027170746 -> usertable:user0028481126]
  - [ID: 002584] Size: 15771.85 KB | Range: [usertable:user0028481127 -> usertable:user0028790349]
  - [ID: 002585] Size:    25.11 KB | Range: [usertable:user0028790350 -> usertable:user0028790849]
  - [ID: 002579] Size: 15761.04 KB | Range: [usertable:user0028790850 -> usertable:user0029099595]
  - [ID: 002582] Size: 15788.35 KB | Range: [usertable:user0029099596 -> usertable:user0029408786]
  - [ID: 002583] Size:    47.70 KB | Range: [usertable:user0029408787 -> usertable:user0029409740]
  - [ID: 002578] Size: 15778.52 KB | Range: [usertable:user0029409741 -> usertable:user0029719327]
  - [ID: 002581] Size: 14297.99 KB | Range: [usertable:user0029719328 -> usertable:user0029999999]
☀️ 【输出阶段 - 拦截并存入 L99 的热数据 SST (Hot)】:
  - [ID: 002586] Size:   197.50 KB | Range: [usertable:user0001520049 -> usertable:user0005699498]
badger 2026/04/10 16:09:10 INFO: 
🔥 [Compact-2] 层级变更: L0 -> L3
📥 【输入阶段 - 被选中的上层 SST (Top)】:
  - [ID: 002587] Size:  1887.06 KB | Range: [usertable:user0000459846 -> usertable:user0029827900]
  - [ID: 002588] Size:  1877.50 KB | Range: [usertable:user0000340486 -> usertable:user0029956516]
  - [ID: 002589] Size:  1873.07 KB | Range: [usertable:user0000403247 -> usertable:user0029741482]
  - [ID: 002590] Size:  1878.22 KB | Range: [usertable:user0000606121 -> usertable:user0029965255]
  - [ID: 002591] Size:  1867.56 KB | Range: [usertable:user0000602710 -> usertable:user0029974899]
📥 【输入阶段 - 涉及的底层 SST (Bot)】:
  - [ID: 002577] Size:  9896.94 KB | Range: [usertable:user0000003654 -> usertable:user0027170367]
  - [ID: 002580] Size: 15780.08 KB | Range: [usertable:user0027170746 -> usertable:user0028481126]
  - [ID: 002584] Size: 15771.85 KB | Range: [usertable:user0028481127 -> usertable:user0028790349]
  - [ID: 002585] Size:    25.11 KB | Range: [usertable:user0028790350 -> usertable:user0028790849]
  - [ID: 002579] Size: 15761.04 KB | Range: [usertable:user0028790850 -> usertable:user0029099595]
  - [ID: 002582] Size: 15788.35 KB | Range: [usertable:user0029099596 -> usertable:user0029408786]
  - [ID: 002583] Size:    47.70 KB | Range: [usertable:user0029408787 -> usertable:user0029409740]
  - [ID: 002578] Size: 15778.52 KB | Range: [usertable:user0029409741 -> usertable:user0029719327]
  - [ID: 002581] Size: 14297.99 KB | Range: [usertable:user0029719328 -> usertable:user0029999999]
📤 【输出阶段 - 生成的新冷数据 SST (New)】:
  - [ID: 002592] Size: 10199.83 KB | Range: [usertable:user0000003654 -> usertable:user0027904250]
  - [ID: 002596] Size: 15763.83 KB | Range: [usertable:user0027904259 -> usertable:user0028485161]
  - [ID: 002599] Size: 15572.45 KB | Range: [usertable:user0028485162 -> usertable:user0028790349]
  - [ID: 002594] Size: 15764.60 KB | Range: [usertable:user0028790350 -> usertable:user0029099170]
  - [ID: 002597] Size: 15780.80 KB | Range: [usertable:user0029099171 -> usertable:user0029408237]
  - [ID: 002598] Size:    28.73 KB | Range: [usertable:user0029408238 -> usertable:user0029408786]
  - [ID: 002593] Size: 15783.03 KB | Range: [usertable:user0029408787 -> usertable:user0029718449]
  - [ID: 002595] Size: 14341.90 KB | Range: [usertable:user0029718450 -> usertable:user0029999999]
☀️ 【输出阶段 - 拦截并存入 L99 的热数据 SST (Hot)】:
  - [ID: 002600] Size:   188.58 KB | Range: [usertable:user0001593005 -> usertable:user0005699498]
badger 2026/04/10 16:09:14 INFO: 
🔥 [Compact-0] 层级变更: L0 -> L3
📥 【输入阶段 - 被选中的上层 SST (Top)】:
  - [ID: 002601] Size:  1880.76 KB | Range: [usertable:user0000611123 -> usertable:user0029959266]
  - [ID: 002602] Size:  1877.89 KB | Range: [usertable:user0000165351 -> usertable:user0028193901]
  - [ID: 002603] Size:  1885.34 KB | Range: [usertable:user0000608445 -> usertable:user0028198587]
  - [ID: 002604] Size:  1870.98 KB | Range: [usertable:user0000600161 -> usertable:user0029958308]
  - [ID: 002605] Size:  1881.21 KB | Range: [usertable:user0000205393 -> usertable:user0029745751]
📥 【输入阶段 - 涉及的底层 SST (Bot)】:
  - [ID: 002592] Size: 10199.83 KB | Range: [usertable:user0000003654 -> usertable:user0027904250]
  - [ID: 002596] Size: 15763.83 KB | Range: [usertable:user0027904259 -> usertable:user0028485161]
  - [ID: 002599] Size: 15572.45 KB | Range: [usertable:user0028485162 -> usertable:user0028790349]
  - [ID: 002594] Size: 15764.60 KB | Range: [usertable:user0028790350 -> usertable:user0029099170]
  - [ID: 002597] Size: 15780.80 KB | Range: [usertable:user0029099171 -> usertable:user0029408237]
  - [ID: 002598] Size:    28.73 KB | Range: [usertable:user0029408238 -> usertable:user0029408786]
  - [ID: 002593] Size: 15783.03 KB | Range: [usertable:user0029408787 -> usertable:user0029718449]
  - [ID: 002595] Size: 14341.90 KB | Range: [usertable:user0029718450 -> usertable:user0029999999]
📤 【输出阶段 - 生成的新冷数据 SST (New)】:
  - [ID: 002606] Size: 10205.19 KB | Range: [usertable:user0000003654 -> usertable:user0027802017]
  - [ID: 002609] Size: 15811.08 KB | Range: [usertable:user0027802118 -> usertable:user0028484947]
  - [ID: 002613] Size: 15584.14 KB | Range: [usertable:user0028484948 -> usertable:user0028790349]
  - [ID: 002607] Size: 15780.26 KB | Range: [usertable:user0028790350 -> usertable:user0029099468]
  - [ID: 002611] Size: 15776.66 KB | Range: [usertable:user0029099469 -> usertable:user0029408444]
  - [ID: 002612] Size:    18.44 KB | Range: [usertable:user0029408445 -> usertable:user0029408786]
  - [ID: 002608] Size: 15773.53 KB | Range: [usertable:user0029408787 -> usertable:user0029718248]
  - [ID: 002610] Size: 14350.45 KB | Range: [usertable:user0029718249 -> usertable:user0029999999]
☀️ 【输出阶段 - 拦截并存入 L99 的热数据 SST (Hot)】:
  - [ID: 002614] Size:   192.44 KB | Range: [usertable:user0001679087 -> usertable:user0005699886]
READ   - Takes(s): 350.0, Count: 1990509, OPS: 5687.2, Avg(us): 220, Min(us): 1, Max(us): 75135, 50th(us): 176, 90th(us): 447, 95th(us): 555, 99th(us): 808, 99.9th(us): 1277, 99.99th(us): 3241
TOTAL  - Takes(s): 350.0, Count: 19707477, OPS: 56307.2, Avg(us): 277, Min(us): 1, Max(us): 92095, 50th(us): 218, 90th(us): 525, 95th(us): 654, 99th(us): 978, 99.9th(us): 1664, 99.99th(us): 44223
UPDATE - Takes(s): 350.0, Count: 17716968, OPS: 50620.0, Avg(us): 284, Min(us): 4, Max(us): 92095, 50th(us): 222, 90th(us): 533, 95th(us): 663, 99th(us): 993, 99.9th(us): 1697, 99.99th(us): 45727
UPDATE_ERROR - Takes(s): 350.0, Count: 203578, OPS: 581.7, Avg(us): 295, Min(us): 3, Max(us): 76479, 50th(us): 241, 90th(us): 542, 95th(us): 665, 99th(us): 957, 99.9th(us): 1680, 99.99th(us): 6047
badger 2026/04/10 16:09:17 INFO: 
🔥 [Compact-0] 层级变更: L0 -> L3
📥 【输入阶段 - 被选中的上层 SST (Top)】:
  - [ID: 002615] Size:  1874.30 KB | Range: [usertable:user0000441574 -> usertable:user0029970759]
  - [ID: 002616] Size:  1886.57 KB | Range: [usertable:user0000290422 -> usertable:user0029861858]
  - [ID: 002617] Size:  1892.52 KB | Range: [usertable:user0000610586 -> usertable:user0029865820]
  - [ID: 002618] Size:  1865.45 KB | Range: [usertable:user0000606308 -> usertable:user0029922956]
  - [ID: 002619] Size:  1889.88 KB | Range: [usertable:user0000358021 -> usertable:user0029830401]
📥 【输入阶段 - 涉及的底层 SST (Bot)】:
  - [ID: 002606] Size: 10205.19 KB | Range: [usertable:user0000003654 -> usertable:user0027802017]
  - [ID: 002609] Size: 15811.08 KB | Range: [usertable:user0027802118 -> usertable:user0028484947]
  - [ID: 002613] Size: 15584.14 KB | Range: [usertable:user0028484948 -> usertable:user0028790349]
  - [ID: 002607] Size: 15780.26 KB | Range: [usertable:user0028790350 -> usertable:user0029099468]
  - [ID: 002611] Size: 15776.66 KB | Range: [usertable:user0029099469 -> usertable:user0029408444]
  - [ID: 002612] Size:    18.44 KB | Range: [usertable:user0029408445 -> usertable:user0029408786]
  - [ID: 002608] Size: 15773.53 KB | Range: [usertable:user0029408787 -> usertable:user0029718248]
  - [ID: 002610] Size: 14350.45 KB | Range: [usertable:user0029718249 -> usertable:user0029999999]
📤 【输出阶段 - 生成的新冷数据 SST (New)】:
  - [ID: 002620] Size: 10198.86 KB | Range: [usertable:user0000003654 -> usertable:user0027677459]
  - [ID: 002623] Size: 15796.48 KB | Range: [usertable:user0027677588 -> usertable:user0028483251]
  - [ID: 002626] Size: 15667.07 KB | Range: [usertable:user0028483252 -> usertable:user0028790349]
  - [ID: 002622] Size: 15797.29 KB | Range: [usertable:user0028790350 -> usertable:user0029099806]
  - [ID: 002625] Size: 15777.99 KB | Range: [usertable:user0029099807 -> usertable:user0029408786]
  - [ID: 002621] Size: 15810.71 KB | Range: [usertable:user0029408787 -> usertable:user0029719016]
  - [ID: 002624] Size: 14312.96 KB | Range: [usertable:user0029719017 -> usertable:user0029999999]
☀️ 【输出阶段 - 拦截并存入 L99 的热数据 SST (Hot)】:
  - [ID: 002627] Size:   193.69 KB | Range: [usertable:user0001679087 -> usertable:user0005699498]
badger 2026/04/10 16:09:21 INFO: 
🔥 [Compact-0] 层级变更: L0 -> L3
📥 【输入阶段 - 被选中的上层 SST (Top)】:
  - [ID: 002628] Size:  1861.77 KB | Range: [usertable:user0000170372 -> usertable:user0029908981]
  - [ID: 002629] Size:  1895.77 KB | Range: [usertable:user0000177290 -> usertable:user0029824887]
  - [ID: 002630] Size:  1878.47 KB | Range: [usertable:user0000627814 -> usertable:user0029973529]
  - [ID: 002631] Size:  1875.92 KB | Range: [usertable:user0000601119 -> usertable:user0029742067]
  - [ID: 002632] Size:  1885.12 KB | Range: [usertable:user0000478684 -> usertable:user0029925021]
📥 【输入阶段 - 涉及的底层 SST (Bot)】:
  - [ID: 002620] Size: 10198.86 KB | Range: [usertable:user0000003654 -> usertable:user0027677459]
  - [ID: 002623] Size: 15796.48 KB | Range: [usertable:user0027677588 -> usertable:user0028483251]
  - [ID: 002626] Size: 15667.07 KB | Range: [usertable:user0028483252 -> usertable:user0028790349]
  - [ID: 002622] Size: 15797.29 KB | Range: [usertable:user0028790350 -> usertable:user0029099806]
  - [ID: 002625] Size: 15777.99 KB | Range: [usertable:user0029099807 -> usertable:user0029408786]
  - [ID: 002621] Size: 15810.71 KB | Range: [usertable:user0029408787 -> usertable:user0029719016]
  - [ID: 002624] Size: 14312.96 KB | Range: [usertable:user0029719017 -> usertable:user0029999999]
📤 【输出阶段 - 生成的新冷数据 SST (New)】:
  - [ID: 002634] Size: 10227.46 KB | Range: [usertable:user0000003654 -> usertable:user0027398442]
  - [ID: 002636] Size: 15769.11 KB | Range: [usertable:user0027399185 -> usertable:user0028481365]
  - [ID: 002638] Size: 15760.74 KB | Range: [usertable:user0028481366 -> usertable:user0028790349]
  - [ID: 002635] Size: 15772.19 KB | Range: [usertable:user0028790350 -> usertable:user0029099324]
  - [ID: 002637] Size: 15769.31 KB | Range: [usertable:user0029099325 -> usertable:user0029408162]
  - [ID: 002640] Size: 15799.76 KB | Range: [usertable:user0029408163 -> usertable:user0029718126]
  - [ID: 002641] Size:    43.57 KB | Range: [usertable:user0029718127 -> usertable:user0029719016]
  - [ID: 002633] Size: 14313.41 KB | Range: [usertable:user0029719017 -> usertable:user0029999999]
☀️ 【输出阶段 - 拦截并存入 L99 的热数据 SST (Hot)】:
  - [ID: 002639] Size:   181.02 KB | Range: [usertable:user0001520040 -> usertable:user0005699498]
badger 2026/04/10 16:09:24 INFO: Block cache metrics: hit: 331929134 miss: 3341237 keys-added: 577192 keys-updated: 5586 keys-evicted: 515936 cost-added: 2527156437 cost-evicted: 2258986593 sets-dropped: 0 sets-rejected: 453 gets-dropped: 49103360 gets-kept: 286164096 gets-total: 335270402 hit-ratio: 0.99
READ   - Takes(s): 360.0, Count: 2043768, OPS: 5677.1, Avg(us): 221, Min(us): 1, Max(us): 75135, 50th(us): 176, 90th(us): 448, 95th(us): 558, 99th(us): 813, 99.9th(us): 1284, 99.99th(us): 3249
TOTAL  - Takes(s): 360.0, Count: 20232861, OPS: 56202.5, Avg(us): 278, Min(us): 1, Max(us): 92095, 50th(us): 218, 90th(us): 527, 95th(us): 657, 99th(us): 984, 99.9th(us): 1669, 99.99th(us): 43935
UPDATE - Takes(s): 360.0, Count: 18189093, OPS: 50525.4, Avg(us): 284, Min(us): 4, Max(us): 92095, 50th(us): 222, 90th(us): 535, 95th(us): 667, 99th(us): 999, 99.9th(us): 1702, 99.99th(us): 45567
UPDATE_ERROR - Takes(s): 360.0, Count: 209849, OPS: 582.9, Avg(us): 297, Min(us): 3, Max(us): 76479, 50th(us): 242, 90th(us): 544, 95th(us): 670, 99th(us): 963, 99.9th(us): 1706, 99.99th(us): 6047
badger 2026/04/10 16:09:25 INFO: 
🔥 [Compact-1] 层级变更: L0 -> L3
📥 【输入阶段 - 被选中的上层 SST (Top)】:
  - [ID: 002642] Size:  1874.95 KB | Range: [usertable:user0000604559 -> usertable:user0029939897]
  - [ID: 002643] Size:  1887.58 KB | Range: [usertable:user0000610965 -> usertable:user0029993085]
  - [ID: 002644] Size:  1871.68 KB | Range: [usertable:user0000038048 -> usertable:user0029850997]
  - [ID: 002645] Size:  1887.80 KB | Range: [usertable:user0000606653 -> usertable:user0029916234]
  - [ID: 002646] Size:  1879.93 KB | Range: [usertable:user0000553628 -> usertable:user0028402103]
📥 【输入阶段 - 涉及的底层 SST (Bot)】:
  - [ID: 002634] Size: 10227.46 KB | Range: [usertable:user0000003654 -> usertable:user0027398442]
  - [ID: 002636] Size: 15769.11 KB | Range: [usertable:user0027399185 -> usertable:user0028481365]
  - [ID: 002638] Size: 15760.74 KB | Range: [usertable:user0028481366 -> usertable:user0028790349]
  - [ID: 002635] Size: 15772.19 KB | Range: [usertable:user0028790350 -> usertable:user0029099324]
  - [ID: 002637] Size: 15769.31 KB | Range: [usertable:user0029099325 -> usertable:user0029408162]
  - [ID: 002640] Size: 15799.76 KB | Range: [usertable:user0029408163 -> usertable:user0029718126]
  - [ID: 002641] Size:    43.57 KB | Range: [usertable:user0029718127 -> usertable:user0029719016]
  - [ID: 002633] Size: 14313.41 KB | Range: [usertable:user0029719017 -> usertable:user0029999999]
📤 【输出阶段 - 生成的新冷数据 SST (New)】:
  - [ID: 002647] Size: 10216.82 KB | Range: [usertable:user0000003654 -> usertable:user0027081947]
  - [ID: 002650] Size: 15763.23 KB | Range: [usertable:user0027081995 -> usertable:user0028479967]
  - [ID: 002652] Size: 15786.52 KB | Range: [usertable:user0028479968 -> usertable:user0028789409]
  - [ID: 002653] Size:    45.76 KB | Range: [usertable:user0028789410 -> usertable:user0028790349]
  - [ID: 002649] Size: 15770.49 KB | Range: [usertable:user0028790350 -> usertable:user0029099285]
  - [ID: 002651] Size: 15802.68 KB | Range: [usertable:user0029099286 -> usertable:user0029408750]
  - [ID: 002655] Size: 15769.26 KB | Range: [usertable:user0029408751 -> usertable:user0029718126]
  - [ID: 002648] Size: 14356.83 KB | Range: [usertable:user0029718127 -> usertable:user0029999999]
☀️ 【输出阶段 - 拦截并存入 L99 的热数据 SST (Hot)】:
  - [ID: 002654] Size:   191.16 KB | Range: [usertable:user0001520049 -> usertable:user0005699292]
badger 2026/04/10 16:09:29 INFO: 
🔥 [Compact-1] 层级变更: L0 -> L3
📥 【输入阶段 - 被选中的上层 SST (Top)】:
  - [ID: 002656] Size:  1888.37 KB | Range: [usertable:user0000602207 -> usertable:user0028163767]
  - [ID: 002657] Size:  1873.13 KB | Range: [usertable:user0000397761 -> usertable:user0029857014]
  - [ID: 002658] Size:  1881.00 KB | Range: [usertable:user0000120422 -> usertable:user0029752602]
  - [ID: 002659] Size:  1888.20 KB | Range: [usertable:user0000187240 -> usertable:user0029994441]
  - [ID: 002660] Size:  1879.67 KB | Range: [usertable:user0000631292 -> usertable:user0029898345]
📥 【输入阶段 - 涉及的底层 SST (Bot)】:
  - [ID: 002647] Size: 10216.82 KB | Range: [usertable:user0000003654 -> usertable:user0027081947]
  - [ID: 002650] Size: 15763.23 KB | Range: [usertable:user0027081995 -> usertable:user0028479967]
  - [ID: 002652] Size: 15786.52 KB | Range: [usertable:user0028479968 -> usertable:user0028789409]
  - [ID: 002653] Size:    45.76 KB | Range: [usertable:user0028789410 -> usertable:user0028790349]
  - [ID: 002649] Size: 15770.49 KB | Range: [usertable:user0028790350 -> usertable:user0029099285]
  - [ID: 002651] Size: 15802.68 KB | Range: [usertable:user0029099286 -> usertable:user0029408750]
  - [ID: 002655] Size: 15769.26 KB | Range: [usertable:user0029408751 -> usertable:user0029718126]
  - [ID: 002648] Size: 14356.83 KB | Range: [usertable:user0029718127 -> usertable:user0029999999]
📤 【输出阶段 - 生成的新冷数据 SST (New)】:
  - [ID: 002661] Size: 10479.78 KB | Range: [usertable:user0000003654 -> usertable:user0027861841]
  - [ID: 002667] Size: 15790.66 KB | Range: [usertable:user0027861898 -> usertable:user0028484904]
  - [ID: 002668] Size: 15540.97 KB | Range: [usertable:user0028484905 -> usertable:user0028789409]
  - [ID: 002663] Size: 15786.08 KB | Range: [usertable:user0028789410 -> usertable:user0029098706]
  - [ID: 002665] Size: 15765.29 KB | Range: [usertable:user0029098707 -> usertable:user0029407435]
  - [ID: 002666] Size:    66.66 KB | Range: [usertable:user0029407436 -> usertable:user0029408750]
  - [ID: 002662] Size: 15805.76 KB | Range: [usertable:user0029408751 -> usertable:user0029718882]
  - [ID: 002664] Size: 14319.80 KB | Range: [usertable:user0029718883 -> usertable:user0029999999]
☀️ 【输出阶段 - 拦截并存入 L99 的热数据 SST (Hot)】:
  - [ID: 002669] Size:   199.64 KB | Range: [usertable:user0001593005 -> usertable:user0013169877]
badger 2026/04/10 16:09:33 INFO: 
🔥 [Compact-0] 层级变更: L0 -> L3
📥 【输入阶段 - 被选中的上层 SST (Top)】:
  - [ID: 002670] Size:  1879.86 KB | Range: [usertable:user0000609245 -> usertable:user0029979139]
  - [ID: 002671] Size:  1877.91 KB | Range: [usertable:user0000615933 -> usertable:user0029843902]
  - [ID: 002672] Size:  1890.43 KB | Range: [usertable:user0000609264 -> usertable:user0028405490]
  - [ID: 002673] Size:  1889.18 KB | Range: [usertable:user0000385013 -> usertable:user0028190265]
  - [ID: 002674] Size:  1886.34 KB | Range: [usertable:user0000018467 -> usertable:user0029935072]
📥 【输入阶段 - 涉及的底层 SST (Bot)】:
  - [ID: 002661] Size: 10479.78 KB | Range: [usertable:user0000003654 -> usertable:user0027861841]
  - [ID: 002667] Size: 15790.66 KB | Range: [usertable:user0027861898 -> usertable:user0028484904]
  - [ID: 002668] Size: 15540.97 KB | Range: [usertable:user0028484905 -> usertable:user0028789409]
  - [ID: 002663] Size: 15786.08 KB | Range: [usertable:user0028789410 -> usertable:user0029098706]
  - [ID: 002665] Size: 15765.29 KB | Range: [usertable:user0029098707 -> usertable:user0029407435]
  - [ID: 002666] Size:    66.66 KB | Range: [usertable:user0029407436 -> usertable:user0029408750]
  - [ID: 002662] Size: 15805.76 KB | Range: [usertable:user0029408751 -> usertable:user0029718882]
  - [ID: 002664] Size: 14319.80 KB | Range: [usertable:user0029718883 -> usertable:user0029999999]
📤 【输出阶段 - 生成的新冷数据 SST (New)】:
  - [ID: 002675] Size: 10513.43 KB | Range: [usertable:user0000003654 -> usertable:user0027778901]
  - [ID: 002678] Size: 15814.08 KB | Range: [usertable:user0027779107 -> usertable:user0028484403]
  - [ID: 002682] Size: 15565.07 KB | Range: [usertable:user0028484404 -> usertable:user0028789409]
  - [ID: 002677] Size: 15774.49 KB | Range: [usertable:user0028789410 -> usertable:user0029098478]
  - [ID: 002680] Size: 15784.41 KB | Range: [usertable:user0029098479 -> usertable:user0029407572]
  - [ID: 002681] Size:    60.28 KB | Range: [usertable:user0029407573 -> usertable:user0029408750]
  - [ID: 002676] Size: 15770.44 KB | Range: [usertable:user0029408751 -> usertable:user0029718150]
  - [ID: 002679] Size: 14355.25 KB | Range: [usertable:user0029718151 -> usertable:user0029999999]
☀️ 【输出阶段 - 拦截并存入 L99 的热数据 SST (Hot)】:
  - [ID: 002683] Size:   163.03 KB | Range: [usertable:user0001679015 -> usertable:user0005699498]
READ   - Takes(s): 370.0, Count: 2095496, OPS: 5663.5, Avg(us): 221, Min(us): 1, Max(us): 75135, 50th(us): 176, 90th(us): 449, 95th(us): 560, 99th(us): 819, 99.9th(us): 1296, 99.99th(us): 3343
TOTAL  - Takes(s): 370.0, Count: 20742313, OPS: 56060.4, Avg(us): 278, Min(us): 1, Max(us): 92095, 50th(us): 218, 90th(us): 529, 95th(us): 660, 99th(us): 990, 99.9th(us): 1683, 99.99th(us): 44095
UPDATE - Takes(s): 370.0, Count: 18646817, OPS: 50396.9, Avg(us): 285, Min(us): 4, Max(us): 92095, 50th(us): 222, 90th(us): 537, 95th(us): 670, 99th(us): 1005, 99.9th(us): 1715, 99.99th(us): 45535
UPDATE_ERROR - Takes(s): 370.0, Count: 215857, OPS: 583.4, Avg(us): 299, Min(us): 3, Max(us): 76479, 50th(us): 243, 90th(us): 547, 95th(us): 675, 99th(us): 972, 99.9th(us): 1726, 99.99th(us): 6047
badger 2026/04/10 16:09:37 INFO: 
🔥 [Compact-2] 层级变更: L0 -> L3
📥 【输入阶段 - 被选中的上层 SST (Top)】:
  - [ID: 002684] Size:  1878.46 KB | Range: [usertable:user0000454025 -> usertable:user0029998077]
  - [ID: 002685] Size:  1879.07 KB | Range: [usertable:user0000616005 -> usertable:user0029772221]
  - [ID: 002686] Size:  1882.23 KB | Range: [usertable:user0000641157 -> usertable:user0029991336]
  - [ID: 002687] Size:  1877.02 KB | Range: [usertable:user0000625845 -> usertable:user0029889372]
  - [ID: 002688] Size:  1874.21 KB | Range: [usertable:user0000288807 -> usertable:user0028334748]
📥 【输入阶段 - 涉及的底层 SST (Bot)】:
  - [ID: 002675] Size: 10513.43 KB | Range: [usertable:user0000003654 -> usertable:user0027778901]
  - [ID: 002678] Size: 15814.08 KB | Range: [usertable:user0027779107 -> usertable:user0028484403]
  - [ID: 002682] Size: 15565.07 KB | Range: [usertable:user0028484404 -> usertable:user0028789409]
  - [ID: 002677] Size: 15774.49 KB | Range: [usertable:user0028789410 -> usertable:user0029098478]
  - [ID: 002680] Size: 15784.41 KB | Range: [usertable:user0029098479 -> usertable:user0029407572]
  - [ID: 002681] Size:    60.28 KB | Range: [usertable:user0029407573 -> usertable:user0029408750]
  - [ID: 002676] Size: 15770.44 KB | Range: [usertable:user0029408751 -> usertable:user0029718150]
  - [ID: 002679] Size: 14355.25 KB | Range: [usertable:user0029718151 -> usertable:user0029999999]
📤 【输出阶段 - 生成的新冷数据 SST (New)】:
  - [ID: 002689] Size: 10511.71 KB | Range: [usertable:user0000003654 -> usertable:user0027667297]
  - [ID: 002692] Size: 15776.71 KB | Range: [usertable:user0027667312 -> usertable:user0028482296]
  - [ID: 002696] Size: 15667.82 KB | Range: [usertable:user0028482297 -> usertable:user0028789409]
  - [ID: 002691] Size: 15797.44 KB | Range: [usertable:user0028789410 -> usertable:user0029098917]
  - [ID: 002694] Size: 15765.51 KB | Range: [usertable:user0029098918 -> usertable:user0029407681]
  - [ID: 002695] Size:    55.34 KB | Range: [usertable:user0029407682 -> usertable:user0029408750]
  - [ID: 002690] Size: 15778.72 KB | Range: [usertable:user0029408751 -> usertable:user0029718322]
  - [ID: 002693] Size: 14346.69 KB | Range: [usertable:user0029718323 -> usertable:user0029999999]
☀️ 【输出阶段 - 拦截并存入 L99 的热数据 SST (Hot)】:
  - [ID: 002697] Size:   171.91 KB | Range: [usertable:user0001520040 -> usertable:user0005699498]
badger 2026/04/10 16:09:41 INFO: 
🔥 [Compact-0] 层级变更: L0 -> L3
📥 【输入阶段 - 被选中的上层 SST (Top)】:
  - [ID: 002698] Size:  1873.60 KB | Range: [usertable:user0000517988 -> usertable:user0029912617]
  - [ID: 002699] Size:  1891.05 KB | Range: [usertable:user0000604205 -> usertable:user0029857546]
  - [ID: 002700] Size:  1879.38 KB | Range: [usertable:user0000179513 -> usertable:user0029940179]
  - [ID: 002701] Size:  1889.85 KB | Range: [usertable:user0000432677 -> usertable:user0029792194]
  - [ID: 002702] Size:  1866.66 KB | Range: [usertable:user0000099687 -> usertable:user0029986018]
📥 【输入阶段 - 涉及的底层 SST (Bot)】:
  - [ID: 002689] Size: 10511.71 KB | Range: [usertable:user0000003654 -> usertable:user0027667297]
  - [ID: 002692] Size: 15776.71 KB | Range: [usertable:user0027667312 -> usertable:user0028482296]
  - [ID: 002696] Size: 15667.82 KB | Range: [usertable:user0028482297 -> usertable:user0028789409]
  - [ID: 002691] Size: 15797.44 KB | Range: [usertable:user0028789410 -> usertable:user0029098917]
  - [ID: 002694] Size: 15765.51 KB | Range: [usertable:user0029098918 -> usertable:user0029407681]
  - [ID: 002695] Size:    55.34 KB | Range: [usertable:user0029407682 -> usertable:user0029408750]
  - [ID: 002690] Size: 15778.72 KB | Range: [usertable:user0029408751 -> usertable:user0029718322]
  - [ID: 002693] Size: 14346.69 KB | Range: [usertable:user0029718323 -> usertable:user0029999999]
📤 【输出阶段 - 生成的新冷数据 SST (New)】:
  - [ID: 002703] Size: 10488.63 KB | Range: [usertable:user0000003654 -> usertable:user0027353839]
  - [ID: 002706] Size: 15772.48 KB | Range: [usertable:user0027354572 -> usertable:user0028480814]
  - [ID: 002710] Size: 15741.97 KB | Range: [usertable:user0028480815 -> usertable:user0028789409]
  - [ID: 002705] Size: 15791.71 KB | Range: [usertable:user0028789410 -> usertable:user0029098814]
  - [ID: 002708] Size: 15771.67 KB | Range: [usertable:user0029098815 -> usertable:user0029407670]
  - [ID: 002709] Size:    55.87 KB | Range: [usertable:user0029407671 -> usertable:user0029408750]
  - [ID: 002704] Size: 15805.94 KB | Range: [usertable:user0029408751 -> usertable:user0029718884]
  - [ID: 002707] Size: 14319.72 KB | Range: [usertable:user0029718885 -> usertable:user0029999999]
☀️ 【输出阶段 - 拦截并存入 L99 的热数据 SST (Hot)】:
  - [ID: 002711] Size:   179.00 KB | Range: [usertable:user0001679015 -> usertable:user0005699488]
READ   - Takes(s): 380.0, Count: 2148337, OPS: 5653.5, Avg(us): 222, Min(us): 1, Max(us): 75135, 50th(us): 176, 90th(us): 450, 95th(us): 563, 99th(us): 824, 99.9th(us): 1305, 99.99th(us): 3531
TOTAL  - Takes(s): 380.0, Count: 21263187, OPS: 55955.8, Avg(us): 279, Min(us): 1, Max(us): 92095, 50th(us): 218, 90th(us): 530, 95th(us): 663, 99th(us): 996, 99.9th(us): 1690, 99.99th(us): 43775
UPDATE - Takes(s): 380.0, Count: 19114850, OPS: 50302.3, Avg(us): 285, Min(us): 4, Max(us): 92095, 50th(us): 222, 90th(us): 539, 95th(us): 673, 99th(us): 1011, 99.9th(us): 1723, 99.99th(us): 45471
UPDATE_ERROR - Takes(s): 380.0, Count: 221938, OPS: 584.1, Avg(us): 300, Min(us): 3, Max(us): 79551, 50th(us): 244, 90th(us): 549, 95th(us): 678, 99th(us): 979, 99.9th(us): 1747, 99.99th(us): 6071
badger 2026/04/10 16:09:45 INFO: 
🔥 [Compact-2] 层级变更: L0 -> L3
📥 【输入阶段 - 被选中的上层 SST (Top)】:
  - [ID: 002712] Size:  1888.71 KB | Range: [usertable:user0000605925 -> usertable:user0029931436]
  - [ID: 002713] Size:  1880.87 KB | Range: [usertable:user0000603266 -> usertable:user0028344315]
  - [ID: 002714] Size:  1870.71 KB | Range: [usertable:user0000677179 -> usertable:user0029935072]
  - [ID: 002715] Size:  1880.12 KB | Range: [usertable:user0000063219 -> usertable:user0029957350]
  - [ID: 002716] Size:  1872.55 KB | Range: [usertable:user0000564537 -> usertable:user0029725936]
📥 【输入阶段 - 涉及的底层 SST (Bot)】:
  - [ID: 002703] Size: 10488.63 KB | Range: [usertable:user0000003654 -> usertable:user0027353839]
  - [ID: 002706] Size: 15772.48 KB | Range: [usertable:user0027354572 -> usertable:user0028480814]
  - [ID: 002710] Size: 15741.97 KB | Range: [usertable:user0028480815 -> usertable:user0028789409]
  - [ID: 002705] Size: 15791.71 KB | Range: [usertable:user0028789410 -> usertable:user0029098814]
  - [ID: 002708] Size: 15771.67 KB | Range: [usertable:user0029098815 -> usertable:user0029407670]
  - [ID: 002709] Size:    55.87 KB | Range: [usertable:user0029407671 -> usertable:user0029408750]
  - [ID: 002704] Size: 15805.94 KB | Range: [usertable:user0029408751 -> usertable:user0029718884]
  - [ID: 002707] Size: 14319.72 KB | Range: [usertable:user0029718885 -> usertable:user0029999999]
📤 【输出阶段 - 生成的新冷数据 SST (New)】:
  - [ID: 002717] Size: 10483.69 KB | Range: [usertable:user0000003654 -> usertable:user0027059875]
  - [ID: 002720] Size: 15800.38 KB | Range: [usertable:user0027059904 -> usertable:user0028479997]
  - [ID: 002723] Size: 15766.10 KB | Range: [usertable:user0028479998 -> usertable:user0028789076]
  - [ID: 002724] Size:    17.78 KB | Range: [usertable:user0028789077 -> usertable:user0028789409]
  - [ID: 002719] Size: 15765.53 KB | Range: [usertable:user0028789410 -> usertable:user0029098295]
  - [ID: 002722] Size: 15852.37 KB | Range: [usertable:user0029098296 -> usertable:user0029408750]
  - [ID: 002718] Size: 15763.65 KB | Range: [usertable:user0029408751 -> usertable:user0029718019]
  - [ID: 002721] Size: 14362.43 KB | Range: [usertable:user0029718020 -> usertable:user0029999999]
☀️ 【输出阶段 - 拦截并存入 L99 的热数据 SST (Hot)】:
  - [ID: 002725] Size:   187.93 KB | Range: [usertable:user0001520006 -> usertable:user0005699498]
badger 2026/04/10 16:09:49 INFO: 
🔥 [Compact-0] 层级变更: L0 -> L3
📥 【输入阶段 - 被选中的上层 SST (Top)】:
  - [ID: 002726] Size:  1881.96 KB | Range: [usertable:user0000181515 -> usertable:user0029672474]
  - [ID: 002727] Size:  1873.37 KB | Range: [usertable:user0000085966 -> usertable:user0029935072]
  - [ID: 002728] Size:  1877.51 KB | Range: [usertable:user0000341425 -> usertable:user0029952870]
  - [ID: 002729] Size:  1880.80 KB | Range: [usertable:user0000621500 -> usertable:user0029873275]
  - [ID: 002730] Size:  1878.46 KB | Range: [usertable:user0000277687 -> usertable:user0029979062]
📥 【输入阶段 - 涉及的底层 SST (Bot)】:
  - [ID: 002717] Size: 10483.69 KB | Range: [usertable:user0000003654 -> usertable:user0027059875]
  - [ID: 002720] Size: 15800.38 KB | Range: [usertable:user0027059904 -> usertable:user0028479997]
  - [ID: 002723] Size: 15766.10 KB | Range: [usertable:user0028479998 -> usertable:user0028789076]
  - [ID: 002724] Size:    17.78 KB | Range: [usertable:user0028789077 -> usertable:user0028789409]
  - [ID: 002719] Size: 15765.53 KB | Range: [usertable:user0028789410 -> usertable:user0029098295]
  - [ID: 002722] Size: 15852.37 KB | Range: [usertable:user0029098296 -> usertable:user0029408750]
  - [ID: 002718] Size: 15763.65 KB | Range: [usertable:user0029408751 -> usertable:user0029718019]
  - [ID: 002721] Size: 14362.43 KB | Range: [usertable:user0029718020 -> usertable:user0029999999]
📤 【输出阶段 - 生成的新冷数据 SST (New)】:
  - [ID: 002731] Size: 10787.65 KB | Range: [usertable:user0000003654 -> usertable:user0027855344]
  - [ID: 002735] Size: 15800.50 KB | Range: [usertable:user0027855881 -> usertable:user0028484687]
  - [ID: 002738] Size: 15534.58 KB | Range: [usertable:user0028484688 -> usertable:user0028789076]
  - [ID: 002733] Size: 15766.30 KB | Range: [usertable:user0028789077 -> usertable:user0029097954]
  - [ID: 002736] Size: 15793.28 KB | Range: [usertable:user0029097955 -> usertable:user0029407247]
  - [ID: 002737] Size:    76.30 KB | Range: [usertable:user0029407248 -> usertable:user0029408750]
  - [ID: 002732] Size: 15765.45 KB | Range: [usertable:user0029408751 -> usertable:user0029718060]
  - [ID: 002734] Size: 14360.01 KB | Range: [usertable:user0029718061 -> usertable:user0029999999]
☀️ 【输出阶段 - 拦截并存入 L99 的热数据 SST (Hot)】:
  - [ID: 002739] Size:   164.17 KB | Range: [usertable:user0001558089 -> usertable:user0005699498]
badger 2026/04/10 16:09:53 INFO: 
🔥 [Compact-2] 层级变更: L0 -> L3
📥 【输入阶段 - 被选中的上层 SST (Top)】:
  - [ID: 002740] Size:  1881.29 KB | Range: [usertable:user0000604736 -> usertable:user0029974424]
  - [ID: 002741] Size:  1869.78 KB | Range: [usertable:user0000601742 -> usertable:user0028199947]
  - [ID: 002742] Size:  1882.21 KB | Range: [usertable:user0000614026 -> usertable:user0029794556]
  - [ID: 002743] Size:  1874.03 KB | Range: [usertable:user0000609561 -> usertable:user0029952070]
  - [ID: 002744] Size:  1883.97 KB | Range: [usertable:user0000330608 -> usertable:user0029920101]
📥 【输入阶段 - 涉及的底层 SST (Bot)】:
  - [ID: 002731] Size: 10787.65 KB | Range: [usertable:user0000003654 -> usertable:user0027855344]
  - [ID: 002735] Size: 15800.50 KB | Range: [usertable:user0027855881 -> usertable:user0028484687]
  - [ID: 002738] Size: 15534.58 KB | Range: [usertable:user0028484688 -> usertable:user0028789076]
  - [ID: 002733] Size: 15766.30 KB | Range: [usertable:user0028789077 -> usertable:user0029097954]
  - [ID: 002736] Size: 15793.28 KB | Range: [usertable:user0029097955 -> usertable:user0029407247]
  - [ID: 002737] Size:    76.30 KB | Range: [usertable:user0029407248 -> usertable:user0029408750]
  - [ID: 002732] Size: 15765.45 KB | Range: [usertable:user0029408751 -> usertable:user0029718060]
  - [ID: 002734] Size: 14360.01 KB | Range: [usertable:user0029718061 -> usertable:user0029999999]
📤 【输出阶段 - 生成的新冷数据 SST (New)】:
  - [ID: 002745] Size: 10755.49 KB | Range: [usertable:user0000003654 -> usertable:user0027747985]
  - [ID: 002750] Size: 15822.77 KB | Range: [usertable:user0027748105 -> usertable:user0028483825]
  - [ID: 002752] Size: 15575.22 KB | Range: [usertable:user0028483826 -> usertable:user0028789076]
  - [ID: 002746] Size: 15803.32 KB | Range: [usertable:user0028789077 -> usertable:user0029098700]
  - [ID: 002748] Size: 15778.99 KB | Range: [usertable:user0029098701 -> usertable:user0029407732]
  - [ID: 002749] Size:    53.20 KB | Range: [usertable:user0029407733 -> usertable:user0029408750]
  - [ID: 002747] Size: 15771.22 KB | Range: [usertable:user0029408751 -> usertable:user0029718165]
  - [ID: 002751] Size: 14354.56 KB | Range: [usertable:user0029718166 -> usertable:user0029999999]
☀️ 【输出阶段 - 拦截并存入 L99 的热数据 SST (Hot)】:
  - [ID: 002753] Size:   193.56 KB | Range: [usertable:user0001520006 -> usertable:user0005699292]
READ   - Takes(s): 390.0, Count: 2198978, OPS: 5638.4, Avg(us): 222, Min(us): 1, Max(us): 75135, 50th(us): 177, 90th(us): 452, 95th(us): 565, 99th(us): 830, 99.9th(us): 1316, 99.99th(us): 3509
TOTAL  - Takes(s): 390.0, Count: 21764642, OPS: 55806.9, Avg(us): 280, Min(us): 1, Max(us): 92095, 50th(us): 218, 90th(us): 532, 95th(us): 667, 99th(us): 1002, 99.9th(us): 1700, 99.99th(us): 43551
UPDATE - Takes(s): 390.0, Count: 19565664, OPS: 50168.5, Avg(us): 286, Min(us): 4, Max(us): 92095, 50th(us): 223, 90th(us): 541, 95th(us): 677, 99th(us): 1017, 99.9th(us): 1733, 99.99th(us): 45343
UPDATE_ERROR - Takes(s): 390.0, Count: 227887, OPS: 584.3, Avg(us): 302, Min(us): 3, Max(us): 79551, 50th(us): 245, 90th(us): 552, 95th(us): 683, 99th(us): 990, 99.9th(us): 1761, 99.99th(us): 6071
badger 2026/04/10 16:09:57 INFO: 
🔥 [Compact-0] 层级变更: L0 -> L3
📥 【输入阶段 - 被选中的上层 SST (Top)】:
  - [ID: 002754] Size:  1867.32 KB | Range: [usertable:user0000632993 -> usertable:user0028193901]
  - [ID: 002755] Size:  1878.51 KB | Range: [usertable:user0000608291 -> usertable:user0029940385]
  - [ID: 002756] Size:  1873.25 KB | Range: [usertable:user0000169155 -> usertable:user0029981386]
  - [ID: 002757] Size:  1880.67 KB | Range: [usertable:user0000085089 -> usertable:user0029885745]
  - [ID: 002758] Size:  1883.19 KB | Range: [usertable:user0000619195 -> usertable:user0029843150]
📥 【输入阶段 - 涉及的底层 SST (Bot)】:
  - [ID: 002745] Size: 10755.49 KB | Range: [usertable:user0000003654 -> usertable:user0027747985]
  - [ID: 002750] Size: 15822.77 KB | Range: [usertable:user0027748105 -> usertable:user0028483825]
  - [ID: 002752] Size: 15575.22 KB | Range: [usertable:user0028483826 -> usertable:user0028789076]
  - [ID: 002746] Size: 15803.32 KB | Range: [usertable:user0028789077 -> usertable:user0029098700]
  - [ID: 002748] Size: 15778.99 KB | Range: [usertable:user0029098701 -> usertable:user0029407732]
  - [ID: 002749] Size:    53.20 KB | Range: [usertable:user0029407733 -> usertable:user0029408750]
  - [ID: 002747] Size: 15771.22 KB | Range: [usertable:user0029408751 -> usertable:user0029718165]
  - [ID: 002751] Size: 14354.56 KB | Range: [usertable:user0029718166 -> usertable:user0029999999]
📤 【输出阶段 - 生成的新冷数据 SST (New)】:
  - [ID: 002759] Size: 10796.65 KB | Range: [usertable:user0000003654 -> usertable:user0027639252]
  - [ID: 002763] Size: 15788.70 KB | Range: [usertable:user0027639448 -> usertable:user0028481811]
  - [ID: 002766] Size: 15674.36 KB | Range: [usertable:user0028481812 -> usertable:user0028789076]
  - [ID: 002761] Size: 15800.35 KB | Range: [usertable:user0028789077 -> usertable:user0029098639]
  - [ID: 002764] Size: 15771.37 KB | Range: [usertable:user0029098640 -> usertable:user0029407494]
  - [ID: 002765] Size:    64.08 KB | Range: [usertable:user0029407495 -> usertable:user0029408750]
  - [ID: 002760] Size: 15767.05 KB | Range: [usertable:user0029408751 -> usertable:user0029718091]
  - [ID: 002762] Size: 14358.61 KB | Range: [usertable:user0029718092 -> usertable:user0029999999]
☀️ 【输出阶段 - 拦截并存入 L99 的热数据 SST (Hot)】:
  - [ID: 002767] Size:   166.59 KB | Range: [usertable:user0001679236 -> usertable:user0005699886]
badger 2026/04/10 16:10:01 INFO: 
🔥 [Compact-2] 层级变更: L0 -> L3
📥 【输入阶段 - 被选中的上层 SST (Top)】:
  - [ID: 002768] Size:  1871.46 KB | Range: [usertable:user0000047759 -> usertable:user0029761911]
  - [ID: 002769] Size:  1884.55 KB | Range: [usertable:user0000627814 -> usertable:user0029979249]
  - [ID: 002770] Size:  1877.59 KB | Range: [usertable:user0000625677 -> usertable:user0029962548]
  - [ID: 002771] Size:  1891.58 KB | Range: [usertable:user0000139614 -> usertable:user0029825232]
  - [ID: 002772] Size:  1870.02 KB | Range: [usertable:user0000603481 -> usertable:user0029771833]
📥 【输入阶段 - 涉及的底层 SST (Bot)】:
  - [ID: 002759] Size: 10796.65 KB | Range: [usertable:user0000003654 -> usertable:user0027639252]
  - [ID: 002763] Size: 15788.70 KB | Range: [usertable:user0027639448 -> usertable:user0028481811]
  - [ID: 002766] Size: 15674.36 KB | Range: [usertable:user0028481812 -> usertable:user0028789076]
  - [ID: 002761] Size: 15800.35 KB | Range: [usertable:user0028789077 -> usertable:user0029098639]
  - [ID: 002764] Size: 15771.37 KB | Range: [usertable:user0029098640 -> usertable:user0029407494]
  - [ID: 002765] Size:    64.08 KB | Range: [usertable:user0029407495 -> usertable:user0029408750]
  - [ID: 002760] Size: 15767.05 KB | Range: [usertable:user0029408751 -> usertable:user0029718091]
  - [ID: 002762] Size: 14358.61 KB | Range: [usertable:user0029718092 -> usertable:user0029999999]
📤 【输出阶段 - 生成的新冷数据 SST (New)】:
  - [ID: 002773] Size: 10789.41 KB | Range: [usertable:user0000003654 -> usertable:user0027253494]
  - [ID: 002776] Size: 15854.52 KB | Range: [usertable:user0027253690 -> usertable:user0028481677]
  - [ID: 002780] Size: 15681.10 KB | Range: [usertable:user0028481678 -> usertable:user0028789076]
  - [ID: 002775] Size: 15785.62 KB | Range: [usertable:user0028789077 -> usertable:user0029098347]
  - [ID: 002778] Size: 15788.96 KB | Range: [usertable:user0029098348 -> usertable:user0029407535]
  - [ID: 002779] Size:    62.22 KB | Range: [usertable:user0029407536 -> usertable:user0029408750]
  - [ID: 002774] Size: 15828.20 KB | Range: [usertable:user0029408751 -> usertable:user0029719330]
  - [ID: 002777] Size: 14297.28 KB | Range: [usertable:user0029719331 -> usertable:user0029999999]
☀️ 【输出阶段 - 拦截并存入 L99 的热数据 SST (Hot)】:
  - [ID: 002781] Size:   158.66 KB | Range: [usertable:user0001520040 -> usertable:user0005699886]
READ   - Takes(s): 400.0, Count: 2251336, OPS: 5628.4, Avg(us): 223, Min(us): 1, Max(us): 75135, 50th(us): 177, 90th(us): 453, 95th(us): 568, 99th(us): 835, 99.9th(us): 1325, 99.99th(us): 3581
TOTAL  - Takes(s): 400.0, Count: 22283238, OPS: 55708.2, Avg(us): 280, Min(us): 1, Max(us): 92095, 50th(us): 218, 90th(us): 534, 95th(us): 670, 99th(us): 1008, 99.9th(us): 1706, 99.99th(us): 43167
UPDATE - Takes(s): 400.0, Count: 20031902, OPS: 50079.8, Avg(us): 287, Min(us): 4, Max(us): 92095, 50th(us): 223, 90th(us): 542, 95th(us): 680, 99th(us): 1023, 99.9th(us): 1738, 99.99th(us): 45023
UPDATE_ERROR - Takes(s): 400.0, Count: 234002, OPS: 585.0, Avg(us): 303, Min(us): 3, Max(us): 79551, 50th(us): 246, 90th(us): 554, 95th(us): 685, 99th(us): 997, 99.9th(us): 1763, 99.99th(us): 7159
badger 2026/04/10 16:10:05 INFO: 
🔥 [Compact-0] 层级变更: L0 -> L3
📥 【输入阶段 - 被选中的上层 SST (Top)】:
  - [ID: 002782] Size:  1879.02 KB | Range: [usertable:user0000352813 -> usertable:user0029984845]
  - [ID: 002783] Size:  1878.45 KB | Range: [usertable:user0000466122 -> usertable:user0029700645]
  - [ID: 002784] Size:  1889.43 KB | Range: [usertable:user0000618218 -> usertable:user0029796592]
  - [ID: 002785] Size:  1883.25 KB | Range: [usertable:user0000608976 -> usertable:user0029913556]
  - [ID: 002786] Size:  1871.62 KB | Range: [usertable:user0000586776 -> usertable:user0029974822]
📥 【输入阶段 - 涉及的底层 SST (Bot)】:
  - [ID: 002773] Size: 10789.41 KB | Range: [usertable:user0000003654 -> usertable:user0027253494]
  - [ID: 002776] Size: 15854.52 KB | Range: [usertable:user0027253690 -> usertable:user0028481677]
  - [ID: 002780] Size: 15681.10 KB | Range: [usertable:user0028481678 -> usertable:user0028789076]
  - [ID: 002775] Size: 15785.62 KB | Range: [usertable:user0028789077 -> usertable:user0029098347]
  - [ID: 002778] Size: 15788.96 KB | Range: [usertable:user0029098348 -> usertable:user0029407535]
  - [ID: 002779] Size:    62.22 KB | Range: [usertable:user0029407536 -> usertable:user0029408750]
  - [ID: 002774] Size: 15828.20 KB | Range: [usertable:user0029408751 -> usertable:user0029719330]
  - [ID: 002777] Size: 14297.28 KB | Range: [usertable:user0029719331 -> usertable:user0029999999]
📤 【输出阶段 - 生成的新冷数据 SST (New)】:
  - [ID: 002787] Size: 10767.54 KB | Range: [usertable:user0000003654 -> usertable:user0027022310]
  - [ID: 002791] Size: 15784.14 KB | Range: [usertable:user0027022320 -> usertable:user0028479008]
  - [ID: 002794] Size: 15778.91 KB | Range: [usertable:user0028479009 -> usertable:user0028788326]
  - [ID: 002795] Size:    36.13 KB | Range: [usertable:user0028788327 -> usertable:user0028789076]
  - [ID: 002789] Size: 15790.04 KB | Range: [usertable:user0028789077 -> usertable:user0029098436]
  - [ID: 002792] Size: 15782.58 KB | Range: [usertable:user0029098437 -> usertable:user0029407513]
  - [ID: 002793] Size:    63.10 KB | Range: [usertable:user0029407514 -> usertable:user0029408750]
  - [ID: 002788] Size: 15904.84 KB | Range: [usertable:user0029408751 -> usertable:user0029720826]
  - [ID: 002790] Size: 14220.58 KB | Range: [usertable:user0029720827 -> usertable:user0029999999]
☀️ 【输出阶段 - 拦截并存入 L99 的热数据 SST (Hot)】:
  - [ID: 002796] Size:   172.47 KB | Range: [usertable:user0001679255 -> usertable:user0005699498]
badger 2026/04/10 16:10:05 INFO: 
🔥 [Compact-0] 层级变更: L3 -> L4
📥 【输入阶段 - 被选中的上层 SST (Top)】:
  - [ID: 002795] Size:    36.13 KB | Range: [usertable:user0028788327 -> usertable:user0028789076]
📥 【输入阶段 - 涉及的底层 SST (Bot)】:
  None
📤 【输出阶段 - 生成的新冷数据 SST (New)】:
  - [ID: 002797] Size:    36.13 KB | Range: [usertable:user0028788327 -> usertable:user0028789076]
badger 2026/04/10 16:10:09 INFO: 
🔥 [Compact-0] 层级变更: L0 -> L3
📥 【输入阶段 - 被选中的上层 SST (Top)】:
  - [ID: 002798] Size:  1884.65 KB | Range: [usertable:user0000199534 -> usertable:user0029935072]
  - [ID: 002799] Size:  1873.17 KB | Range: [usertable:user0000611142 -> usertable:user0029873275]
  - [ID: 002800] Size:  1889.02 KB | Range: [usertable:user0000606902 -> usertable:user0028199957]
  - [ID: 002801] Size:  1878.57 KB | Range: [usertable:user0000124058 -> usertable:user0029935072]
  - [ID: 002802] Size:  1885.48 KB | Range: [usertable:user0000387815 -> usertable:user0029948611]
📥 【输入阶段 - 涉及的底层 SST (Bot)】:
  - [ID: 002787] Size: 10767.54 KB | Range: [usertable:user0000003654 -> usertable:user0027022310]
  - [ID: 002791] Size: 15784.14 KB | Range: [usertable:user0027022320 -> usertable:user0028479008]
  - [ID: 002794] Size: 15778.91 KB | Range: [usertable:user0028479009 -> usertable:user0028788326]
  - [ID: 002789] Size: 15790.04 KB | Range: [usertable:user0028789077 -> usertable:user0029098436]
  - [ID: 002792] Size: 15782.58 KB | Range: [usertable:user0029098437 -> usertable:user0029407513]
  - [ID: 002793] Size:    63.10 KB | Range: [usertable:user0029407514 -> usertable:user0029408750]
  - [ID: 002788] Size: 15904.84 KB | Range: [usertable:user0029408751 -> usertable:user0029720826]
  - [ID: 002790] Size: 14220.58 KB | Range: [usertable:user0029720827 -> usertable:user0029999999]
📤 【输出阶段 - 生成的新冷数据 SST (New)】:
  - [ID: 002803] Size: 11043.69 KB | Range: [usertable:user0000003654 -> usertable:user0027809903]
  - [ID: 002809] Size: 15855.84 KB | Range: [usertable:user0027809994 -> usertable:user0028484881]
  - [ID: 002810] Size: 15488.05 KB | Range: [usertable:user0028484882 -> usertable:user0028788326]
  - [ID: 002805] Size: 15791.21 KB | Range: [usertable:user0028789077 -> usertable:user0029098460]
  - [ID: 002807] Size: 15779.90 KB | Range: [usertable:user0029098461 -> usertable:user0029407457]
  - [ID: 002808] Size:    65.72 KB | Range: [usertable:user0029407458 -> usertable:user0029408750]
  - [ID: 002804] Size: 15776.05 KB | Range: [usertable:user0029408751 -> usertable:user0029718265]
  - [ID: 002806] Size: 14348.92 KB | Range: [usertable:user0029718266 -> usertable:user0029999999]
☀️ 【输出阶段 - 拦截并存入 L99 的热数据 SST (Hot)】:
  - [ID: 002811] Size:   170.05 KB | Range: [usertable:user0001520006 -> usertable:user0005699498]
badger 2026/04/10 16:10:09 INFO: 
🔥 [Compact-0] 层级变更: L3 -> L4
📥 【输入阶段 - 被选中的上层 SST (Top)】:
  - [ID: 002808] Size:    65.72 KB | Range: [usertable:user0029407458 -> usertable:user0029408750]
📥 【输入阶段 - 涉及的底层 SST (Bot)】:
  None
📤 【输出阶段 - 生成的新冷数据 SST (New)】:
  - [ID: 002812] Size:    65.72 KB | Range: [usertable:user0029407458 -> usertable:user0029408750]
badger 2026/04/10 16:10:13 INFO: 
🔥 [Compact-2] 层级变更: L0 -> L3
📥 【输入阶段 - 被选中的上层 SST (Top)】:
  - [ID: 002813] Size:  1870.47 KB | Range: [usertable:user0000553546 -> usertable:user0029778554]
  - [ID: 002814] Size:  1884.67 KB | Range: [usertable:user0000607740 -> usertable:user0028180477]
  - [ID: 002815] Size:  1889.74 KB | Range: [usertable:user0000627656 -> usertable:user0029930200]
  - [ID: 002816] Size:  1866.81 KB | Range: [usertable:user0000378162 -> usertable:user0029814668]
  - [ID: 002817] Size:  1895.39 KB | Range: [usertable:user0000635839 -> usertable:user0029959788]
📥 【输入阶段 - 涉及的底层 SST (Bot)】:
  - [ID: 002803] Size: 11043.69 KB | Range: [usertable:user0000003654 -> usertable:user0027809903]
  - [ID: 002809] Size: 15855.84 KB | Range: [usertable:user0027809994 -> usertable:user0028484881]
  - [ID: 002810] Size: 15488.05 KB | Range: [usertable:user0028484882 -> usertable:user0028788326]
  - [ID: 002805] Size: 15791.21 KB | Range: [usertable:user0028789077 -> usertable:user0029098460]
  - [ID: 002807] Size: 15779.90 KB | Range: [usertable:user0029098461 -> usertable:user0029407457]
  - [ID: 002804] Size: 15776.05 KB | Range: [usertable:user0029408751 -> usertable:user0029718265]
  - [ID: 002806] Size: 14348.92 KB | Range: [usertable:user0029718266 -> usertable:user0029999999]
📤 【输出阶段 - 生成的新冷数据 SST (New)】:
  - [ID: 002819] Size: 11067.83 KB | Range: [usertable:user0000003654 -> usertable:user0027702098]
  - [ID: 002821] Size: 15769.67 KB | Range: [usertable:user0027702209 -> usertable:user0028481798]
  - [ID: 002823] Size: 15638.79 KB | Range: [usertable:user0028481799 -> usertable:user0028788326]
  - [ID: 002820] Size: 15774.46 KB | Range: [usertable:user0028789077 -> usertable:user0029098125]
  - [ID: 002822] Size: 15791.84 KB | Range: [usertable:user0029098126 -> usertable:user0029407349]
  - [ID: 002825] Size: 15768.17 KB | Range: [usertable:user0029407350 -> usertable:user0029718014]
  - [ID: 002826] Size:    12.91 KB | Range: [usertable:user0029718015 -> usertable:user0029718265]
  - [ID: 002818] Size: 14348.89 KB | Range: [usertable:user0029718266 -> usertable:user0029999999]
☀️ 【输出阶段 - 拦截并存入 L99 的热数据 SST (Hot)】:
  - [ID: 002824] Size:   185.76 KB | Range: [usertable:user0001558079 -> usertable:user0005699498]
badger 2026/04/10 16:10:13 INFO: 
🔥 [Compact-2] 层级变更: L3 -> L4
📥 【输入阶段 - 被选中的上层 SST (Top)】:
  - [ID: 002826] Size:    12.91 KB | Range: [usertable:user0029718015 -> usertable:user0029718265]
📥 【输入阶段 - 涉及的底层 SST (Bot)】:
  None
📤 【输出阶段 - 生成的新冷数据 SST (New)】:
  - [ID: 002827] Size:    12.91 KB | Range: [usertable:user0029718015 -> usertable:user0029718265]
badger 2026/04/10 16:10:13 INFO: 
🔥 [Compact-0] 层级变更: L3 -> L4
📥 【输入阶段 - 被选中的上层 SST (Top)】:
  - [ID: 002820] Size: 15774.46 KB | Range: [usertable:user0028789077 -> usertable:user0029098125]
📥 【输入阶段 - 涉及的底层 SST (Bot)】:
  None
📤 【输出阶段 - 生成的新冷数据 SST (New)】:
  - [ID: 002828] Size: 15774.46 KB | Range: [usertable:user0028789077 -> usertable:user0029098125]
badger 2026/04/10 16:10:13 INFO: 
🔥 [Compact-0] 层级变更: L4 -> L5
📥 【输入阶段 - 被选中的上层 SST (Top)】:
  - [ID: 001101] Size:  8360.55 KB | Range: [usertable:user0024393512 -> usertable:user0024556881]
📥 【输入阶段 - 涉及的底层 SST (Bot)】:
  None
📤 【输出阶段 - 生成的新冷数据 SST (New)】:
  - [ID: 002830] Size:  8360.55 KB | Range: [usertable:user0024393512 -> usertable:user0024556881]
badger 2026/04/10 16:10:14 INFO: 
🔥 [Compact-0] 层级变更: L5 -> L6
📥 【输入阶段 - 被选中的上层 SST (Top)】:
  - [ID: 000844] Size: 22611.33 KB | Range: [usertable:user0016276479 -> usertable:user0016719141]
📥 【输入阶段 - 涉及的底层 SST (Bot)】:
  None
📤 【输出阶段 - 生成的新冷数据 SST (New)】:
  - [ID: 002831] Size: 22611.33 KB | Range: [usertable:user0016276479 -> usertable:user0016719141]
READ   - Takes(s): 410.0, Count: 2301319, OPS: 5613.0, Avg(us): 224, Min(us): 1, Max(us): 75135, 50th(us): 177, 90th(us): 454, 95th(us): 571, 99th(us): 841, 99.9th(us): 1334, 99.99th(us): 3633
TOTAL  - Takes(s): 410.0, Count: 22777310, OPS: 55554.4, Avg(us): 281, Min(us): 1, Max(us): 92095, 50th(us): 218, 90th(us): 536, 95th(us): 673, 99th(us): 1015, 99.9th(us): 1718, 99.99th(us): 43167
UPDATE - Takes(s): 410.0, Count: 20475991, OPS: 49941.5, Avg(us): 287, Min(us): 4, Max(us): 92095, 50th(us): 223, 90th(us): 545, 95th(us): 684, 99th(us): 1030, 99.9th(us): 1751, 99.99th(us): 45023
UPDATE_ERROR - Takes(s): 410.0, Count: 239766, OPS: 584.8, Avg(us): 305, Min(us): 3, Max(us): 79551, 50th(us): 247, 90th(us): 557, 95th(us): 690, 99th(us): 1007, 99.9th(us): 1800, 99.99th(us): 7159
badger 2026/04/10 16:10:17 INFO: 
🔥 [Compact-1] 层级变更: L0 -> L3
📥 【输入阶段 - 被选中的上层 SST (Top)】:
  - [ID: 002829] Size:  1883.46 KB | Range: [usertable:user0000620182 -> usertable:user0028184660]
  - [ID: 002832] Size:  1884.83 KB | Range: [usertable:user0000472336 -> usertable:user0029800832]
  - [ID: 002833] Size:  1876.26 KB | Range: [usertable:user0000293018 -> usertable:user0028323877]
  - [ID: 002834] Size:  1880.74 KB | Range: [usertable:user0000612407 -> usertable:user0029864795]
  - [ID: 002835] Size:  1878.85 KB | Range: [usertable:user0000316374 -> usertable:user0028195909]
📥 【输入阶段 - 涉及的底层 SST (Bot)】:
  - [ID: 002819] Size: 11067.83 KB | Range: [usertable:user0000003654 -> usertable:user0027702098]
  - [ID: 002821] Size: 15769.67 KB | Range: [usertable:user0027702209 -> usertable:user0028481798]
  - [ID: 002823] Size: 15638.79 KB | Range: [usertable:user0028481799 -> usertable:user0028788326]
  - [ID: 002822] Size: 15791.84 KB | Range: [usertable:user0029098126 -> usertable:user0029407349]
  - [ID: 002825] Size: 15768.17 KB | Range: [usertable:user0029407350 -> usertable:user0029718014]
  - [ID: 002818] Size: 14348.89 KB | Range: [usertable:user0029718266 -> usertable:user0029999999]
📤 【输出阶段 - 生成的新冷数据 SST (New)】:
  - [ID: 002836] Size: 11081.08 KB | Range: [usertable:user0000003654 -> usertable:user0027614248]
  - [ID: 002838] Size: 15773.28 KB | Range: [usertable:user0027614334 -> usertable:user0028480792]
  - [ID: 002840] Size: 15689.24 KB | Range: [usertable:user0028480793 -> usertable:user0028788326]
  - [ID: 002837] Size: 15812.43 KB | Range: [usertable:user0029098126 -> usertable:user0029409066]
  - [ID: 002839] Size: 15783.15 KB | Range: [usertable:user0029409067 -> usertable:user0029718993]
  - [ID: 002842] Size: 14313.56 KB | Range: [usertable:user0029718994 -> usertable:user0029999999]
☀️ 【输出阶段 - 拦截并存入 L99 的热数据 SST (Hot)】:
  - [ID: 002841] Size:   155.91 KB | Range: [usertable:user0001558017 -> usertable:user0005699498]
badger 2026/04/10 16:10:21 INFO: 
🔥 [Compact-0] 层级变更: L0 -> L3
📥 【输入阶段 - 被选中的上层 SST (Top)】:
  - [ID: 002843] Size:  1877.03 KB | Range: [usertable:user0000253034 -> usertable:user0029983609]
  - [ID: 002844] Size:  1876.64 KB | Range: [usertable:user0000539293 -> usertable:user0029954514]
  - [ID: 002845] Size:  1873.91 KB | Range: [usertable:user0000121984 -> usertable:user0029975771]
  - [ID: 002846] Size:  1888.58 KB | Range: [usertable:user0000658509 -> usertable:user0028439836]
  - [ID: 002847] Size:  1866.73 KB | Range: [usertable:user0000607908 -> usertable:user0029979752]
📥 【输入阶段 - 涉及的底层 SST (Bot)】:
  - [ID: 002836] Size: 11081.08 KB | Range: [usertable:user0000003654 -> usertable:user0027614248]
  - [ID: 002838] Size: 15773.28 KB | Range: [usertable:user0027614334 -> usertable:user0028480792]
  - [ID: 002840] Size: 15689.24 KB | Range: [usertable:user0028480793 -> usertable:user0028788326]
  - [ID: 002837] Size: 15812.43 KB | Range: [usertable:user0029098126 -> usertable:user0029409066]
  - [ID: 002839] Size: 15783.15 KB | Range: [usertable:user0029409067 -> usertable:user0029718993]
  - [ID: 002842] Size: 14313.56 KB | Range: [usertable:user0029718994 -> usertable:user0029999999]
📤 【输出阶段 - 生成的新冷数据 SST (New)】:
  - [ID: 002848] Size: 11059.23 KB | Range: [usertable:user0000003654 -> usertable:user0027192578]
  - [ID: 002850] Size: 15766.28 KB | Range: [usertable:user0027192664 -> usertable:user0028479088]
  - [ID: 002853] Size: 15766.55 KB | Range: [usertable:user0028479089 -> usertable:user0028788127]
  - [ID: 002854] Size:     8.92 KB | Range: [usertable:user0028788128 -> usertable:user0028788326]
  - [ID: 002849] Size: 15794.37 KB | Range: [usertable:user0029098126 -> usertable:user0029407413]
  - [ID: 002851] Size: 15764.59 KB | Range: [usertable:user0029407414 -> usertable:user0029717992]
  - [ID: 002852] Size: 14349.73 KB | Range: [usertable:user0029717993 -> usertable:user0029999999]
☀️ 【输出阶段 - 拦截并存入 L99 的热数据 SST (Hot)】:
  - [ID: 002855] Size:   159.30 KB | Range: [usertable:user0001520049 -> usertable:user0005699498]
READ   - Takes(s): 420.0, Count: 2353152, OPS: 5602.8, Avg(us): 224, Min(us): 1, Max(us): 75135, 50th(us): 177, 90th(us): 456, 95th(us): 573, 99th(us): 845, 99.9th(us): 1343, 99.99th(us): 3633
TOTAL  - Takes(s): 420.0, Count: 23291653, OPS: 55456.4, Avg(us): 281, Min(us): 1, Max(us): 92095, 50th(us): 218, 90th(us): 538, 95th(us): 676, 99th(us): 1020, 99.9th(us): 1724, 99.99th(us): 43039
UPDATE - Takes(s): 420.0, Count: 20938501, OPS: 49853.7, Avg(us): 288, Min(us): 4, Max(us): 92095, 50th(us): 223, 90th(us): 547, 95th(us): 687, 99th(us): 1035, 99.9th(us): 1757, 99.99th(us): 44959
UPDATE_ERROR - Takes(s): 420.0, Count: 245981, OPS: 585.7, Avg(us): 306, Min(us): 3, Max(us): 79551, 50th(us): 248, 90th(us): 560, 95th(us): 694, 99th(us): 1014, 99.9th(us): 1800, 99.99th(us): 6891
badger 2026/04/10 16:10:25 INFO: 
🔥 [Compact-1] 层级变更: L0 -> L3
📥 【输入阶段 - 被选中的上层 SST (Top)】:
  - [ID: 002856] Size:  1888.08 KB | Range: [usertable:user0000516240 -> usertable:user0029853498]
  - [ID: 002857] Size:  1877.35 KB | Range: [usertable:user0000065097 -> usertable:user0029978319]
  - [ID: 002858] Size:  1886.18 KB | Range: [usertable:user0000529276 -> usertable:user0029708761]
  - [ID: 002859] Size:  1877.27 KB | Range: [usertable:user0000608976 -> usertable:user0029999826]
  - [ID: 002860] Size:  1876.74 KB | Range: [usertable:user0000041957 -> usertable:user0028221707]
📥 【输入阶段 - 涉及的底层 SST (Bot)】:
  - [ID: 002848] Size: 11059.23 KB | Range: [usertable:user0000003654 -> usertable:user0027192578]
  - [ID: 002850] Size: 15766.28 KB | Range: [usertable:user0027192664 -> usertable:user0028479088]
  - [ID: 002853] Size: 15766.55 KB | Range: [usertable:user0028479089 -> usertable:user0028788127]
  - [ID: 002854] Size:     8.92 KB | Range: [usertable:user0028788128 -> usertable:user0028788326]
  - [ID: 002849] Size: 15794.37 KB | Range: [usertable:user0029098126 -> usertable:user0029407413]
  - [ID: 002851] Size: 15764.59 KB | Range: [usertable:user0029407414 -> usertable:user0029717992]
  - [ID: 002852] Size: 14349.73 KB | Range: [usertable:user0029717993 -> usertable:user0029999999]
📤 【输出阶段 - 生成的新冷数据 SST (New)】:
  - [ID: 002861] Size: 11368.76 KB | Range: [usertable:user0000003654 -> usertable:user0027879279]
  - [ID: 002865] Size: 15791.73 KB | Range: [usertable:user0027879332 -> usertable:user0028484121]
  - [ID: 002866] Size: 15516.32 KB | Range: [usertable:user0028484122 -> usertable:user0028788127]
  - [ID: 002863] Size: 15783.14 KB | Range: [usertable:user0028788128 -> usertable:user0029407014]
  - [ID: 002864] Size: 15783.35 KB | Range: [usertable:user0029407015 -> usertable:user0029717992]
  - [ID: 002862] Size: 14349.78 KB | Range: [usertable:user0029717993 -> usertable:user0029999999]
☀️ 【输出阶段 - 拦截并存入 L99 的热数据 SST (Hot)】:
  - [ID: 002867] Size:   149.92 KB | Range: [usertable:user0001558017 -> usertable:user0005699498]
badger 2026/04/10 16:10:29 INFO: 
🔥 [Compact-2] 层级变更: L0 -> L3
📥 【输入阶段 - 被选中的上层 SST (Top)】:
  - [ID: 002868] Size:  1872.14 KB | Range: [usertable:user0000516221 -> usertable:user0029906461]
  - [ID: 002869] Size:  1886.68 KB | Range: [usertable:user0000067598 -> usertable:user0029988064]
  - [ID: 002870] Size:  1888.46 KB | Range: [usertable:user0000263794 -> usertable:user0028287390]
  - [ID: 002871] Size:  1881.89 KB | Range: [usertable:user0000606068 -> usertable:user0029727292]
  - [ID: 002872] Size:  1886.85 KB | Range: [usertable:user0000295351 -> usertable:user0029976173]
📥 【输入阶段 - 涉及的底层 SST (Bot)】:
  - [ID: 002861] Size: 11368.76 KB | Range: [usertable:user0000003654 -> usertable:user0027879279]
  - [ID: 002865] Size: 15791.73 KB | Range: [usertable:user0027879332 -> usertable:user0028484121]
  - [ID: 002866] Size: 15516.32 KB | Range: [usertable:user0028484122 -> usertable:user0028788127]
  - [ID: 002863] Size: 15783.14 KB | Range: [usertable:user0028788128 -> usertable:user0029407014]
  - [ID: 002864] Size: 15783.35 KB | Range: [usertable:user0029407015 -> usertable:user0029717992]
  - [ID: 002862] Size: 14349.78 KB | Range: [usertable:user0029717993 -> usertable:user0029999999]
📤 【输出阶段 - 生成的新冷数据 SST (New)】:
  - [ID: 002874] Size: 11374.41 KB | Range: [usertable:user0000003654 -> usertable:user0027773454]
  - [ID: 002876] Size: 15770.05 KB | Range: [usertable:user0027773564 -> usertable:user0028482348]
  - [ID: 002878] Size: 15603.08 KB | Range: [usertable:user0028482349 -> usertable:user0028788127]
  - [ID: 002873] Size: 15852.41 KB | Range: [usertable:user0028788128 -> usertable:user0029409709]
  - [ID: 002875] Size: 15772.04 KB | Range: [usertable:user0029409710 -> usertable:user0029719412]
  - [ID: 002877] Size: 14292.50 KB | Range: [usertable:user0029719413 -> usertable:user0029999999]
☀️ 【输出阶段 - 拦截并存入 L99 的热数据 SST (Hot)】:
  - [ID: 002879] Size:   164.43 KB | Range: [usertable:user0001558007 -> usertable:user0005699498]
badger 2026/04/10 16:10:33 INFO: 
🔥 [Compact-0] 层级变更: L0 -> L3
📥 【输入阶段 - 被选中的上层 SST (Top)】:
  - [ID: 002880] Size:  1875.91 KB | Range: [usertable:user0000622477 -> usertable:user0029720656]
  - [ID: 002881] Size:  1884.66 KB | Range: [usertable:user0000616656 -> usertable:user0028225027]
  - [ID: 002882] Size:  1877.00 KB | Range: [usertable:user0000038048 -> usertable:user0029935072]
  - [ID: 002883] Size:  1870.28 KB | Range: [usertable:user0000602030 -> usertable:user0028180492]
  - [ID: 002884] Size:  1891.92 KB | Range: [usertable:user0000620896 -> usertable:user0029935072]
📥 【输入阶段 - 涉及的底层 SST (Bot)】:
  - [ID: 002874] Size: 11374.41 KB | Range: [usertable:user0000003654 -> usertable:user0027773454]
  - [ID: 002876] Size: 15770.05 KB | Range: [usertable:user0027773564 -> usertable:user0028482348]
  - [ID: 002878] Size: 15603.08 KB | Range: [usertable:user0028482349 -> usertable:user0028788127]
  - [ID: 002873] Size: 15852.41 KB | Range: [usertable:user0028788128 -> usertable:user0029409709]
  - [ID: 002875] Size: 15772.04 KB | Range: [usertable:user0029409710 -> usertable:user0029719412]
  - [ID: 002877] Size: 14292.50 KB | Range: [usertable:user0029719413 -> usertable:user0029999999]
📤 【输出阶段 - 生成的新冷数据 SST (New)】:
  - [ID: 002885] Size: 11366.14 KB | Range: [usertable:user0000003654 -> usertable:user0027678350]
  - [ID: 002887] Size: 15763.73 KB | Range: [usertable:user0027678388 -> usertable:user0028481055]
  - [ID: 002889] Size: 15667.41 KB | Range: [usertable:user0028481056 -> usertable:user0028788127]
  - [ID: 002886] Size: 15812.29 KB | Range: [usertable:user0028788128 -> usertable:user0029408902]
  - [ID: 002888] Size: 15770.09 KB | Range: [usertable:user0029408903 -> usertable:user0029718568]
  - [ID: 002891] Size: 14334.54 KB | Range: [usertable:user0029718569 -> usertable:user0029999999]
☀️ 【输出阶段 - 拦截并存入 L99 的热数据 SST (Hot)】:
  - [ID: 002890] Size:   172.61 KB | Range: [usertable:user0001679236 -> usertable:user0005699498]
READ   - Takes(s): 430.0, Count: 2403694, OPS: 5590.0, Avg(us): 225, Min(us): 1, Max(us): 75135, 50th(us): 178, 90th(us): 457, 95th(us): 575, 99th(us): 851, 99.9th(us): 1355, 99.99th(us): 3679
TOTAL  - Takes(s): 430.0, Count: 23789716, OPS: 55325.0, Avg(us): 282, Min(us): 1, Max(us): 92095, 50th(us): 219, 90th(us): 540, 95th(us): 680, 99th(us): 1026, 99.9th(us): 1734, 99.99th(us): 43007
UPDATE - Takes(s): 430.0, Count: 21386022, OPS: 49735.0, Avg(us): 289, Min(us): 4, Max(us): 92095, 50th(us): 223, 90th(us): 549, 95th(us): 690, 99th(us): 1041, 99.9th(us): 1767, 99.99th(us): 44799
UPDATE_ERROR - Takes(s): 430.0, Count: 252066, OPS: 586.2, Avg(us): 308, Min(us): 3, Max(us): 79551, 50th(us): 250, 90th(us): 562, 95th(us): 698, 99th(us): 1022, 99.9th(us): 1820, 99.99th(us): 7159
badger 2026/04/10 16:10:37 INFO: 
🔥 [Compact-0] 层级变更: L0 -> L3
📥 【输入阶段 - 被选中的上层 SST (Top)】:
  - [ID: 002892] Size:  1872.22 KB | Range: [usertable:user0000635245 -> usertable:user0029958207]
  - [ID: 002893] Size:  1887.85 KB | Range: [usertable:user0000625136 -> usertable:user0029885932]
  - [ID: 002894] Size:  1873.11 KB | Range: [usertable:user0000603036 -> usertable:user0029782598]
  - [ID: 002895] Size:  1879.08 KB | Range: [usertable:user0000652008 -> usertable:user0029843279]
  - [ID: 002896] Size:  1881.34 KB | Range: [usertable:user0000265289 -> usertable:user0029965925]
📥 【输入阶段 - 涉及的底层 SST (Bot)】:
  - [ID: 002885] Size: 11366.14 KB | Range: [usertable:user0000003654 -> usertable:user0027678350]
  - [ID: 002887] Size: 15763.73 KB | Range: [usertable:user0027678388 -> usertable:user0028481055]
  - [ID: 002889] Size: 15667.41 KB | Range: [usertable:user0028481056 -> usertable:user0028788127]
  - [ID: 002886] Size: 15812.29 KB | Range: [usertable:user0028788128 -> usertable:user0029408902]
  - [ID: 002888] Size: 15770.09 KB | Range: [usertable:user0029408903 -> usertable:user0029718568]
  - [ID: 002891] Size: 14334.54 KB | Range: [usertable:user0029718569 -> usertable:user0029999999]
📤 【输出阶段 - 生成的新冷数据 SST (New)】:
  - [ID: 002897] Size: 11367.67 KB | Range: [usertable:user0000003654 -> usertable:user0027519033]
  - [ID: 002899] Size: 15872.49 KB | Range: [usertable:user0027519273 -> usertable:user0028481988]
  - [ID: 002902] Size: 15621.61 KB | Range: [usertable:user0028481989 -> usertable:user0028788127]
  - [ID: 002898] Size: 15778.63 KB | Range: [usertable:user0028788128 -> usertable:user0029406931]
  - [ID: 002900] Size: 15774.64 KB | Range: [usertable:user0029406932 -> usertable:user0029717725]
  - [ID: 002901] Size: 14363.73 KB | Range: [usertable:user0029717726 -> usertable:user0029999999]
☀️ 【输出阶段 - 拦截并存入 L99 的热数据 SST (Hot)】:
  - [ID: 002903] Size:   164.12 KB | Range: [usertable:user0001558036 -> usertable:user0005699498]
badger 2026/04/10 16:10:41 INFO: 
🔥 [Compact-2] 层级变更: L0 -> L3
📥 【输入阶段 - 被选中的上层 SST (Top)】:
  - [ID: 002904] Size:  1885.20 KB | Range: [usertable:user0000619976 -> usertable:user0029856818]
  - [ID: 002905] Size:  1874.50 KB | Range: [usertable:user0000071981 -> usertable:user0029912526]
  - [ID: 002906] Size:  1871.26 KB | Range: [usertable:user0000104866 -> usertable:user0029776638]
  - [ID: 002907] Size:  1895.43 KB | Range: [usertable:user0000614323 -> usertable:user0029965916]
  - [ID: 002908] Size:  1883.97 KB | Range: [usertable:user0000376691 -> usertable:user0029931623]
📥 【输入阶段 - 涉及的底层 SST (Bot)】:
  - [ID: 002897] Size: 11367.67 KB | Range: [usertable:user0000003654 -> usertable:user0027519033]
  - [ID: 002899] Size: 15872.49 KB | Range: [usertable:user0027519273 -> usertable:user0028481988]
  - [ID: 002902] Size: 15621.61 KB | Range: [usertable:user0028481989 -> usertable:user0028788127]
  - [ID: 002898] Size: 15778.63 KB | Range: [usertable:user0028788128 -> usertable:user0029406931]
  - [ID: 002900] Size: 15774.64 KB | Range: [usertable:user0029406932 -> usertable:user0029717725]
  - [ID: 002901] Size: 14363.73 KB | Range: [usertable:user0029717726 -> usertable:user0029999999]
📤 【输出阶段 - 生成的新冷数据 SST (New)】:
  - [ID: 002909] Size: 11371.79 KB | Range: [usertable:user0000003654 -> usertable:user0027169946]
  - [ID: 002911] Size: 15792.76 KB | Range: [usertable:user0027169975 -> usertable:user0028479047]
  - [ID: 002914] Size: 15764.46 KB | Range: [usertable:user0028479048 -> usertable:user0028788030]
  - [ID: 002915] Size:     4.33 KB | Range: [usertable:user0028788031 -> usertable:user0028788127]
  - [ID: 002910] Size: 15786.64 KB | Range: [usertable:user0028788128 -> usertable:user0029407088]
  - [ID: 002912] Size: 15774.11 KB | Range: [usertable:user0029407089 -> usertable:user0029717857]
  - [ID: 002913] Size: 14356.28 KB | Range: [usertable:user0029717858 -> usertable:user0029999999]
☀️ 【输出阶段 - 拦截并存入 L99 的热数据 SST (Hot)】:
  - [ID: 002916] Size:   156.96 KB | Range: [usertable:user0001558070 -> usertable:user0005699886]
READ   - Takes(s): 440.0, Count: 2454601, OPS: 5578.6, Avg(us): 225, Min(us): 1, Max(us): 75135, 50th(us): 178, 90th(us): 458, 95th(us): 578, 99th(us): 856, 99.9th(us): 1365, 99.99th(us): 3739
TOTAL  - Takes(s): 440.0, Count: 24294857, OPS: 55215.7, Avg(us): 283, Min(us): 1, Max(us): 92095, 50th(us): 219, 90th(us): 542, 95th(us): 683, 99th(us): 1032, 99.9th(us): 1741, 99.99th(us): 42911
UPDATE - Takes(s): 440.0, Count: 21840256, OPS: 49637.1, Avg(us): 289, Min(us): 4, Max(us): 92095, 50th(us): 223, 90th(us): 551, 95th(us): 693, 99th(us): 1047, 99.9th(us): 1774, 99.99th(us): 44575
UPDATE_ERROR - Takes(s): 440.0, Count: 258256, OPS: 587.0, Avg(us): 309, Min(us): 3, Max(us): 79551, 50th(us): 251, 90th(us): 564, 95th(us): 701, 99th(us): 1027, 99.9th(us): 1816, 99.99th(us): 6891
badger 2026/04/10 16:10:45 INFO: 
🔥 [Compact-0] 层级变更: L0 -> L3
📥 【输入阶段 - 被选中的上层 SST (Top)】:
  - [ID: 002917] Size:  1888.27 KB | Range: [usertable:user0000090364 -> usertable:user0029846422]
  - [ID: 002918] Size:  1875.30 KB | Range: [usertable:user0000624532 -> usertable:user0029958912]
  - [ID: 002919] Size:  1878.33 KB | Range: [usertable:user0000363425 -> usertable:user0029806126]
  - [ID: 002920] Size:  1866.31 KB | Range: [usertable:user0000600645 -> usertable:user0029324154]
  - [ID: 002921] Size:  1874.17 KB | Range: [usertable:user0000610538 -> usertable:user0029917983]
📥 【输入阶段 - 涉及的底层 SST (Bot)】:
  - [ID: 002909] Size: 11371.79 KB | Range: [usertable:user0000003654 -> usertable:user0027169946]
  - [ID: 002911] Size: 15792.76 KB | Range: [usertable:user0027169975 -> usertable:user0028479047]
  - [ID: 002914] Size: 15764.46 KB | Range: [usertable:user0028479048 -> usertable:user0028788030]
  - [ID: 002915] Size:     4.33 KB | Range: [usertable:user0028788031 -> usertable:user0028788127]
  - [ID: 002910] Size: 15786.64 KB | Range: [usertable:user0028788128 -> usertable:user0029407088]
  - [ID: 002912] Size: 15774.11 KB | Range: [usertable:user0029407089 -> usertable:user0029717857]
  - [ID: 002913] Size: 14356.28 KB | Range: [usertable:user0029717858 -> usertable:user0029999999]
📤 【输出阶段 - 生成的新冷数据 SST (New)】:
  - [ID: 002922] Size: 11623.10 KB | Range: [usertable:user0000003654 -> usertable:user0027854923]
  - [ID: 002925] Size: 15778.69 KB | Range: [usertable:user0027854942 -> usertable:user0028483269]
  - [ID: 002928] Size: 15553.78 KB | Range: [usertable:user0028483270 -> usertable:user0028788030]
  - [ID: 002924] Size: 15783.29 KB | Range: [usertable:user0028788031 -> usertable:user0029406916]
  - [ID: 002926] Size: 15782.36 KB | Range: [usertable:user0029406917 -> usertable:user0029717850]
  - [ID: 002927] Size:     0.63 KB | Range: [usertable:user0029717851 -> usertable:user0029717857]
  - [ID: 002923] Size: 14356.29 KB | Range: [usertable:user0029717858 -> usertable:user0029999999]
☀️ 【输出阶段 - 拦截并存入 L99 的热数据 SST (Hot)】:
  - [ID: 002929] Size:   177.95 KB | Range: [usertable:user0001558070 -> usertable:user0005699498]
badger 2026/04/10 16:10:49 INFO: 
🔥 [Compact-0] 层级变更: L0 -> L3
📥 【输入阶段 - 被选中的上层 SST (Top)】:
  - [ID: 002930] Size:  1873.07 KB | Range: [usertable:user0000585856 -> usertable:user0029924341]
  - [ID: 002931] Size:  1863.86 KB | Range: [usertable:user0000330435 -> usertable:user0029935072]
  - [ID: 002932] Size:  1888.24 KB | Range: [usertable:user0000318065 -> usertable:user0029848635]
  - [ID: 002933] Size:  1875.50 KB | Range: [usertable:user0000009437 -> usertable:user0029824264]
  - [ID: 002934] Size:  1893.51 KB | Range: [usertable:user0000351419 -> usertable:user0028180439]
📥 【输入阶段 - 涉及的底层 SST (Bot)】:
  - [ID: 002922] Size: 11623.10 KB | Range: [usertable:user0000003654 -> usertable:user0027854923]
  - [ID: 002925] Size: 15778.69 KB | Range: [usertable:user0027854942 -> usertable:user0028483269]
  - [ID: 002928] Size: 15553.78 KB | Range: [usertable:user0028483270 -> usertable:user0028788030]
  - [ID: 002924] Size: 15783.29 KB | Range: [usertable:user0028788031 -> usertable:user0029406916]
  - [ID: 002926] Size: 15782.36 KB | Range: [usertable:user0029406917 -> usertable:user0029717850]
  - [ID: 002927] Size:     0.63 KB | Range: [usertable:user0029717851 -> usertable:user0029717857]
  - [ID: 002923] Size: 14356.29 KB | Range: [usertable:user0029717858 -> usertable:user0029999999]
📤 【输出阶段 - 生成的新冷数据 SST (New)】:
  - [ID: 002936] Size: 11634.46 KB | Range: [usertable:user0000003654 -> usertable:user0027764380]
  - [ID: 002938] Size: 15784.28 KB | Range: [usertable:user0027764461 -> usertable:user0028482221]
  - [ID: 002941] Size: 15605.20 KB | Range: [usertable:user0028482222 -> usertable:user0028788030]
  - [ID: 002937] Size: 15796.15 KB | Range: [usertable:user0028788031 -> usertable:user0029407176]
  - [ID: 002939] Size: 15765.88 KB | Range: [usertable:user0029407177 -> usertable:user0029717772]
  - [ID: 002940] Size:     4.23 KB | Range: [usertable:user0029717773 -> usertable:user0029717857]
  - [ID: 002935] Size: 14356.33 KB | Range: [usertable:user0029717858 -> usertable:user0029999999]
☀️ 【输出阶段 - 拦截并存入 L99 的热数据 SST (Hot)】:
  - [ID: 002942] Size:   170.47 KB | Range: [usertable:user0001520006 -> usertable:user0005699498]
badger 2026/04/10 16:10:53 INFO: 
🔥 [Compact-0] 层级变更: L0 -> L3
📥 【输入阶段 - 被选中的上层 SST (Top)】:
  - [ID: 002943] Size:  1869.78 KB | Range: [usertable:user0000208675 -> usertable:user0029990704]
  - [ID: 002944] Size:  1878.30 KB | Range: [usertable:user0000605024 -> usertable:user0029935072]
  - [ID: 002945] Size:  1867.21 KB | Range: [usertable:user0000065720 -> usertable:user0029992500]
  - [ID: 002946] Size:  1880.55 KB | Range: [usertable:user0000605647 -> usertable:user0029955649]
  - [ID: 002947] Size:  1881.24 KB | Range: [usertable:user0000076255 -> usertable:user0029890656]
📥 【输入阶段 - 涉及的底层 SST (Bot)】:
  - [ID: 002936] Size: 11634.46 KB | Range: [usertable:user0000003654 -> usertable:user0027764380]
  - [ID: 002938] Size: 15784.28 KB | Range: [usertable:user0027764461 -> usertable:user0028482221]
  - [ID: 002941] Size: 15605.20 KB | Range: [usertable:user0028482222 -> usertable:user0028788030]
  - [ID: 002937] Size: 15796.15 KB | Range: [usertable:user0028788031 -> usertable:user0029407176]
  - [ID: 002939] Size: 15765.88 KB | Range: [usertable:user0029407177 -> usertable:user0029717772]
  - [ID: 002940] Size:     4.23 KB | Range: [usertable:user0029717773 -> usertable:user0029717857]
  - [ID: 002935] Size: 14356.33 KB | Range: [usertable:user0029717858 -> usertable:user0029999999]
📤 【输出阶段 - 生成的新冷数据 SST (New)】:
  - [ID: 002949] Size: 11633.43 KB | Range: [usertable:user0000003654 -> usertable:user0027678527]
  - [ID: 002951] Size: 15803.58 KB | Range: [usertable:user0027678628 -> usertable:user0028481509]
  - [ID: 002954] Size: 15641.31 KB | Range: [usertable:user0028481510 -> usertable:user0028788030]
  - [ID: 002950] Size: 15773.80 KB | Range: [usertable:user0028788031 -> usertable:user0029406713]
  - [ID: 002952] Size: 15784.45 KB | Range: [usertable:user0029406714 -> usertable:user0029717718]
  - [ID: 002953] Size:     8.24 KB | Range: [usertable:user0029717719 -> usertable:user0029717857]
  - [ID: 002948] Size: 14356.45 KB | Range: [usertable:user0029717858 -> usertable:user0029999999]
☀️ 【输出阶段 - 拦截并存入 L99 的热数据 SST (Hot)】:
  - [ID: 002955] Size:   168.00 KB | Range: [usertable:user0001665002 -> usertable:user0005699498]
READ   - Takes(s): 450.0, Count: 2505857, OPS: 5568.6, Avg(us): 226, Min(us): 1, Max(us): 75135, 50th(us): 179, 90th(us): 459, 95th(us): 580, 99th(us): 861, 99.9th(us): 1371, 99.99th(us): 3741
TOTAL  - Takes(s): 450.0, Count: 24799902, OPS: 55111.0, Avg(us): 283, Min(us): 1, Max(us): 92095, 50th(us): 219, 90th(us): 544, 95th(us): 686, 99th(us): 1037, 99.9th(us): 1749, 99.99th(us): 42719
UPDATE - Takes(s): 450.0, Count: 22294045, OPS: 49542.4, Avg(us): 290, Min(us): 4, Max(us): 92095, 50th(us): 223, 90th(us): 552, 95th(us): 696, 99th(us): 1053, 99.9th(us): 1781, 99.99th(us): 44319
UPDATE_ERROR - Takes(s): 450.0, Count: 264345, OPS: 587.5, Avg(us): 311, Min(us): 3, Max(us): 79551, 50th(us): 252, 90th(us): 566, 95th(us): 705, 99th(us): 1034, 99.9th(us): 1834, 99.99th(us): 6891
badger 2026/04/10 16:10:57 INFO: 
🔥 [Compact-2] 层级变更: L0 -> L3
📥 【输入阶段 - 被选中的上层 SST (Top)】:
  - [ID: 002956] Size:  1877.29 KB | Range: [usertable:user0000575805 -> usertable:user0029800851]
  - [ID: 002957] Size:  1890.62 KB | Range: [usertable:user0000590589 -> usertable:user0029971689]
  - [ID: 002958] Size:  1871.88 KB | Range: [usertable:user0000614845 -> usertable:user0029934794]
  - [ID: 002959] Size:  1888.37 KB | Range: [usertable:user0000604559 -> usertable:user0029880351]
  - [ID: 002960] Size:  1877.44 KB | Range: [usertable:user0000618218 -> usertable:user0029894364]
📥 【输入阶段 - 涉及的底层 SST (Bot)】:
  - [ID: 002949] Size: 11633.43 KB | Range: [usertable:user0000003654 -> usertable:user0027678527]
  - [ID: 002951] Size: 15803.58 KB | Range: [usertable:user0027678628 -> usertable:user0028481509]
  - [ID: 002954] Size: 15641.31 KB | Range: [usertable:user0028481510 -> usertable:user0028788030]
  - [ID: 002950] Size: 15773.80 KB | Range: [usertable:user0028788031 -> usertable:user0029406713]
  - [ID: 002952] Size: 15784.45 KB | Range: [usertable:user0029406714 -> usertable:user0029717718]
  - [ID: 002953] Size:     8.24 KB | Range: [usertable:user0029717719 -> usertable:user0029717857]
  - [ID: 002948] Size: 14356.45 KB | Range: [usertable:user0029717858 -> usertable:user0029999999]
📤 【输出阶段 - 生成的新冷数据 SST (New)】:
  - [ID: 002961] Size: 11631.83 KB | Range: [usertable:user0000003654 -> usertable:user0027541905]
  - [ID: 002964] Size: 15780.48 KB | Range: [usertable:user0027542164 -> usertable:user0028479855]
  - [ID: 002966] Size: 15724.97 KB | Range: [usertable:user0028479856 -> usertable:user0028788030]
  - [ID: 002963] Size: 15773.65 KB | Range: [usertable:user0028788031 -> usertable:user0029406707]
  - [ID: 002965] Size: 15792.74 KB | Range: [usertable:user0029406708 -> usertable:user0029717857]
  - [ID: 002962] Size: 14355.99 KB | Range: [usertable:user0029717858 -> usertable:user0029999999]
☀️ 【输出阶段 - 拦截并存入 L99 的热数据 SST (Hot)】:
  - [ID: 002967] Size:   180.18 KB | Range: [usertable:user0001679264 -> usertable:user0005699498]
badger 2026/04/10 16:11:01 INFO: 
🔥 [Compact-2] 层级变更: L0 -> L3
📥 【输入阶段 - 被选中的上层 SST (Top)】:
  - [ID: 002968] Size:  1877.44 KB | Range: [usertable:user0000601344 -> usertable:user0029970228]
  - [ID: 002969] Size:  1876.73 KB | Range: [usertable:user0000354533 -> usertable:user0029254313]
  - [ID: 002970] Size:  1878.49 KB | Range: [usertable:user0000608847 -> usertable:user0029966064]
  - [ID: 002971] Size:  1878.71 KB | Range: [usertable:user0000608967 -> usertable:user0029755366]
  - [ID: 002972] Size:  1875.73 KB | Range: [usertable:user0000110649 -> usertable:user0029954236]
📥 【输入阶段 - 涉及的底层 SST (Bot)】:
  - [ID: 002961] Size: 11631.83 KB | Range: [usertable:user0000003654 -> usertable:user0027541905]
  - [ID: 002964] Size: 15780.48 KB | Range: [usertable:user0027542164 -> usertable:user0028479855]
  - [ID: 002966] Size: 15724.97 KB | Range: [usertable:user0028479856 -> usertable:user0028788030]
  - [ID: 002963] Size: 15773.65 KB | Range: [usertable:user0028788031 -> usertable:user0029406707]
  - [ID: 002965] Size: 15792.74 KB | Range: [usertable:user0029406708 -> usertable:user0029717857]
  - [ID: 002962] Size: 14355.99 KB | Range: [usertable:user0029717858 -> usertable:user0029999999]
📤 【输出阶段 - 生成的新冷数据 SST (New)】:
  - [ID: 002973] Size: 11613.63 KB | Range: [usertable:user0000003654 -> usertable:user0027194475]
  - [ID: 002975] Size: 15828.58 KB | Range: [usertable:user0027194504 -> usertable:user0028479535]
  - [ID: 002977] Size: 15741.16 KB | Range: [usertable:user0028479536 -> usertable:user0028788030]
  - [ID: 002974] Size: 15804.10 KB | Range: [usertable:user0028788031 -> usertable:user0029407326]
  - [ID: 002976] Size: 15813.56 KB | Range: [usertable:user0029407327 -> usertable:user0029719154]
  - [ID: 002979] Size: 14305.07 KB | Range: [usertable:user0029719155 -> usertable:user0029999999]
☀️ 【输出阶段 - 拦截并存入 L99 的热数据 SST (Hot)】:
  - [ID: 002978] Size:   177.99 KB | Range: [usertable:user0001679255 -> usertable:user0005699498]
READ   - Takes(s): 460.0, Count: 2557001, OPS: 5558.7, Avg(us): 226, Min(us): 1, Max(us): 75135, 50th(us): 179, 90th(us): 461, 95th(us): 582, 99th(us): 866, 99.9th(us): 1376, 99.99th(us): 3739
TOTAL  - Takes(s): 460.0, Count: 25306206, OPS: 55013.6, Avg(us): 284, Min(us): 1, Max(us): 92095, 50th(us): 219, 90th(us): 545, 95th(us): 689, 99th(us): 1042, 99.9th(us): 1754, 99.99th(us): 42271
UPDATE - Takes(s): 460.0, Count: 22749205, OPS: 49454.9, Avg(us): 290, Min(us): 4, Max(us): 92095, 50th(us): 224, 90th(us): 554, 95th(us): 699, 99th(us): 1058, 99.9th(us): 1787, 99.99th(us): 44095
UPDATE_ERROR - Takes(s): 460.0, Count: 270596, OPS: 588.3, Avg(us): 312, Min(us): 3, Max(us): 79551, 50th(us): 254, 90th(us): 569, 95th(us): 708, 99th(us): 1041, 99.9th(us): 1850, 99.99th(us): 6739
badger 2026/04/10 16:11:05 INFO: 
🔥 [Compact-0] 层级变更: L0 -> L3
📥 【输入阶段 - 被选中的上层 SST (Top)】:
  - [ID: 002980] Size:  1873.71 KB | Range: [usertable:user0000602049 -> usertable:user0028187098]
  - [ID: 002981] Size:  1868.60 KB | Range: [usertable:user0000609384 -> usertable:user0029936998]
  - [ID: 002982] Size:  1886.73 KB | Range: [usertable:user0000316149 -> usertable:user0029905014]
  - [ID: 002983] Size:  1874.83 KB | Range: [usertable:user0000626679 -> usertable:user0029808708]
  - [ID: 002984] Size:  1884.49 KB | Range: [usertable:user0000615190 -> usertable:user0029974041]
📥 【输入阶段 - 涉及的底层 SST (Bot)】:
  - [ID: 002973] Size: 11613.63 KB | Range: [usertable:user0000003654 -> usertable:user0027194475]
  - [ID: 002975] Size: 15828.58 KB | Range: [usertable:user0027194504 -> usertable:user0028479535]
  - [ID: 002977] Size: 15741.16 KB | Range: [usertable:user0028479536 -> usertable:user0028788030]
  - [ID: 002974] Size: 15804.10 KB | Range: [usertable:user0028788031 -> usertable:user0029407326]
  - [ID: 002976] Size: 15813.56 KB | Range: [usertable:user0029407327 -> usertable:user0029719154]
  - [ID: 002979] Size: 14305.07 KB | Range: [usertable:user0029719155 -> usertable:user0029999999]
📤 【输出阶段 - 生成的新冷数据 SST (New)】:
  - [ID: 002986] Size: 11909.15 KB | Range: [usertable:user0000003654 -> usertable:user0027849811]
  - [ID: 002988] Size: 15780.55 KB | Range: [usertable:user0027849868 -> usertable:user0028482971]
  - [ID: 002990] Size: 15568.84 KB | Range: [usertable:user0028482972 -> usertable:user0028788030]
  - [ID: 002985] Size: 15822.59 KB | Range: [usertable:user0028788031 -> usertable:user0029408994]
  - [ID: 002987] Size: 15777.72 KB | Range: [usertable:user0029408995 -> usertable:user0029718820]
  - [ID: 002989] Size: 14321.97 KB | Range: [usertable:user0029718821 -> usertable:user0029999999]
☀️ 【输出阶段 - 拦截并存入 L99 的热数据 SST (Hot)】:
  - [ID: 002991] Size:   185.44 KB | Range: [usertable:user0001665031 -> usertable:user0005699498]
badger 2026/04/10 16:11:09 INFO: 
🔥 [Compact-3] 层级变更: L0 -> L3
📥 【输入阶段 - 被选中的上层 SST (Top)】:
  - [ID: 002992] Size:  1870.95 KB | Range: [usertable:user0000601426 -> usertable:user0029988754]
  - [ID: 002993] Size:  1874.61 KB | Range: [usertable:user0000550466 -> usertable:user0029936208]
  - [ID: 002994] Size:  1869.57 KB | Range: [usertable:user0000421620 -> usertable:user0028186576]
  - [ID: 002995] Size:  1877.99 KB | Range: [usertable:user0000602384 -> usertable:user0029958691]
  - [ID: 002996] Size:  1887.57 KB | Range: [usertable:user0000646709 -> usertable:user0029720235]
📥 【输入阶段 - 涉及的底层 SST (Bot)】:
  - [ID: 002986] Size: 11909.15 KB | Range: [usertable:user0000003654 -> usertable:user0027849811]
  - [ID: 002988] Size: 15780.55 KB | Range: [usertable:user0027849868 -> usertable:user0028482971]
  - [ID: 002990] Size: 15568.84 KB | Range: [usertable:user0028482972 -> usertable:user0028788030]
  - [ID: 002985] Size: 15822.59 KB | Range: [usertable:user0028788031 -> usertable:user0029408994]
  - [ID: 002987] Size: 15777.72 KB | Range: [usertable:user0029408995 -> usertable:user0029718820]
  - [ID: 002989] Size: 14321.97 KB | Range: [usertable:user0029718821 -> usertable:user0029999999]
📤 【输出阶段 - 生成的新冷数据 SST (New)】:
  - [ID: 002997] Size: 11880.53 KB | Range: [usertable:user0000003654 -> usertable:user0027764380]
  - [ID: 002999] Size: 15773.32 KB | Range: [usertable:user0027764461 -> usertable:user0028481687]
  - [ID: 003001] Size: 15631.93 KB | Range: [usertable:user0028481688 -> usertable:user0028788030]
  - [ID: 002998] Size: 15931.37 KB | Range: [usertable:user0028788031 -> usertable:user0029411141]
  - [ID: 003000] Size: 15811.44 KB | Range: [usertable:user0029411142 -> usertable:user0029721569]
  - [ID: 003003] Size: 14179.96 KB | Range: [usertable:user0029721570 -> usertable:user0029999999]
☀️ 【输出阶段 - 拦截并存入 L99 的热数据 SST (Hot)】:
  - [ID: 003002] Size:   205.67 KB | Range: [usertable:user0001520006 -> usertable:user0005699886]
badger 2026/04/10 16:11:13 INFO: 
🔥 [Compact-2] 层级变更: L0 -> L3
📥 【输入阶段 - 被选中的上层 SST (Top)】:
  - [ID: 003004] Size:  1883.28 KB | Range: [usertable:user0000438877 -> usertable:user0029795653]
  - [ID: 003005] Size:  1884.89 KB | Range: [usertable:user0000334579 -> usertable:user0029931436]
  - [ID: 003006] Size:  1874.35 KB | Range: [usertable:user0000604736 -> usertable:user0029986483]
  - [ID: 003007] Size:  1891.19 KB | Range: [usertable:user0000605647 -> usertable:user0029819104]
  - [ID: 003008] Size:  1872.94 KB | Range: [usertable:user0000334579 -> usertable:user0029889343]
📥 【输入阶段 - 涉及的底层 SST (Bot)】:
  - [ID: 002997] Size: 11880.53 KB | Range: [usertable:user0000003654 -> usertable:user0027764380]
  - [ID: 002999] Size: 15773.32 KB | Range: [usertable:user0027764461 -> usertable:user0028481687]
  - [ID: 003001] Size: 15631.93 KB | Range: [usertable:user0028481688 -> usertable:user0028788030]
  - [ID: 002998] Size: 15931.37 KB | Range: [usertable:user0028788031 -> usertable:user0029411141]
  - [ID: 003000] Size: 15811.44 KB | Range: [usertable:user0029411142 -> usertable:user0029721569]
  - [ID: 003003] Size: 14179.96 KB | Range: [usertable:user0029721570 -> usertable:user0029999999]
📤 【输出阶段 - 生成的新冷数据 SST (New)】:
  - [ID: 003009] Size: 11918.60 KB | Range: [usertable:user0000003654 -> usertable:user0027676529]
  - [ID: 003012] Size: 15786.33 KB | Range: [usertable:user0027676558 -> usertable:user0028480808]
  - [ID: 003014] Size: 15675.79 KB | Range: [usertable:user0028480809 -> usertable:user0028788030]
  - [ID: 003010] Size: 15904.37 KB | Range: [usertable:user0028788031 -> usertable:user0029410627]
  - [ID: 003011] Size: 15765.20 KB | Range: [usertable:user0029410628 -> usertable:user0029720171]
  - [ID: 003013] Size: 14252.78 KB | Range: [usertable:user0029720172 -> usertable:user0029999999]
☀️ 【输出阶段 - 拦截并存入 L99 的热数据 SST (Hot)】:
  - [ID: 003015] Size:   181.45 KB | Range: [usertable:user0001520049 -> usertable:user0005699498]
READ   - Takes(s): 470.0, Count: 2607141, OPS: 5547.1, Avg(us): 227, Min(us): 1, Max(us): 75135, 50th(us): 179, 90th(us): 462, 95th(us): 584, 99th(us): 871, 99.9th(us): 1387, 99.99th(us): 3759
TOTAL  - Takes(s): 470.0, Count: 25799720, OPS: 54893.1, Avg(us): 284, Min(us): 1, Max(us): 92095, 50th(us): 219, 90th(us): 547, 95th(us): 691, 99th(us): 1048, 99.9th(us): 1763, 99.99th(us): 42591
UPDATE - Takes(s): 470.0, Count: 23192579, OPS: 49346.0, Avg(us): 291, Min(us): 4, Max(us): 92095, 50th(us): 224, 90th(us): 556, 95th(us): 702, 99th(us): 1063, 99.9th(us): 1795, 99.99th(us): 44223
UPDATE_ERROR - Takes(s): 470.0, Count: 276690, OPS: 588.7, Avg(us): 314, Min(us): 3, Max(us): 79551, 50th(us): 255, 90th(us): 572, 95th(us): 713, 99th(us): 1049, 99.9th(us): 1868, 99.99th(us): 6891
badger 2026/04/10 16:11:17 INFO: 
🔥 [Compact-0] 层级变更: L0 -> L3
📥 【输入阶段 - 被选中的上层 SST (Top)】:
  - [ID: 003016] Size:  1894.16 KB | Range: [usertable:user0000600626 -> usertable:user0029991375]
  - [ID: 003017] Size:  1878.48 KB | Range: [usertable:user0000630018 -> usertable:user0029935072]
  - [ID: 003018] Size:  1880.46 KB | Range: [usertable:user0000614706 -> usertable:user0029768781]
  - [ID: 003019] Size:  1894.65 KB | Range: [usertable:user0000079206 -> usertable:user0029785899]
  - [ID: 003020] Size:  1869.56 KB | Range: [usertable:user0000602135 -> usertable:user0028970745]
📥 【输入阶段 - 涉及的底层 SST (Bot)】:
  - [ID: 003009] Size: 11918.60 KB | Range: [usertable:user0000003654 -> usertable:user0027676529]
  - [ID: 003012] Size: 15786.33 KB | Range: [usertable:user0027676558 -> usertable:user0028480808]
  - [ID: 003014] Size: 15675.79 KB | Range: [usertable:user0028480809 -> usertable:user0028788030]
  - [ID: 003010] Size: 15904.37 KB | Range: [usertable:user0028788031 -> usertable:user0029410627]
  - [ID: 003011] Size: 15765.20 KB | Range: [usertable:user0029410628 -> usertable:user0029720171]
  - [ID: 003013] Size: 14252.78 KB | Range: [usertable:user0029720172 -> usertable:user0029999999]
📤 【输出阶段 - 生成的新冷数据 SST (New)】:
  - [ID: 003021] Size: 11888.09 KB | Range: [usertable:user0000003654 -> usertable:user0027595874]
  - [ID: 003023] Size: 15770.46 KB | Range: [usertable:user0027595994 -> usertable:user0028479432]
  - [ID: 003026] Size: 15745.64 KB | Range: [usertable:user0028479433 -> usertable:user0028788030]
  - [ID: 003022] Size: 15795.09 KB | Range: [usertable:user0028788031 -> usertable:user0029407138]
  - [ID: 003024] Size: 15796.83 KB | Range: [usertable:user0029407139 -> usertable:user0029718641]
  - [ID: 003025] Size: 14331.25 KB | Range: [usertable:user0029718642 -> usertable:user0029999999]
☀️ 【输出阶段 - 拦截并存入 L99 的热数据 SST (Hot)】:
  - [ID: 003027] Size:   197.83 KB | Range: [usertable:user0001520049 -> usertable:user0005699498]
badger 2026/04/10 16:11:22 INFO: 
🔥 [Compact-0] 层级变更: L0 -> L3
📥 【输入阶段 - 被选中的上层 SST (Top)】:
  - [ID: 003028] Size:  1886.43 KB | Range: [usertable:user0000448157 -> usertable:user0028173435]
  - [ID: 003029] Size:  1871.54 KB | Range: [usertable:user0000624302 -> usertable:user0029808133]
  - [ID: 003030] Size:  1881.61 KB | Range: [usertable:user0000608195 -> usertable:user0029258730]
  - [ID: 003031] Size:  1885.50 KB | Range: [usertable:user0000534733 -> usertable:user0029972144]
  - [ID: 003032] Size:  1870.38 KB | Range: [usertable:user0000604746 -> usertable:user0029892486]
📥 【输入阶段 - 涉及的底层 SST (Bot)】:
  - [ID: 003021] Size: 11888.09 KB | Range: [usertable:user0000003654 -> usertable:user0027595874]
  - [ID: 003023] Size: 15770.46 KB | Range: [usertable:user0027595994 -> usertable:user0028479432]
  - [ID: 003026] Size: 15745.64 KB | Range: [usertable:user0028479433 -> usertable:user0028788030]
  - [ID: 003022] Size: 15795.09 KB | Range: [usertable:user0028788031 -> usertable:user0029407138]
  - [ID: 003024] Size: 15796.83 KB | Range: [usertable:user0029407139 -> usertable:user0029718641]
  - [ID: 003025] Size: 14331.25 KB | Range: [usertable:user0029718642 -> usertable:user0029999999]
📤 【输出阶段 - 生成的新冷数据 SST (New)】:
  - [ID: 003034] Size: 11876.55 KB | Range: [usertable:user0000003654 -> usertable:user0027224825]
  - [ID: 003036] Size: 15764.14 KB | Range: [usertable:user0027225597 -> usertable:user0028478084]
  - [ID: 003038] Size: 15770.28 KB | Range: [usertable:user0028478085 -> usertable:user0028787140]
  - [ID: 003039] Size:    46.04 KB | Range: [usertable:user0028787141 -> usertable:user0028788030]
  - [ID: 003033] Size: 15825.62 KB | Range: [usertable:user0028788031 -> usertable:user0029409054]
  - [ID: 003035] Size: 15793.84 KB | Range: [usertable:user0029409055 -> usertable:user0029719194]
  - [ID: 003037] Size: 14304.04 KB | Range: [usertable:user0029719195 -> usertable:user0029999999]
☀️ 【输出阶段 - 拦截并存入 L99 的热数据 SST (Hot)】:
  - [ID: 003040] Size:   196.69 KB | Range: [usertable:user0001520049 -> usertable:user0005699498]
READ   - Takes(s): 480.0, Count: 2657330, OPS: 5536.1, Avg(us): 228, Min(us): 1, Max(us): 79039, 50th(us): 180, 90th(us): 463, 95th(us): 586, 99th(us): 875, 99.9th(us): 1394, 99.99th(us): 3777
TOTAL  - Takes(s): 480.0, Count: 26299373, OPS: 54790.4, Avg(us): 285, Min(us): 1, Max(us): 92095, 50th(us): 220, 90th(us): 549, 95th(us): 694, 99th(us): 1052, 99.9th(us): 1768, 99.99th(us): 41887
UPDATE - Takes(s): 480.0, Count: 23642043, OPS: 49254.3, Avg(us): 291, Min(us): 4, Max(us): 92095, 50th(us): 224, 90th(us): 558, 95th(us): 705, 99th(us): 1068, 99.9th(us): 1801, 99.99th(us): 43935
UPDATE_ERROR - Takes(s): 480.0, Count: 282869, OPS: 589.3, Avg(us): 315, Min(us): 3, Max(us): 79551, 50th(us): 256, 90th(us): 574, 95th(us): 717, 99th(us): 1057, 99.9th(us): 1921, 99.99th(us): 6891
badger 2026/04/10 16:11:26 INFO: 
🔥 [Compact-0] 层级变更: L0 -> L3
📥 【输入阶段 - 被选中的上层 SST (Top)】:
  - [ID: 003041] Size:  1876.65 KB | Range: [usertable:user0000602758 -> usertable:user0029700578]
  - [ID: 003042] Size:  1874.12 KB | Range: [usertable:user0000600750 -> usertable:user0029799821]
  - [ID: 003043] Size:  1880.81 KB | Range: [usertable:user0000383983 -> usertable:user0029866721]
  - [ID: 003044] Size:  1865.57 KB | Range: [usertable:user0000199979 -> usertable:user0028351214]
  - [ID: 003045] Size:  1895.24 KB | Range: [usertable:user0000612502 -> usertable:user0029993837]
📥 【输入阶段 - 涉及的底层 SST (Bot)】:
  - [ID: 003034] Size: 11876.55 KB | Range: [usertable:user0000003654 -> usertable:user0027224825]
  - [ID: 003036] Size: 15764.14 KB | Range: [usertable:user0027225597 -> usertable:user0028478084]
  - [ID: 003038] Size: 15770.28 KB | Range: [usertable:user0028478085 -> usertable:user0028787140]
  - [ID: 003039] Size:    46.04 KB | Range: [usertable:user0028787141 -> usertable:user0028788030]
  - [ID: 003033] Size: 15825.62 KB | Range: [usertable:user0028788031 -> usertable:user0029409054]
  - [ID: 003035] Size: 15793.84 KB | Range: [usertable:user0029409055 -> usertable:user0029719194]
  - [ID: 003037] Size: 14304.04 KB | Range: [usertable:user0029719195 -> usertable:user0029999999]
📤 【输出阶段 - 生成的新冷数据 SST (New)】:
  - [ID: 003047] Size: 11872.39 KB | Range: [usertable:user0000003654 -> usertable:user0027037018]
  - [ID: 003049] Size: 15774.24 KB | Range: [usertable:user0027037167 -> usertable:user0028477077]
  - [ID: 003052] Size: 15806.37 KB | Range: [usertable:user0028477078 -> usertable:user0028786856]
  - [ID: 003053] Size:    13.30 KB | Range: [usertable:user0028786857 -> usertable:user0028787140]
  - [ID: 003048] Size: 15782.43 KB | Range: [usertable:user0028787141 -> usertable:user0029406026]
  - [ID: 003050] Size: 15779.18 KB | Range: [usertable:user0029406027 -> usertable:user0029716887]
  - [ID: 003051] Size:   102.34 KB | Range: [usertable:user0029716888 -> usertable:user0029719194]
  - [ID: 003046] Size: 14304.11 KB | Range: [usertable:user0029719195 -> usertable:user0029999999]
☀️ 【输出阶段 - 拦截并存入 L99 的热数据 SST (Hot)】:
  - [ID: 003054] Size:   200.63 KB | Range: [usertable:user0001558007 -> usertable:user0005699886]
badger 2026/04/10 16:11:30 INFO: 
🔥 [Compact-2] 层级变更: L0 -> L3
📥 【输入阶段 - 被选中的上层 SST (Top)】:
  - [ID: 003055] Size:  1883.59 KB | Range: [usertable:user0000437334 -> usertable:user0029803912]
  - [ID: 003056] Size:  1876.72 KB | Range: [usertable:user0000632816 -> usertable:user0029870774]
  - [ID: 003057] Size:  1880.74 KB | Range: [usertable:user0000515579 -> usertable:user0029864656]
  - [ID: 003058] Size:  1872.51 KB | Range: [usertable:user0000603270 -> usertable:user0029937573]
  - [ID: 003059] Size:  1870.37 KB | Range: [usertable:user0000519579 -> usertable:user0029896865]
📥 【输入阶段 - 涉及的底层 SST (Bot)】:
  - [ID: 003047] Size: 11872.39 KB | Range: [usertable:user0000003654 -> usertable:user0027037018]
  - [ID: 003049] Size: 15774.24 KB | Range: [usertable:user0027037167 -> usertable:user0028477077]
  - [ID: 003052] Size: 15806.37 KB | Range: [usertable:user0028477078 -> usertable:user0028786856]
  - [ID: 003053] Size:    13.30 KB | Range: [usertable:user0028786857 -> usertable:user0028787140]
  - [ID: 003048] Size: 15782.43 KB | Range: [usertable:user0028787141 -> usertable:user0029406026]
  - [ID: 003050] Size: 15779.18 KB | Range: [usertable:user0029406027 -> usertable:user0029716887]
  - [ID: 003051] Size:   102.34 KB | Range: [usertable:user0029716888 -> usertable:user0029719194]
  - [ID: 003046] Size: 14304.11 KB | Range: [usertable:user0029719195 -> usertable:user0029999999]
📤 【输出阶段 - 生成的新冷数据 SST (New)】:
  - [ID: 003061] Size: 12141.95 KB | Range: [usertable:user0000003654 -> usertable:user0027780956]
  - [ID: 003063] Size: 15783.26 KB | Range: [usertable:user0027780985 -> usertable:user0028481811]
  - [ID: 003066] Size: 15566.13 KB | Range: [usertable:user0028481812 -> usertable:user0028786856]
  - [ID: 003062] Size: 15773.50 KB | Range: [usertable:user0028786857 -> usertable:user0029405583]
  - [ID: 003064] Size: 15767.42 KB | Range: [usertable:user0029405584 -> usertable:user0029716199]
  - [ID: 003065] Size:    34.18 KB | Range: [usertable:user0029716200 -> usertable:user0029716887]
  - [ID: 003060] Size: 14406.35 KB | Range: [usertable:user0029716888 -> usertable:user0029999999]
☀️ 【输出阶段 - 拦截并存入 L99 的热数据 SST (Hot)】:
  - [ID: 003067] Size:   214.91 KB | Range: [usertable:user0001520040 -> usertable:user0005699498]
READ   - Takes(s): 490.0, Count: 2705672, OPS: 5521.8, Avg(us): 228, Min(us): 1, Max(us): 79039, 50th(us): 180, 90th(us): 465, 95th(us): 589, 99th(us): 881, 99.9th(us): 1404, 99.99th(us): 3831
TOTAL  - Takes(s): 490.0, Count: 26778026, OPS: 54649.0, Avg(us): 285, Min(us): 1, Max(us): 92095, 50th(us): 220, 90th(us): 551, 95th(us): 697, 99th(us): 1058, 99.9th(us): 1781, 99.99th(us): 41695
UPDATE - Takes(s): 490.0, Count: 24072354, OPS: 49127.3, Avg(us): 292, Min(us): 4, Max(us): 92095, 50th(us): 224, 90th(us): 559, 95th(us): 708, 99th(us): 1074, 99.9th(us): 1814, 99.99th(us): 43679
UPDATE_ERROR - Takes(s): 490.0, Count: 288722, OPS: 589.2, Avg(us): 317, Min(us): 3, Max(us): 79551, 50th(us): 258, 90th(us): 577, 95th(us): 720, 99th(us): 1065, 99.9th(us): 1948, 99.99th(us): 7035
badger 2026/04/10 16:11:34 INFO: 
🔥 [Compact-2] 层级变更: L0 -> L3
📥 【输入阶段 - 被选中的上层 SST (Top)】:
  - [ID: 003068] Size:  1871.00 KB | Range: [usertable:user0000341924 -> usertable:user0029953167]
  - [ID: 003069] Size:  1883.21 KB | Range: [usertable:user0000061164 -> usertable:user0029996003]
  - [ID: 003070] Size:  1876.62 KB | Range: [usertable:user0000401407 -> usertable:user0029945646]
  - [ID: 003071] Size:  1891.56 KB | Range: [usertable:user0000601493 -> usertable:user0029717269]
  - [ID: 003072] Size:  1865.87 KB | Range: [usertable:user0000115708 -> usertable:user0029946537]
📥 【输入阶段 - 涉及的底层 SST (Bot)】:
  - [ID: 003061] Size: 12141.95 KB | Range: [usertable:user0000003654 -> usertable:user0027780956]
  - [ID: 003063] Size: 15783.26 KB | Range: [usertable:user0027780985 -> usertable:user0028481811]
  - [ID: 003066] Size: 15566.13 KB | Range: [usertable:user0028481812 -> usertable:user0028786856]
  - [ID: 003062] Size: 15773.50 KB | Range: [usertable:user0028786857 -> usertable:user0029405583]
  - [ID: 003064] Size: 15767.42 KB | Range: [usertable:user0029405584 -> usertable:user0029716199]
  - [ID: 003065] Size:    34.18 KB | Range: [usertable:user0029716200 -> usertable:user0029716887]
  - [ID: 003060] Size: 14406.35 KB | Range: [usertable:user0029716888 -> usertable:user0029999999]
📤 【输出阶段 - 生成的新冷数据 SST (New)】:
  - [ID: 003075] Size: 12141.48 KB | Range: [usertable:user0000003654 -> usertable:user0027705519]
  - [ID: 003076] Size: 15796.14 KB | Range: [usertable:user0027705677 -> usertable:user0028481018]
  - [ID: 003078] Size: 15605.66 KB | Range: [usertable:user0028481019 -> usertable:user0028786856]
  - [ID: 003074] Size: 15792.79 KB | Range: [usertable:user0028786857 -> usertable:user0029405972]
  - [ID: 003077] Size: 15782.04 KB | Range: [usertable:user0029405973 -> usertable:user0029716887]
  - [ID: 003073] Size: 14406.47 KB | Range: [usertable:user0029716888 -> usertable:user0029999999]
☀️ 【输出阶段 - 拦截并存入 L99 的热数据 SST (Hot)】:
  - [ID: 003079] Size:   204.60 KB | Range: [usertable:user0001520068 -> usertable:user0005699498]
badger 2026/04/10 16:11:38 INFO: 
🔥 [Compact-0] 层级变更: L0 -> L3
📥 【输入阶段 - 被选中的上层 SST (Top)】:
  - [ID: 003080] Size:  1882.98 KB | Range: [usertable:user0000254131 -> usertable:user0029969226]
  - [ID: 003081] Size:  1864.98 KB | Range: [usertable:user0000628782 -> usertable:user0029896726]
  - [ID: 003082] Size:  1875.36 KB | Range: [usertable:user0000538177 -> usertable:user0029956411]
  - [ID: 003083] Size:  1876.12 KB | Range: [usertable:user0000021107 -> usertable:user0029964306]
  - [ID: 003084] Size:  1865.31 KB | Range: [usertable:user0000609915 -> usertable:user0029890589]
📥 【输入阶段 - 涉及的底层 SST (Bot)】:
  - [ID: 003075] Size: 12141.48 KB | Range: [usertable:user0000003654 -> usertable:user0027705519]
  - [ID: 003076] Size: 15796.14 KB | Range: [usertable:user0027705677 -> usertable:user0028481018]
  - [ID: 003078] Size: 15605.66 KB | Range: [usertable:user0028481019 -> usertable:user0028786856]
  - [ID: 003074] Size: 15792.79 KB | Range: [usertable:user0028786857 -> usertable:user0029405972]
  - [ID: 003077] Size: 15782.04 KB | Range: [usertable:user0029405973 -> usertable:user0029716887]
  - [ID: 003073] Size: 14406.47 KB | Range: [usertable:user0029716888 -> usertable:user0029999999]
📤 【输出阶段 - 生成的新冷数据 SST (New)】:
  - [ID: 003085] Size: 12122.26 KB | Range: [usertable:user0000003654 -> usertable:user0027631404]
  - [ID: 003087] Size: 15790.00 KB | Range: [usertable:user0027631423 -> usertable:user0028479862]
  - [ID: 003090] Size: 15665.11 KB | Range: [usertable:user0028479863 -> usertable:user0028786856]
  - [ID: 003086] Size: 15773.65 KB | Range: [usertable:user0028786857 -> usertable:user0029405585]
  - [ID: 003088] Size: 15773.38 KB | Range: [usertable:user0029405586 -> usertable:user0029716297]
  - [ID: 003089] Size: 14434.57 KB | Range: [usertable:user0029716298 -> usertable:user0029999999]
☀️ 【输出阶段 - 拦截并存入 L99 的热数据 SST (Hot)】:
  - [ID: 003091] Size:   222.08 KB | Range: [usertable:user0001558026 -> usertable:user0005699498]
badger 2026/04/10 16:11:42 INFO: 
🔥 [Compact-2] 层级变更: L0 -> L3
📥 【输入阶段 - 被选中的上层 SST (Top)】:
  - [ID: 003092] Size:  1886.60 KB | Range: [usertable:user0000292285 -> usertable:user0029984940]
  - [ID: 003093] Size:  1877.69 KB | Range: [usertable:user0000602485 -> usertable:user0029956133]
  - [ID: 003094] Size:  1893.68 KB | Range: [usertable:user0000611319 -> usertable:user0028254141]
  - [ID: 003095] Size:  1872.00 KB | Range: [usertable:user0000608799 -> usertable:user0029995346]
  - [ID: 003096] Size:  1888.31 KB | Range: [usertable:user0000173088 -> usertable:user0029923564]
📥 【输入阶段 - 涉及的底层 SST (Bot)】:
  - [ID: 003085] Size: 12122.26 KB | Range: [usertable:user0000003654 -> usertable:user0027631404]
  - [ID: 003087] Size: 15790.00 KB | Range: [usertable:user0027631423 -> usertable:user0028479862]
  - [ID: 003090] Size: 15665.11 KB | Range: [usertable:user0028479863 -> usertable:user0028786856]
  - [ID: 003086] Size: 15773.65 KB | Range: [usertable:user0028786857 -> usertable:user0029405585]
  - [ID: 003088] Size: 15773.38 KB | Range: [usertable:user0029405586 -> usertable:user0029716297]
  - [ID: 003089] Size: 14434.57 KB | Range: [usertable:user0029716298 -> usertable:user0029999999]
📤 【输出阶段 - 生成的新冷数据 SST (New)】:
  - [ID: 003098] Size: 12132.87 KB | Range: [usertable:user0000003654 -> usertable:user0027293019]
  - [ID: 003099] Size: 15823.29 KB | Range: [usertable:user0027293095 -> usertable:user0028479157]
  - [ID: 003102] Size: 15699.54 KB | Range: [usertable:user0028479158 -> usertable:user0028786856]
  - [ID: 003097] Size: 15794.79 KB | Range: [usertable:user0028786857 -> usertable:user0029406003]
  - [ID: 003100] Size: 15782.92 KB | Range: [usertable:user0029406004 -> usertable:user0029716932]
  - [ID: 003101] Size: 14403.97 KB | Range: [usertable:user0029716933 -> usertable:user0029999999]
☀️ 【输出阶段 - 拦截并存入 L99 的热数据 SST (Hot)】:
  - [ID: 003103] Size:   217.78 KB | Range: [usertable:user0001520040 -> usertable:user0005699498]
READ   - Takes(s): 500.0, Count: 2755618, OPS: 5511.1, Avg(us): 229, Min(us): 1, Max(us): 79039, 50th(us): 181, 90th(us): 466, 95th(us): 591, 99th(us): 886, 99.9th(us): 1411, 99.99th(us): 3925
TOTAL  - Takes(s): 500.0, Count: 27270856, OPS: 54540.8, Avg(us): 286, Min(us): 1, Max(us): 92095, 50th(us): 220, 90th(us): 552, 95th(us): 700, 99th(us): 1064, 99.9th(us): 1790, 99.99th(us): 41503
UPDATE - Takes(s): 500.0, Count: 24515238, OPS: 49029.6, Avg(us): 292, Min(us): 4, Max(us): 92095, 50th(us): 225, 90th(us): 561, 95th(us): 711, 99th(us): 1080, 99.9th(us): 1824, 99.99th(us): 43391
UPDATE_ERROR - Takes(s): 500.0, Count: 294862, OPS: 589.7, Avg(us): 319, Min(us): 3, Max(us): 79551, 50th(us): 259, 90th(us): 579, 95th(us): 724, 99th(us): 1073, 99.9th(us): 1956, 99.99th(us): 7159
badger 2026/04/10 16:11:47 INFO: 
🔥 [Compact-3] 层级变更: L0 -> L3
📥 【输入阶段 - 被选中的上层 SST (Top)】:
  - [ID: 003104] Size:  1867.43 KB | Range: [usertable:user0000233798 -> usertable:user0029999620]
  - [ID: 003105] Size:  1884.99 KB | Range: [usertable:user0000605489 -> usertable:user0029786785]
  - [ID: 003106] Size:  1873.29 KB | Range: [usertable:user0000621298 -> usertable:user0029943787]
  - [ID: 003107] Size:  1868.88 KB | Range: [usertable:user0000590589 -> usertable:user0029959927]
  - [ID: 003108] Size:  1878.85 KB | Range: [usertable:user0000662208 -> usertable:user0029995399]
📥 【输入阶段 - 涉及的底层 SST (Bot)】:
  - [ID: 003098] Size: 12132.87 KB | Range: [usertable:user0000003654 -> usertable:user0027293019]
  - [ID: 003099] Size: 15823.29 KB | Range: [usertable:user0027293095 -> usertable:user0028479157]
  - [ID: 003102] Size: 15699.54 KB | Range: [usertable:user0028479158 -> usertable:user0028786856]
  - [ID: 003097] Size: 15794.79 KB | Range: [usertable:user0028786857 -> usertable:user0029406003]
  - [ID: 003100] Size: 15782.92 KB | Range: [usertable:user0029406004 -> usertable:user0029716932]
  - [ID: 003101] Size: 14403.97 KB | Range: [usertable:user0029716933 -> usertable:user0029999999]
📤 【输出阶段 - 生成的新冷数据 SST (New)】:
  - [ID: 003109] Size: 12103.91 KB | Range: [usertable:user0000003654 -> usertable:user0027128280]
  - [ID: 003111] Size: 15784.34 KB | Range: [usertable:user0027128476 -> usertable:user0028477313]
  - [ID: 003113] Size: 15786.44 KB | Range: [usertable:user0028477314 -> usertable:user0028786687]
  - [ID: 003114] Size:     8.75 KB | Range: [usertable:user0028786688 -> usertable:user0028786856]
  - [ID: 003110] Size: 15781.02 KB | Range: [usertable:user0028786857 -> usertable:user0029405745]
  - [ID: 003112] Size: 15798.54 KB | Range: [usertable:user0029405746 -> usertable:user0029716963]
  - [ID: 003116] Size: 14401.51 KB | Range: [usertable:user0029716964 -> usertable:user0029999999]
☀️ 【输出阶段 - 拦截并存入 L99 的热数据 SST (Hot)】:
  - [ID: 003115] Size:   224.05 KB | Range: [usertable:user0001520049 -> usertable:user0005699498]
badger 2026/04/10 16:11:51 INFO: 
🔥 [Compact-1] 层级变更: L0 -> L3
📥 【输入阶段 - 被选中的上层 SST (Top)】:
  - [ID: 003117] Size:  1869.06 KB | Range: [usertable:user0000625974 -> usertable:user0029969466]
  - [ID: 003118] Size:  1886.12 KB | Range: [usertable:user0000614936 -> usertable:user0029993483]
  - [ID: 003119] Size:  1877.32 KB | Range: [usertable:user0000619157 -> usertable:user0029969289]
  - [ID: 003120] Size:  1877.27 KB | Range: [usertable:user0000325357 -> usertable:user0029848812]
  - [ID: 003121] Size:  1880.21 KB | Range: [usertable:user0000607079 -> usertable:user0029996376]
📥 【输入阶段 - 涉及的底层 SST (Bot)】:
  - [ID: 003109] Size: 12103.91 KB | Range: [usertable:user0000003654 -> usertable:user0027128280]
  - [ID: 003111] Size: 15784.34 KB | Range: [usertable:user0027128476 -> usertable:user0028477313]
  - [ID: 003113] Size: 15786.44 KB | Range: [usertable:user0028477314 -> usertable:user0028786687]
  - [ID: 003114] Size:     8.75 KB | Range: [usertable:user0028786688 -> usertable:user0028786856]
  - [ID: 003110] Size: 15781.02 KB | Range: [usertable:user0028786857 -> usertable:user0029405745]
  - [ID: 003112] Size: 15798.54 KB | Range: [usertable:user0029405746 -> usertable:user0029716963]
  - [ID: 003116] Size: 14401.51 KB | Range: [usertable:user0029716964 -> usertable:user0029999999]
📤 【输出阶段 - 生成的新冷数据 SST (New)】:
  - [ID: 003124] Size: 12396.46 KB | Range: [usertable:user0000003654 -> usertable:user0027790720]
  - [ID: 003126] Size: 15812.27 KB | Range: [usertable:user0027790960 -> usertable:user0028482211]
  - [ID: 003127] Size: 15537.71 KB | Range: [usertable:user0028482212 -> usertable:user0028786687]
  - [ID: 003123] Size: 15801.76 KB | Range: [usertable:user0028786688 -> usertable:user0029405956]
  - [ID: 003125] Size: 15787.41 KB | Range: [usertable:user0029405957 -> usertable:user0029716963]
  - [ID: 003122] Size: 14401.10 KB | Range: [usertable:user0029716964 -> usertable:user0029999999]
☀️ 【输出阶段 - 拦截并存入 L99 的热数据 SST (Hot)】:
  - [ID: 003128] Size:   229.03 KB | Range: [usertable:user0001679236 -> usertable:user0005699498]
READ   - Takes(s): 510.0, Count: 2805737, OPS: 5501.5, Avg(us): 230, Min(us): 1, Max(us): 79039, 50th(us): 181, 90th(us): 467, 95th(us): 594, 99th(us): 890, 99.9th(us): 1416, 99.99th(us): 3839
TOTAL  - Takes(s): 510.0, Count: 27766121, OPS: 54443.4, Avg(us): 287, Min(us): 1, Max(us): 92095, 50th(us): 221, 90th(us): 554, 95th(us): 703, 99th(us): 1068, 99.9th(us): 1794, 99.99th(us): 41183
UPDATE - Takes(s): 510.0, Count: 24960384, OPS: 48942.0, Avg(us): 293, Min(us): 4, Max(us): 92095, 50th(us): 225, 90th(us): 563, 95th(us): 713, 99th(us): 1084, 99.9th(us): 1828, 99.99th(us): 43071
UPDATE_ERROR - Takes(s): 510.0, Count: 300926, OPS: 590.1, Avg(us): 320, Min(us): 3, Max(us): 79551, 50th(us): 260, 90th(us): 582, 95th(us): 728, 99th(us): 1078, 99.9th(us): 1971, 99.99th(us): 7159
badger 2026/04/10 16:11:55 INFO: 
🔥 [Compact-0] 层级变更: L0 -> L3
📥 【输入阶段 - 被选中的上层 SST (Top)】:
  - [ID: 003129] Size:  1882.91 KB | Range: [usertable:user0000602662 -> usertable:user0029963070]
  - [ID: 003130] Size:  1880.49 KB | Range: [usertable:user0000606586 -> usertable:user0029998254]
  - [ID: 003131] Size:  1877.80 KB | Range: [usertable:user0000003050 -> usertable:user0029964287]
  - [ID: 003132] Size:  1885.21 KB | Range: [usertable:user0000611999 -> usertable:user0029707496]
  - [ID: 003133] Size:  1880.17 KB | Range: [usertable:user0000634483 -> usertable:user0028180492]
📥 【输入阶段 - 涉及的底层 SST (Bot)】:
  - [ID: 003124] Size: 12396.46 KB | Range: [usertable:user0000003654 -> usertable:user0027790720]
  - [ID: 003126] Size: 15812.27 KB | Range: [usertable:user0027790960 -> usertable:user0028482211]
  - [ID: 003127] Size: 15537.71 KB | Range: [usertable:user0028482212 -> usertable:user0028786687]
  - [ID: 003123] Size: 15801.76 KB | Range: [usertable:user0028786688 -> usertable:user0029405956]
  - [ID: 003125] Size: 15787.41 KB | Range: [usertable:user0029405957 -> usertable:user0029716963]
  - [ID: 003122] Size: 14401.10 KB | Range: [usertable:user0029716964 -> usertable:user0029999999]
📤 【输出阶段 - 生成的新冷数据 SST (New)】:
  - [ID: 003135] Size: 12397.80 KB | Range: [usertable:user0000003050 -> usertable:user0027717535]
  - [ID: 003137] Size: 15850.12 KB | Range: [usertable:user0027717626 -> usertable:user0028481881]
  - [ID: 003139] Size: 15554.04 KB | Range: [usertable:user0028481882 -> usertable:user0028786687]
  - [ID: 003134] Size: 15766.11 KB | Range: [usertable:user0028786688 -> usertable:user0029405257]
  - [ID: 003136] Size: 15784.95 KB | Range: [usertable:user0029405258 -> usertable:user0029716207]
  - [ID: 003138] Size: 14439.14 KB | Range: [usertable:user0029716208 -> usertable:user0029999999]
☀️ 【输出阶段 - 拦截并存入 L99 的热数据 SST (Hot)】:
  - [ID: 003140] Size:   222.33 KB | Range: [usertable:user0001679236 -> usertable:user0005699498]
badger 2026/04/10 16:11:59 INFO: 
🔥 [Compact-2] 层级变更: L0 -> L3
📥 【输入阶段 - 被选中的上层 SST (Top)】:
  - [ID: 003141] Size:  1892.29 KB | Range: [usertable:user0000350916 -> usertable:user0029847102]
  - [ID: 003142] Size:  1879.45 KB | Range: [usertable:user0000340539 -> usertable:user0029978358]
  - [ID: 003143] Size:  1881.73 KB | Range: [usertable:user0000608569 -> usertable:user0029812929]
  - [ID: 003144] Size:  1878.53 KB | Range: [usertable:user0000239154 -> usertable:user0029946230]
  - [ID: 003145] Size:  1878.43 KB | Range: [usertable:user0000610361 -> usertable:user0029961024]
📥 【输入阶段 - 涉及的底层 SST (Bot)】:
  - [ID: 003135] Size: 12397.80 KB | Range: [usertable:user0000003050 -> usertable:user0027717535]
  - [ID: 003137] Size: 15850.12 KB | Range: [usertable:user0027717626 -> usertable:user0028481881]
  - [ID: 003139] Size: 15554.04 KB | Range: [usertable:user0028481882 -> usertable:user0028786687]
  - [ID: 003134] Size: 15766.11 KB | Range: [usertable:user0028786688 -> usertable:user0029405257]
  - [ID: 003136] Size: 15784.95 KB | Range: [usertable:user0029405258 -> usertable:user0029716207]
  - [ID: 003138] Size: 14439.14 KB | Range: [usertable:user0029716208 -> usertable:user0029999999]
📤 【输出阶段 - 生成的新冷数据 SST (New)】:
  - [ID: 003147] Size: 12431.03 KB | Range: [usertable:user0000003050 -> usertable:user0027638351]
  - [ID: 003149] Size: 15774.28 KB | Range: [usertable:user0027638543 -> usertable:user0028479208]
  - [ID: 003151] Size: 15688.17 KB | Range: [usertable:user0028479209 -> usertable:user0028786687]
  - [ID: 003146] Size: 15774.30 KB | Range: [usertable:user0028786688 -> usertable:user0029405408]
  - [ID: 003148] Size: 15765.28 KB | Range: [usertable:user0029405409 -> usertable:user0029715979]
  - [ID: 003150] Size: 14451.98 KB | Range: [usertable:user0029715980 -> usertable:user0029999999]
☀️ 【输出阶段 - 拦截并存入 L99 的热数据 SST (Hot)】:
  - [ID: 003152] Size:   220.68 KB | Range: [usertable:user0001679236 -> usertable:user0005699498]
badger 2026/04/10 16:12:03 INFO: 
🔥 [Compact-2] 层级变更: L0 -> L3
📥 【输入阶段 - 被选中的上层 SST (Top)】:
  - [ID: 003153] Size:  1879.35 KB | Range: [usertable:user0000069394 -> usertable:user0029931196]
  - [ID: 003154] Size:  1881.87 KB | Range: [usertable:user0000259841 -> usertable:user0029770855]
  - [ID: 003155] Size:  1882.28 KB | Range: [usertable:user0000370463 -> usertable:user0028187587]
  - [ID: 003156] Size:  1870.13 KB | Range: [usertable:user0000475968 -> usertable:user0029985453]
  - [ID: 003157] Size:  1887.43 KB | Range: [usertable:user0000396516 -> usertable:user0029747600]
📥 【输入阶段 - 涉及的底层 SST (Bot)】:
  - [ID: 003147] Size: 12431.03 KB | Range: [usertable:user0000003050 -> usertable:user0027638351]
  - [ID: 003149] Size: 15774.28 KB | Range: [usertable:user0027638543 -> usertable:user0028479208]
  - [ID: 003151] Size: 15688.17 KB | Range: [usertable:user0028479209 -> usertable:user0028786687]
  - [ID: 003146] Size: 15774.30 KB | Range: [usertable:user0028786688 -> usertable:user0029405408]
  - [ID: 003148] Size: 15765.28 KB | Range: [usertable:user0029405409 -> usertable:user0029715979]
  - [ID: 003150] Size: 14451.98 KB | Range: [usertable:user0029715980 -> usertable:user0029999999]
📤 【输出阶段 - 生成的新冷数据 SST (New)】:
  - [ID: 003159] Size: 12420.78 KB | Range: [usertable:user0000003050 -> usertable:user0027367570]
  - [ID: 003161] Size: 15766.53 KB | Range: [usertable:user0027367862 -> usertable:user0028477830]
  - [ID: 003163] Size: 15760.83 KB | Range: [usertable:user0028477831 -> usertable:user0028786687]
  - [ID: 003158] Size: 15764.95 KB | Range: [usertable:user0028786688 -> usertable:user0029405231]
  - [ID: 003160] Size: 15788.23 KB | Range: [usertable:user0029405232 -> usertable:user0029716241]
  - [ID: 003162] Size: 14438.15 KB | Range: [usertable:user0029716242 -> usertable:user0029999999]
☀️ 【输出阶段 - 拦截并存入 L99 的热数据 SST (Hot)】:
  - [ID: 003164] Size:   225.43 KB | Range: [usertable:user0001558007 -> usertable:user0005699498]
READ   - Takes(s): 520.0, Count: 2854520, OPS: 5489.5, Avg(us): 230, Min(us): 1, Max(us): 79039, 50th(us): 182, 90th(us): 469, 95th(us): 596, 99th(us): 895, 99.9th(us): 1426, 99.99th(us): 3839
TOTAL  - Takes(s): 520.0, Count: 28248457, OPS: 54324.1, Avg(us): 287, Min(us): 1, Max(us): 92095, 50th(us): 221, 90th(us): 555, 95th(us): 705, 99th(us): 1074, 99.9th(us): 1805, 99.99th(us): 41183
UPDATE - Takes(s): 520.0, Count: 25393937, OPS: 48834.6, Avg(us): 294, Min(us): 4, Max(us): 92095, 50th(us): 225, 90th(us): 564, 95th(us): 716, 99th(us): 1090, 99.9th(us): 1838, 99.99th(us): 43135
UPDATE_ERROR - Takes(s): 520.0, Count: 306804, OPS: 590.0, Avg(us): 322, Min(us): 3, Max(us): 79551, 50th(us): 262, 90th(us): 584, 95th(us): 731, 99th(us): 1086, 99.9th(us): 2018, 99.99th(us): 7035
badger 2026/04/10 16:12:07 INFO: 
🔥 [Compact-2] 层级变更: L0 -> L3
📥 【输入阶段 - 被选中的上层 SST (Top)】:
  - [ID: 003165] Size:  1877.84 KB | Range: [usertable:user0000228217 -> usertable:user0029767880]
  - [ID: 003166] Size:  1883.31 KB | Range: [usertable:user0000062922 -> usertable:user0029843456]
  - [ID: 003167] Size:  1876.43 KB | Range: [usertable:user0000561978 -> usertable:user0028198745]
  - [ID: 003168] Size:  1876.43 KB | Range: [usertable:user0000447414 -> usertable:user0029811032]
  - [ID: 003169] Size:  1888.11 KB | Range: [usertable:user0000391457 -> usertable:user0029935072]
📥 【输入阶段 - 涉及的底层 SST (Bot)】:
  - [ID: 003159] Size: 12420.78 KB | Range: [usertable:user0000003050 -> usertable:user0027367570]
  - [ID: 003161] Size: 15766.53 KB | Range: [usertable:user0027367862 -> usertable:user0028477830]
  - [ID: 003163] Size: 15760.83 KB | Range: [usertable:user0028477831 -> usertable:user0028786687]
  - [ID: 003158] Size: 15764.95 KB | Range: [usertable:user0028786688 -> usertable:user0029405231]
  - [ID: 003160] Size: 15788.23 KB | Range: [usertable:user0029405232 -> usertable:user0029716241]
  - [ID: 003162] Size: 14438.15 KB | Range: [usertable:user0029716242 -> usertable:user0029999999]
📤 【输出阶段 - 生成的新冷数据 SST (New)】:
  - [ID: 003170] Size: 12412.11 KB | Range: [usertable:user0000003050 -> usertable:user0027167249]
  - [ID: 003172] Size: 15766.17 KB | Range: [usertable:user0027167392 -> usertable:user0028476667]
  - [ID: 003175] Size: 15797.22 KB | Range: [usertable:user0028476668 -> usertable:user0028786275]
  - [ID: 003176] Size:    21.13 KB | Range: [usertable:user0028786276 -> usertable:user0028786687]
  - [ID: 003171] Size: 15770.97 KB | Range: [usertable:user0028786688 -> usertable:user0029405346]
  - [ID: 003173] Size: 15779.04 KB | Range: [usertable:user0029405347 -> usertable:user0029716175]
  - [ID: 003174] Size: 14441.68 KB | Range: [usertable:user0029716176 -> usertable:user0029999999]
☀️ 【输出阶段 - 拦截并存入 L99 的热数据 SST (Hot)】:
  - [ID: 003177] Size:   229.58 KB | Range: [usertable:user0001520006 -> usertable:user0005699498]
badger 2026/04/10 16:12:11 INFO: 
🔥 [Compact-1] 层级变更: L0 -> L3
📥 【输入阶段 - 被选中的上层 SST (Top)】:
  - [ID: 003178] Size:  1871.50 KB | Range: [usertable:user0000615698 -> usertable:user0029737827]
  - [ID: 003179] Size:  1888.69 KB | Range: [usertable:user0000218956 -> usertable:user0029864795]
  - [ID: 003180] Size:  1870.73 KB | Range: [usertable:user0000627340 -> usertable:user0029980782]
  - [ID: 003181] Size:  1887.76 KB | Range: [usertable:user0000269260 -> usertable:user0029896094]
  - [ID: 003182] Size:  1872.89 KB | Range: [usertable:user0000601464 -> usertable:user0029917341]
📥 【输入阶段 - 涉及的底层 SST (Bot)】:
  - [ID: 003170] Size: 12412.11 KB | Range: [usertable:user0000003050 -> usertable:user0027167249]
  - [ID: 003172] Size: 15766.17 KB | Range: [usertable:user0027167392 -> usertable:user0028476667]
  - [ID: 003175] Size: 15797.22 KB | Range: [usertable:user0028476668 -> usertable:user0028786275]
  - [ID: 003176] Size:    21.13 KB | Range: [usertable:user0028786276 -> usertable:user0028786687]
  - [ID: 003171] Size: 15770.97 KB | Range: [usertable:user0028786688 -> usertable:user0029405346]
  - [ID: 003173] Size: 15779.04 KB | Range: [usertable:user0029405347 -> usertable:user0029716175]
  - [ID: 003174] Size: 14441.68 KB | Range: [usertable:user0029716176 -> usertable:user0029999999]
📤 【输出阶段 - 生成的新冷数据 SST (New)】:
  - [ID: 003184] Size: 12399.25 KB | Range: [usertable:user0000003050 -> usertable:user0026637244]
  - [ID: 003186] Size: 15798.88 KB | Range: [usertable:user0026639021 -> usertable:user0028476218]
  - [ID: 003189] Size: 15793.09 KB | Range: [usertable:user0028476219 -> usertable:user0028785688]
  - [ID: 003190] Size:    28.27 KB | Range: [usertable:user0028785689 -> usertable:user0028786275]
  - [ID: 003185] Size: 15776.49 KB | Range: [usertable:user0028786276 -> usertable:user0029405072]
  - [ID: 003187] Size: 15773.96 KB | Range: [usertable:user0029405073 -> usertable:user0029715786]
  - [ID: 003188] Size:    20.39 KB | Range: [usertable:user0029715787 -> usertable:user0029716175]
  - [ID: 003183] Size: 14441.64 KB | Range: [usertable:user0029716176 -> usertable:user0029999999]
☀️ 【输出阶段 - 拦截并存入 L99 的热数据 SST (Hot)】:
  - [ID: 003191] Size:   216.12 KB | Range: [usertable:user0001520255 -> usertable:user0005699498]
READ   - Takes(s): 530.0, Count: 2904224, OPS: 5479.7, Avg(us): 231, Min(us): 1, Max(us): 79039, 50th(us): 182, 90th(us): 470, 95th(us): 598, 99th(us): 901, 99.9th(us): 1434, 99.99th(us): 3839
TOTAL  - Takes(s): 530.0, Count: 28739697, OPS: 54225.9, Avg(us): 288, Min(us): 1, Max(us): 92095, 50th(us): 221, 90th(us): 557, 95th(us): 708, 99th(us): 1079, 99.9th(us): 1811, 99.99th(us): 40415
UPDATE - Takes(s): 530.0, Count: 25835473, OPS: 48746.2, Avg(us): 294, Min(us): 4, Max(us): 92095, 50th(us): 226, 90th(us): 566, 95th(us): 719, 99th(us): 1095, 99.9th(us): 1843, 99.99th(us): 42943
UPDATE_ERROR - Takes(s): 530.0, Count: 312911, OPS: 590.4, Avg(us): 323, Min(us): 3, Max(us): 79551, 50th(us): 263, 90th(us): 586, 95th(us): 734, 99th(us): 1095, 99.9th(us): 2028, 99.99th(us): 7367
badger 2026/04/10 16:12:16 INFO: 
🔥 [Compact-2] 层级变更: L0 -> L3
📥 【输入阶段 - 被选中的上层 SST (Top)】:
  - [ID: 003192] Size:  1881.97 KB | Range: [usertable:user0000336160 -> usertable:user0029967727]
  - [ID: 003193] Size:  1874.73 KB | Range: [usertable:user0000039164 -> usertable:user0029990555]
  - [ID: 003194] Size:  1880.34 KB | Range: [usertable:user0000559458 -> usertable:user0029805455]
  - [ID: 003195] Size:  1880.68 KB | Range: [usertable:user0000548569 -> usertable:user0029912244]
  - [ID: 003196] Size:  1875.35 KB | Range: [usertable:user0000606140 -> usertable:user0029815032]
📥 【输入阶段 - 涉及的底层 SST (Bot)】:
  - [ID: 003184] Size: 12399.25 KB | Range: [usertable:user0000003050 -> usertable:user0026637244]
  - [ID: 003186] Size: 15798.88 KB | Range: [usertable:user0026639021 -> usertable:user0028476218]
  - [ID: 003189] Size: 15793.09 KB | Range: [usertable:user0028476219 -> usertable:user0028785688]
  - [ID: 003190] Size:    28.27 KB | Range: [usertable:user0028785689 -> usertable:user0028786275]
  - [ID: 003185] Size: 15776.49 KB | Range: [usertable:user0028786276 -> usertable:user0029405072]
  - [ID: 003187] Size: 15773.96 KB | Range: [usertable:user0029405073 -> usertable:user0029715786]
  - [ID: 003188] Size:    20.39 KB | Range: [usertable:user0029715787 -> usertable:user0029716175]
  - [ID: 003183] Size: 14441.64 KB | Range: [usertable:user0029716176 -> usertable:user0029999999]
📤 【输出阶段 - 生成的新冷数据 SST (New)】:
  - [ID: 003199] Size: 12677.98 KB | Range: [usertable:user0000003050 -> usertable:user0027728736]
  - [ID: 003201] Size: 15772.66 KB | Range: [usertable:user0027728755 -> usertable:user0028480151]
  - [ID: 003202] Size: 15591.57 KB | Range: [usertable:user0028480152 -> usertable:user0028785688]
  - [ID: 003198] Size: 15783.27 KB | Range: [usertable:user0028785689 -> usertable:user0029404669]
  - [ID: 003200] Size: 15794.24 KB | Range: [usertable:user0029404670 -> usertable:user0029715786]
  - [ID: 003197] Size: 14462.04 KB | Range: [usertable:user0029715787 -> usertable:user0029999999]
☀️ 【输出阶段 - 拦截并存入 L99 的热数据 SST (Hot)】:
  - [ID: 003203] Size:   236.77 KB | Range: [usertable:user0001558070 -> usertable:user0005699498]
badger 2026/04/10 16:12:20 INFO: 
🔥 [Compact-0] 层级变更: L0 -> L3
📥 【输入阶段 - 被选中的上层 SST (Top)】:
  - [ID: 003204] Size:  1889.55 KB | Range: [usertable:user0000376830 -> usertable:user0029721155]
  - [ID: 003205] Size:  1873.89 KB | Range: [usertable:user0000622228 -> usertable:user0029780581]
  - [ID: 003206] Size:  1885.66 KB | Range: [usertable:user0000610064 -> usertable:user0029953661]
  - [ID: 003207] Size:  1879.74 KB | Range: [usertable:user0000417715 -> usertable:user0029970371]
  - [ID: 003208] Size:  1889.22 KB | Range: [usertable:user0000613197 -> usertable:user0028391515]
📥 【输入阶段 - 涉及的底层 SST (Bot)】:
  - [ID: 003199] Size: 12677.98 KB | Range: [usertable:user0000003050 -> usertable:user0027728736]
  - [ID: 003201] Size: 15772.66 KB | Range: [usertable:user0027728755 -> usertable:user0028480151]
  - [ID: 003202] Size: 15591.57 KB | Range: [usertable:user0028480152 -> usertable:user0028785688]
  - [ID: 003198] Size: 15783.27 KB | Range: [usertable:user0028785689 -> usertable:user0029404669]
  - [ID: 003200] Size: 15794.24 KB | Range: [usertable:user0029404670 -> usertable:user0029715786]
  - [ID: 003197] Size: 14462.04 KB | Range: [usertable:user0029715787 -> usertable:user0029999999]
📤 【输出阶段 - 生成的新冷数据 SST (New)】:
  - [ID: 003209] Size: 12678.60 KB | Range: [usertable:user0000003050 -> usertable:user0027659009]
  - [ID: 003211] Size: 15802.46 KB | Range: [usertable:user0027659086 -> usertable:user0028479695]
  - [ID: 003214] Size: 15616.70 KB | Range: [usertable:user0028479696 -> usertable:user0028785688]
  - [ID: 003210] Size: 15778.48 KB | Range: [usertable:user0028785689 -> usertable:user0029404573]
  - [ID: 003212] Size: 15788.84 KB | Range: [usertable:user0029404574 -> usertable:user0029715582]
  - [ID: 003213] Size: 14471.84 KB | Range: [usertable:user0029715583 -> usertable:user0029999999]
☀️ 【输出阶段 - 拦截并存入 L99 的热数据 SST (Hot)】:
  - [ID: 003215] Size:   236.40 KB | Range: [usertable:user0001558098 -> usertable:user0005699886]
READ   - Takes(s): 540.0, Count: 2951571, OPS: 5465.9, Avg(us): 232, Min(us): 1, Max(us): 79039, 50th(us): 183, 90th(us): 471, 95th(us): 600, 99th(us): 906, 99.9th(us): 1446, 99.99th(us): 3889
TOTAL  - Takes(s): 540.0, Count: 29207232, OPS: 54087.5, Avg(us): 288, Min(us): 1, Max(us): 92095, 50th(us): 222, 90th(us): 559, 95th(us): 711, 99th(us): 1084, 99.9th(us): 1821, 99.99th(us): 40255
UPDATE - Takes(s): 540.0, Count: 26255661, OPS: 48621.6, Avg(us): 295, Min(us): 4, Max(us): 92095, 50th(us): 226, 90th(us): 568, 95th(us): 722, 99th(us): 1100, 99.9th(us): 1853, 99.99th(us): 42879
UPDATE_ERROR - Takes(s): 540.0, Count: 318804, OPS: 590.4, Avg(us): 325, Min(us): 3, Max(us): 79551, 50th(us): 264, 90th(us): 589, 95th(us): 738, 99th(us): 1102, 99.9th(us): 2071, 99.99th(us): 7367
badger 2026/04/10 16:12:24 INFO: 
🔥 [Compact-0] 层级变更: L0 -> L3
📥 【输入阶段 - 被选中的上层 SST (Top)】:
  - [ID: 003216] Size:  1875.48 KB | Range: [usertable:user0000073931 -> usertable:user0029888926]
  - [ID: 003217] Size:  1870.19 KB | Range: [usertable:user0000611319 -> usertable:user0029929735]
  - [ID: 003218] Size:  1888.14 KB | Range: [usertable:user0000052823 -> usertable:user0029839767]
  - [ID: 003219] Size:  1881.88 KB | Range: [usertable:user0000444698 -> usertable:user0029977927]
  - [ID: 003220] Size:  1891.23 KB | Range: [usertable:user0000624235 -> usertable:user0029862471]
📥 【输入阶段 - 涉及的底层 SST (Bot)】:
  - [ID: 003209] Size: 12678.60 KB | Range: [usertable:user0000003050 -> usertable:user0027659009]
  - [ID: 003211] Size: 15802.46 KB | Range: [usertable:user0027659086 -> usertable:user0028479695]
  - [ID: 003214] Size: 15616.70 KB | Range: [usertable:user0028479696 -> usertable:user0028785688]
  - [ID: 003210] Size: 15778.48 KB | Range: [usertable:user0028785689 -> usertable:user0029404573]
  - [ID: 003212] Size: 15788.84 KB | Range: [usertable:user0029404574 -> usertable:user0029715582]
  - [ID: 003213] Size: 14471.84 KB | Range: [usertable:user0029715583 -> usertable:user0029999999]
📤 【输出阶段 - 生成的新冷数据 SST (New)】:
  - [ID: 003222] Size: 12704.10 KB | Range: [usertable:user0000003050 -> usertable:user0027530105]
  - [ID: 003224] Size: 15786.35 KB | Range: [usertable:user0027530124 -> usertable:user0028478179]
  - [ID: 003226] Size: 15692.46 KB | Range: [usertable:user0028478180 -> usertable:user0028785688]
  - [ID: 003221] Size: 15817.52 KB | Range: [usertable:user0028785689 -> usertable:user0029405322]
  - [ID: 003223] Size: 15777.38 KB | Range: [usertable:user0029405323 -> usertable:user0029716125]
  - [ID: 003225] Size: 14445.01 KB | Range: [usertable:user0029716126 -> usertable:user0029999999]
☀️ 【输出阶段 - 拦截并存入 L99 的热数据 SST (Hot)】:
  - [ID: 003227] Size:   231.66 KB | Range: [usertable:user0001679202 -> usertable:user0005699498]
badger 2026/04/10 16:12:28 INFO: 
🔥 [Compact-0] 层级变更: L0 -> L3
📥 【输入阶段 - 被选中的上层 SST (Top)】:
  - [ID: 003228] Size:  1881.29 KB | Range: [usertable:user0000600803 -> usertable:user0029926511]
  - [ID: 003229] Size:  1884.31 KB | Range: [usertable:user0000038747 -> usertable:user0029937611]
  - [ID: 003230] Size:  1886.16 KB | Range: [usertable:user0000301374 -> usertable:user0029961556]
  - [ID: 003231] Size:  1891.04 KB | Range: [usertable:user0000244472 -> usertable:user0029790455]
  - [ID: 003232] Size:  1878.61 KB | Range: [usertable:user0000618218 -> usertable:user0029952952]
📥 【输入阶段 - 涉及的底层 SST (Bot)】:
  - [ID: 003222] Size: 12704.10 KB | Range: [usertable:user0000003050 -> usertable:user0027530105]
  - [ID: 003224] Size: 15786.35 KB | Range: [usertable:user0027530124 -> usertable:user0028478179]
  - [ID: 003226] Size: 15692.46 KB | Range: [usertable:user0028478180 -> usertable:user0028785688]
  - [ID: 003221] Size: 15817.52 KB | Range: [usertable:user0028785689 -> usertable:user0029405322]
  - [ID: 003223] Size: 15777.38 KB | Range: [usertable:user0029405323 -> usertable:user0029716125]
  - [ID: 003225] Size: 14445.01 KB | Range: [usertable:user0029716126 -> usertable:user0029999999]
📤 【输出阶段 - 生成的新冷数据 SST (New)】:
  - [ID: 003234] Size: 12710.08 KB | Range: [usertable:user0000003050 -> usertable:user0027228926]
  - [ID: 003236] Size: 15865.18 KB | Range: [usertable:user0027229046 -> usertable:user0028478555]
  - [ID: 003238] Size: 15673.04 KB | Range: [usertable:user0028478556 -> usertable:user0028785688]
  - [ID: 003233] Size: 15775.70 KB | Range: [usertable:user0028785689 -> usertable:user0029404520]
  - [ID: 003235] Size: 15777.51 KB | Range: [usertable:user0029404521 -> usertable:user0029715283]
  - [ID: 003237] Size: 14486.40 KB | Range: [usertable:user0029715284 -> usertable:user0029999999]
☀️ 【输出阶段 - 拦截并存入 L99 的热数据 SST (Hot)】:
  - [ID: 003239] Size:   213.82 KB | Range: [usertable:user0001558026 -> usertable:user0005699498]
badger 2026/04/10 16:12:33 INFO: 
🔥 [Compact-0] 层级变更: L0 -> L3
📥 【输入阶段 - 被选中的上层 SST (Top)】:
  - [ID: 003240] Size:  1876.11 KB | Range: [usertable:user0000605259 -> usertable:user0029820474]
  - [ID: 003241] Size:  1881.67 KB | Range: [usertable:user0000629395 -> usertable:user0029943729]
  - [ID: 003242] Size:  1869.77 KB | Range: [usertable:user0000193842 -> usertable:user0029998077]
  - [ID: 003243] Size:  1881.50 KB | Range: [usertable:user0000617207 -> usertable:user0029929697]
  - [ID: 003244] Size:  1879.11 KB | Range: [usertable:user0000604262 -> usertable:user0029884006]
📥 【输入阶段 - 涉及的底层 SST (Bot)】:
  - [ID: 003234] Size: 12710.08 KB | Range: [usertable:user0000003050 -> usertable:user0027228926]
  - [ID: 003236] Size: 15865.18 KB | Range: [usertable:user0027229046 -> usertable:user0028478555]
  - [ID: 003238] Size: 15673.04 KB | Range: [usertable:user0028478556 -> usertable:user0028785688]
  - [ID: 003233] Size: 15775.70 KB | Range: [usertable:user0028785689 -> usertable:user0029404520]
  - [ID: 003235] Size: 15777.51 KB | Range: [usertable:user0029404521 -> usertable:user0029715283]
  - [ID: 003237] Size: 14486.40 KB | Range: [usertable:user0029715284 -> usertable:user0029999999]
📤 【输出阶段 - 生成的新冷数据 SST (New)】:
  - [ID: 003245] Size: 12677.58 KB | Range: [usertable:user0000003050 -> usertable:user0027068437]
  - [ID: 003248] Size: 15791.26 KB | Range: [usertable:user0027068734 -> usertable:user0028476007]
  - [ID: 003250] Size: 15782.71 KB | Range: [usertable:user0028476008 -> usertable:user0028785264]
  - [ID: 003251] Size:    21.95 KB | Range: [usertable:user0028785265 -> usertable:user0028785688]
  - [ID: 003246] Size: 15776.32 KB | Range: [usertable:user0028785689 -> usertable:user0029404534]
  - [ID: 003247] Size: 15777.08 KB | Range: [usertable:user0029404535 -> usertable:user0029715283]
  - [ID: 003249] Size: 14486.32 KB | Range: [usertable:user0029715284 -> usertable:user0029999999]
☀️ 【输出阶段 - 拦截并存入 L99 的热数据 SST (Hot)】:
  - [ID: 003252] Size:   241.96 KB | Range: [usertable:user0001679255 -> usertable:user0005699498]
**********************************************
Run finished, takes 9m9.867643777s
READ   - Takes(s): 549.9, Count: 2998895, OPS: 5453.9, Avg(us): 232, Min(us): 1, Max(us): 79039, 50th(us): 183, 90th(us): 472, 95th(us): 602, 99th(us): 910, 99.9th(us): 1452, 99.99th(us): 3967
TOTAL  - Takes(s): 549.9, Count: 29675457, OPS: 53968.5, Avg(us): 289, Min(us): 1, Max(us): 92095, 50th(us): 222, 90th(us): 560, 95th(us): 713, 99th(us): 1089, 99.9th(us): 1825, 99.99th(us): 40191
UPDATE - Takes(s): 549.9, Count: 26676562, OPS: 48514.6, Avg(us): 295, Min(us): 4, Max(us): 92095, 50th(us): 226, 90th(us): 569, 95th(us): 724, 99th(us): 1105, 99.9th(us): 1857, 99.99th(us): 42783
UPDATE_ERROR - Takes(s): 549.9, Count: 324543, OPS: 590.2, Avg(us): 327, Min(us): 3, Max(us): 79551, 50th(us): 266, 90th(us): 591, 95th(us): 741, 99th(us): 1108, 99.9th(us): 2085, 99.99th(us): 7367
badger 2026/04/10 16:12:34 INFO: Lifetime L0 stalled for: 0s
badger 2026/04/10 16:12:34 INFO: 
Level 0 [ ]: NumTables: 02. Size: 3.5 MiB of 0 B. Score: 0.00->0.00 StaleData: 0 B Target FileSize: 4.0 MiB
Level 1 [ ]: NumTables: 00. Size: 0 B of 26 MiB. Score: 0.00->0.00 StaleData: 0 B Target FileSize: 4.0 MiB
Level 2 [ ]: NumTables: 00. Size: 0 B of 52 MiB. Score: 0.00->0.00 StaleData: 0 B Target FileSize: 8.0 MiB
Level 3 [B]: NumTables: 07. Size: 88 MiB of 104 MiB. Score: 0.00->0.00 StaleData: 0 B Target FileSize: 16 MiB
Level 4 [ ]: NumTables: 20. Size: 196 MiB of 209 MiB. Score: 0.00->0.00 StaleData: 0 B Target FileSize: 32 MiB
Level 5 [ ]: NumTables: 31. Size: 391 MiB of 418 MiB. Score: 0.00->0.00 StaleData: 0 B Target FileSize: 64 MiB
Level 6 [ ]: NumTables: 75. Size: 836 MiB of 836 MiB. Score: 0.00->0.00 StaleData: 0 B Target FileSize: 128 MiB
Level 99 [H]: NumTables: 146. Size: 30 MiB of ∞. Score: 0.00->0.00 StaleData: 0 B Target FileSize: ∞
Level Done

=======================================================
🏆 [YCSB 终极结算] 压测及引擎落盘已全部完成
=======================================================
🎯 [分母] 纯应用层逻辑写入: 1603.35 MB
💿 [分子] OS内核级物理写入: 18295.18 MB  (19183882240 Bytes)
🔥 [核弹级数据] 最终系统级写放大 (System WA): 11.41 x
>>> [PHYSICAL_IO_RESULT] 18295.18
=======================================================

