=== 【heatLSM_Badger_NL98M】 Threads: 1, Round: 1 测试报告 ===
>>> --- Load Phase ---
Using request distribution 'zipfian' a keyrange of [0 10000000]
badger 2026/06/23 15:57:24 INFO: All 0 tables opened in 0s
badger 2026/06/23 15:57:24 INFO: Discard stats nextEmptySlot: 0
badger 2026/06/23 15:57:24 INFO: Set nextTxnTs to 0
***************** properties *****************
"threadcount"="1"
"readproportion"="0.5"
"readallfields"="true"
"command"="load"
"badger.sync_writes"="false"
"insertproportion"="0"
"badger.num_compactors"="4"
"fieldcount"="1"
"dotransactions"="false"
"updateproportion"="0.5"
"requestdistribution"="zipfian"
"scanproportion"="0"
"table"="usertable"
"badger.valuedir"="./zzl_badger_data"
"badger.dir"="./zzl_badger_data"
"recordcount"="10000000"
"fieldlength"="1024"
"operationcount"="10000000"
"workload"="core"
**********************************************
INSERT - Takes(s): 10.0, Count: 116954, OPS: 11694.3, Avg(us): 48, Min(us): 12, Max(us): 35391, 50th(us): 41, 90th(us): 73, 95th(us): 99, 99th(us): 160, 99.9th(us): 243, 99.99th(us): 582
TOTAL  - Takes(s): 10.0, Count: 116954, OPS: 11695.2, Avg(us): 48, Min(us): 12, Max(us): 35391, 50th(us): 41, 90th(us): 73, 95th(us): 99, 99th(us): 160, 99.9th(us): 243, 99.99th(us): 582
INSERT - Takes(s): 20.0, Count: 239621, OPS: 11980.6, Avg(us): 47, Min(us): 8, Max(us): 86655, 50th(us): 39, 90th(us): 71, 95th(us): 98, 99th(us): 164, 99.9th(us): 352, 99.99th(us): 1152
TOTAL  - Takes(s): 20.0, Count: 239621, OPS: 11980.3, Avg(us): 47, Min(us): 8, Max(us): 86655, 50th(us): 39, 90th(us): 71, 95th(us): 98, 99th(us): 164, 99.9th(us): 352, 99.99th(us): 1152
INSERT - Takes(s): 30.0, Count: 358327, OPS: 11944.0, Avg(us): 47, Min(us): 8, Max(us): 107711, 50th(us): 38, 90th(us): 71, 95th(us): 97, 99th(us): 162, 99.9th(us): 328, 99.99th(us): 1293
TOTAL  - Takes(s): 30.0, Count: 358327, OPS: 11943.8, Avg(us): 47, Min(us): 8, Max(us): 107711, 50th(us): 38, 90th(us): 71, 95th(us): 97, 99th(us): 162, 99.9th(us): 328, 99.99th(us): 1293
INSERT - Takes(s): 40.0, Count: 490771, OPS: 12268.9, Avg(us): 45, Min(us): 8, Max(us): 107711, 50th(us): 37, 90th(us): 67, 95th(us): 92, 99th(us): 156, 99.9th(us): 294, 99.99th(us): 1290
TOTAL  - Takes(s): 40.0, Count: 490771, OPS: 12269.2, Avg(us): 45, Min(us): 8, Max(us): 107711, 50th(us): 37, 90th(us): 67, 95th(us): 92, 99th(us): 156, 99.9th(us): 294, 99.99th(us): 1290
INSERT - Takes(s): 50.0, Count: 629431, OPS: 12588.4, Avg(us): 44, Min(us): 8, Max(us): 107711, 50th(us): 36, 90th(us): 64, 95th(us): 88, 99th(us): 154, 99.9th(us): 305, 99.99th(us): 1473
TOTAL  - Takes(s): 50.0, Count: 629431, OPS: 12588.3, Avg(us): 44, Min(us): 8, Max(us): 107711, 50th(us): 36, 90th(us): 64, 95th(us): 88, 99th(us): 154, 99.9th(us): 305, 99.99th(us): 1473
INSERT - Takes(s): 60.0, Count: 759049, OPS: 12650.7, Avg(us): 43, Min(us): 8, Max(us): 107711, 50th(us): 35, 90th(us): 63, 95th(us): 87, 99th(us): 151, 99.9th(us): 299, 99.99th(us): 2611
TOTAL  - Takes(s): 60.0, Count: 759049, OPS: 12650.6, Avg(us): 43, Min(us): 8, Max(us): 107711, 50th(us): 35, 90th(us): 63, 95th(us): 87, 99th(us): 151, 99.9th(us): 299, 99.99th(us): 2611
INSERT - Takes(s): 70.0, Count: 896477, OPS: 12806.7, Avg(us): 42, Min(us): 8, Max(us): 107711, 50th(us): 35, 90th(us): 61, 95th(us): 85, 99th(us): 148, 99.9th(us): 284, 99.99th(us): 2209
TOTAL  - Takes(s): 70.0, Count: 896477, OPS: 12806.6, Avg(us): 42, Min(us): 8, Max(us): 107711, 50th(us): 35, 90th(us): 61, 95th(us): 85, 99th(us): 148, 99.9th(us): 284, 99.99th(us): 2209
INSERT - Takes(s): 80.0, Count: 1024798, OPS: 12809.8, Avg(us): 42, Min(us): 8, Max(us): 107711, 50th(us): 34, 90th(us): 62, 95th(us): 86, 99th(us): 149, 99.9th(us): 297, 99.99th(us): 3079
TOTAL  - Takes(s): 80.0, Count: 1024798, OPS: 12809.9, Avg(us): 42, Min(us): 8, Max(us): 107711, 50th(us): 34, 90th(us): 62, 95th(us): 86, 99th(us): 149, 99.9th(us): 297, 99.99th(us): 3079
INSERT - Takes(s): 90.0, Count: 1163046, OPS: 12922.5, Avg(us): 42, Min(us): 8, Max(us): 107711, 50th(us): 34, 90th(us): 60, 95th(us): 84, 99th(us): 147, 99.9th(us): 287, 99.99th(us): 2471
TOTAL  - Takes(s): 90.0, Count: 1163046, OPS: 12922.7, Avg(us): 42, Min(us): 8, Max(us): 107711, 50th(us): 34, 90th(us): 60, 95th(us): 84, 99th(us): 147, 99.9th(us): 287, 99.99th(us): 2471
INSERT - Takes(s): 100.0, Count: 1299649, OPS: 12996.4, Avg(us): 41, Min(us): 8, Max(us): 107711, 50th(us): 33, 90th(us): 60, 95th(us): 84, 99th(us): 145, 99.9th(us): 285, 99.99th(us): 2459
TOTAL  - Takes(s): 100.0, Count: 1299649, OPS: 12996.4, Avg(us): 41, Min(us): 8, Max(us): 107711, 50th(us): 33, 90th(us): 60, 95th(us): 84, 99th(us): 145, 99.9th(us): 285, 99.99th(us): 2459
INSERT - Takes(s): 110.0, Count: 1441803, OPS: 13107.1, Avg(us): 41, Min(us): 8, Max(us): 107711, 50th(us): 33, 90th(us): 59, 95th(us): 82, 99th(us): 144, 99.9th(us): 289, 99.99th(us): 2199
TOTAL  - Takes(s): 110.0, Count: 1441803, OPS: 13107.3, Avg(us): 41, Min(us): 8, Max(us): 107711, 50th(us): 33, 90th(us): 59, 95th(us): 82, 99th(us): 144, 99.9th(us): 289, 99.99th(us): 2199
INSERT - Takes(s): 120.0, Count: 1561613, OPS: 13013.4, Avg(us): 41, Min(us): 8, Max(us): 107711, 50th(us): 33, 90th(us): 59, 95th(us): 83, 99th(us): 145, 99.9th(us): 298, 99.99th(us): 3641
TOTAL  - Takes(s): 120.0, Count: 1561613, OPS: 13013.3, Avg(us): 41, Min(us): 8, Max(us): 107711, 50th(us): 33, 90th(us): 59, 95th(us): 83, 99th(us): 145, 99.9th(us): 298, 99.99th(us): 3641
INSERT - Takes(s): 130.0, Count: 1686601, OPS: 12973.8, Avg(us): 41, Min(us): 8, Max(us): 107711, 50th(us): 33, 90th(us): 59, 95th(us): 84, 99th(us): 145, 99.9th(us): 291, 99.99th(us): 3403
TOTAL  - Takes(s): 130.0, Count: 1686601, OPS: 12973.9, Avg(us): 41, Min(us): 8, Max(us): 107711, 50th(us): 33, 90th(us): 59, 95th(us): 84, 99th(us): 145, 99.9th(us): 291, 99.99th(us): 3403
INSERT - Takes(s): 140.0, Count: 1815972, OPS: 12971.2, Avg(us): 41, Min(us): 8, Max(us): 107711, 50th(us): 33, 90th(us): 59, 95th(us): 84, 99th(us): 147, 99.9th(us): 309, 99.99th(us): 3527
TOTAL  - Takes(s): 140.0, Count: 1815972, OPS: 12971.2, Avg(us): 41, Min(us): 8, Max(us): 107711, 50th(us): 33, 90th(us): 59, 95th(us): 84, 99th(us): 147, 99.9th(us): 309, 99.99th(us): 3527
INSERT - Takes(s): 150.0, Count: 1943541, OPS: 12956.8, Avg(us): 41, Min(us): 8, Max(us): 107711, 50th(us): 33, 90th(us): 59, 95th(us): 84, 99th(us): 146, 99.9th(us): 309, 99.99th(us): 4443
TOTAL  - Takes(s): 150.0, Count: 1943541, OPS: 12956.9, Avg(us): 41, Min(us): 8, Max(us): 107711, 50th(us): 33, 90th(us): 59, 95th(us): 84, 99th(us): 146, 99.9th(us): 309, 99.99th(us): 4443
INSERT - Takes(s): 160.0, Count: 2083980, OPS: 13024.7, Avg(us): 41, Min(us): 8, Max(us): 107711, 50th(us): 33, 90th(us): 58, 95th(us): 82, 99th(us): 145, 99.9th(us): 301, 99.99th(us): 4267
TOTAL  - Takes(s): 160.0, Count: 2083980, OPS: 13024.8, Avg(us): 41, Min(us): 8, Max(us): 107711, 50th(us): 33, 90th(us): 58, 95th(us): 82, 99th(us): 145, 99.9th(us): 301, 99.99th(us): 4267
INSERT - Takes(s): 170.0, Count: 2212121, OPS: 13012.4, Avg(us): 41, Min(us): 8, Max(us): 107711, 50th(us): 33, 90th(us): 58, 95th(us): 83, 99th(us): 146, 99.9th(us): 309, 99.99th(us): 4771
TOTAL  - Takes(s): 170.0, Count: 2212121, OPS: 13012.4, Avg(us): 41, Min(us): 8, Max(us): 107711, 50th(us): 33, 90th(us): 58, 95th(us): 83, 99th(us): 146, 99.9th(us): 309, 99.99th(us): 4771
INSERT - Takes(s): 180.0, Count: 2354334, OPS: 13079.5, Avg(us): 41, Min(us): 8, Max(us): 107711, 50th(us): 33, 90th(us): 58, 95th(us): 81, 99th(us): 144, 99.9th(us): 302, 99.99th(us): 4539
TOTAL  - Takes(s): 180.0, Count: 2354334, OPS: 13079.6, Avg(us): 41, Min(us): 8, Max(us): 107711, 50th(us): 33, 90th(us): 58, 95th(us): 81, 99th(us): 144, 99.9th(us): 302, 99.99th(us): 4539
INSERT - Takes(s): 190.0, Count: 2481298, OPS: 13059.4, Avg(us): 41, Min(us): 8, Max(us): 107711, 50th(us): 33, 90th(us): 58, 95th(us): 82, 99th(us): 144, 99.9th(us): 306, 99.99th(us): 5047
TOTAL  - Takes(s): 190.0, Count: 2481298, OPS: 13059.4, Avg(us): 41, Min(us): 8, Max(us): 107711, 50th(us): 33, 90th(us): 58, 95th(us): 82, 99th(us): 144, 99.9th(us): 306, 99.99th(us): 5047
INSERT - Takes(s): 200.0, Count: 2626505, OPS: 13132.4, Avg(us): 41, Min(us): 8, Max(us): 107711, 50th(us): 32, 90th(us): 57, 95th(us): 81, 99th(us): 143, 99.9th(us): 305, 99.99th(us): 4903
TOTAL  - Takes(s): 200.0, Count: 2626505, OPS: 13132.5, Avg(us): 41, Min(us): 8, Max(us): 107711, 50th(us): 32, 90th(us): 57, 95th(us): 81, 99th(us): 143, 99.9th(us): 305, 99.99th(us): 4903
INSERT - Takes(s): 210.0, Count: 2753304, OPS: 13110.9, Avg(us): 41, Min(us): 8, Max(us): 107711, 50th(us): 32, 90th(us): 57, 95th(us): 81, 99th(us): 143, 99.9th(us): 307, 99.99th(us): 5583
TOTAL  - Takes(s): 210.0, Count: 2753304, OPS: 13111.0, Avg(us): 41, Min(us): 8, Max(us): 107711, 50th(us): 32, 90th(us): 57, 95th(us): 81, 99th(us): 143, 99.9th(us): 307, 99.99th(us): 5583
INSERT - Takes(s): 220.0, Count: 2889314, OPS: 13133.2, Avg(us): 41, Min(us): 8, Max(us): 107711, 50th(us): 32, 90th(us): 57, 95th(us): 80, 99th(us): 142, 99.9th(us): 300, 99.99th(us): 5187
TOTAL  - Takes(s): 220.0, Count: 2889314, OPS: 13133.2, Avg(us): 41, Min(us): 8, Max(us): 107711, 50th(us): 32, 90th(us): 57, 95th(us): 80, 99th(us): 142, 99.9th(us): 300, 99.99th(us): 5187
INSERT - Takes(s): 230.0, Count: 3025853, OPS: 13155.9, Avg(us): 40, Min(us): 7, Max(us): 107711, 50th(us): 32, 90th(us): 56, 95th(us): 80, 99th(us): 142, 99.9th(us): 304, 99.99th(us): 5143
TOTAL  - Takes(s): 230.0, Count: 3025853, OPS: 13155.8, Avg(us): 40, Min(us): 7, Max(us): 107711, 50th(us): 32, 90th(us): 56, 95th(us): 80, 99th(us): 142, 99.9th(us): 304, 99.99th(us): 5143
INSERT - Takes(s): 240.0, Count: 3161114, OPS: 13171.2, Avg(us): 40, Min(us): 7, Max(us): 107711, 50th(us): 32, 90th(us): 56, 95th(us): 79, 99th(us): 142, 99.9th(us): 304, 99.99th(us): 5595
TOTAL  - Takes(s): 240.0, Count: 3161114, OPS: 13171.3, Avg(us): 40, Min(us): 7, Max(us): 107711, 50th(us): 32, 90th(us): 56, 95th(us): 79, 99th(us): 142, 99.9th(us): 304, 99.99th(us): 5595
INSERT - Takes(s): 250.0, Count: 3302715, OPS: 13210.8, Avg(us): 40, Min(us): 7, Max(us): 107711, 50th(us): 32, 90th(us): 56, 95th(us): 79, 99th(us): 141, 99.9th(us): 298, 99.99th(us): 5311
TOTAL  - Takes(s): 250.0, Count: 3302715, OPS: 13210.8, Avg(us): 40, Min(us): 7, Max(us): 107711, 50th(us): 32, 90th(us): 56, 95th(us): 79, 99th(us): 141, 99.9th(us): 298, 99.99th(us): 5311
INSERT - Takes(s): 260.0, Count: 3421644, OPS: 13160.1, Avg(us): 40, Min(us): 7, Max(us): 107711, 50th(us): 32, 90th(us): 56, 95th(us): 80, 99th(us): 142, 99.9th(us): 309, 99.99th(us): 6299
TOTAL  - Takes(s): 260.0, Count: 3421644, OPS: 13160.2, Avg(us): 40, Min(us): 7, Max(us): 107711, 50th(us): 32, 90th(us): 56, 95th(us): 80, 99th(us): 142, 99.9th(us): 309, 99.99th(us): 6299
INSERT - Takes(s): 270.0, Count: 3557306, OPS: 13175.2, Avg(us): 40, Min(us): 7, Max(us): 107711, 50th(us): 32, 90th(us): 56, 95th(us): 79, 99th(us): 142, 99.9th(us): 305, 99.99th(us): 6175
TOTAL  - Takes(s): 270.0, Count: 3557306, OPS: 13175.2, Avg(us): 40, Min(us): 7, Max(us): 107711, 50th(us): 32, 90th(us): 56, 95th(us): 79, 99th(us): 142, 99.9th(us): 305, 99.99th(us): 6175
badger 2026/06/23 16:02:01 INFO: [1] [E] LOG Compact 0->5 (5, 41 -> 87 tables with 5 splits). [01998 01999 02000 02001 02002 . 01812 01815 01816 01817 01818 01819 01820 01821 01822 01823 01824 01825 01826 01827 01828 01829 01830 01831 01832 01833 01834 01835 01836 01837 01838 01839 01841 01842 01843 01845 01846 01847 01848 01849 01850 01851 01852 01853 01854 01855 01813 .] -> [02003 02010 02014 02017 02022 02027 02032 02036 02039 02042 02047 02050 02051 02052 02053 02054 02055 02056 02057 02058 02059 02060 02061 02062 02063 02064 02065 02066 02067 02068 02069 02070 02071 02072 02073 02074 02075 02076 02077 02078 02079 02080 02081 02082 02083 02084 02085 02086 02087 02088 02089 02004 02009 02015 02018 02023 02028 02033 02038 02043 02005 02011 02016 02021 02024 02030 02035 02040 02045 02046 02007 02012 02020 02026 02034 02037 02041 02044 02048 02049 02006 02008 02013 02019 02025 02029 02031 .], took 2.514s
, deleted -5091 bytes
INSERT - Takes(s): 280.0, Count: 3669972, OPS: 13107.0, Avg(us): 41, Min(us): 7, Max(us): 107711, 50th(us): 32, 90th(us): 57, 95th(us): 81, 99th(us): 143, 99.9th(us): 308, 99.99th(us): 6731
TOTAL  - Takes(s): 280.0, Count: 3669972, OPS: 13107.0, Avg(us): 41, Min(us): 7, Max(us): 107711, 50th(us): 32, 90th(us): 57, 95th(us): 81, 99th(us): 143, 99.9th(us): 308, 99.99th(us): 6731
INSERT - Takes(s): 290.0, Count: 3809079, OPS: 13134.7, Avg(us): 41, Min(us): 7, Max(us): 118911, 50th(us): 32, 90th(us): 56, 95th(us): 80, 99th(us): 143, 99.9th(us): 314, 99.99th(us): 6655
TOTAL  - Takes(s): 290.0, Count: 3809079, OPS: 13134.7, Avg(us): 41, Min(us): 7, Max(us): 118911, 50th(us): 32, 90th(us): 56, 95th(us): 80, 99th(us): 143, 99.9th(us): 314, 99.99th(us): 6655
INSERT - Takes(s): 300.0, Count: 3938088, OPS: 13126.9, Avg(us): 41, Min(us): 7, Max(us): 118911, 50th(us): 32, 90th(us): 56, 95th(us): 80, 99th(us): 143, 99.9th(us): 315, 99.99th(us): 6787
TOTAL  - Takes(s): 300.0, Count: 3938088, OPS: 13126.9, Avg(us): 41, Min(us): 7, Max(us): 118911, 50th(us): 32, 90th(us): 56, 95th(us): 80, 99th(us): 143, 99.9th(us): 315, 99.99th(us): 6787
INSERT - Takes(s): 310.0, Count: 4068512, OPS: 13124.2, Avg(us): 41, Min(us): 7, Max(us): 118911, 50th(us): 32, 90th(us): 56, 95th(us): 80, 99th(us): 143, 99.9th(us): 315, 99.99th(us): 7179
TOTAL  - Takes(s): 310.0, Count: 4068512, OPS: 13124.2, Avg(us): 41, Min(us): 7, Max(us): 118911, 50th(us): 32, 90th(us): 56, 95th(us): 80, 99th(us): 143, 99.9th(us): 315, 99.99th(us): 7179
INSERT - Takes(s): 320.0, Count: 4207725, OPS: 13149.1, Avg(us): 41, Min(us): 7, Max(us): 118911, 50th(us): 32, 90th(us): 56, 95th(us): 80, 99th(us): 143, 99.9th(us): 319, 99.99th(us): 6927
TOTAL  - Takes(s): 320.0, Count: 4207725, OPS: 13149.1, Avg(us): 41, Min(us): 7, Max(us): 118911, 50th(us): 32, 90th(us): 56, 95th(us): 80, 99th(us): 143, 99.9th(us): 319, 99.99th(us): 6927
badger 2026/06/23 16:02:51 INFO: [0] [E] LOG Compact 5->6 (1, 152 -> 125 tables with 5 splits). [02541 . 02168 02173 02184 02194 02196 02198 02177 02181 02185 02186 02178 02182 02183 02175 02179 02180 02162 02163 02153 02158 02159 02150 02152 02116 02119 02122 02107 02110 02111 01986 01968 01984 01987 01988 01958 01964 01977 01980 01983 01961 01966 01970 01962 01973 01979 01981 01963 01972 01978 01982 01960 01967 01969 01927 01929 01935 01941 01942 01939 01944 01947 01934 01957 01965 01971 01937 02379 02392 02395 02381 02393 02402 02404 02374 02380 02382 02383 02422 02429 02433 02424 02425 02423 02431 02435 02426 02430 02432 02373 02377 02371 02375 02378 02370 02372 02411 02415 02417 02413 02416 02420 02421 02412 02414 02409 02410 02356 02360 02340 02348 02337 02355 02362 02338 02390 02394 02388 02397 02386 02396 02406 02389 02398 02407 02408 02352 02357 02359 02347 02364 02366 02336 02342 02363 02365 02341 02387 02399 02391 02401 02405 02384 02385 02333 02331 02344 02350 02328 02335 02345 02351 02332 .] -> [02623 02643 02650 02655 02660 02669 02674 02682 02690 02700 02709 02718 02728 02735 02748 02757 02764 02769 02776 02779 02783 02794 02803 02808 02630 02637 02647 02651 02656 02665 02675 02680 02688 02697 02707 02717 02726 02731 02739 02753 02762 02770 02777 02782 02793 02807 02812 02815 02818 02819 02631 02639 02652 02661 02668 02671 02677 02685 02691 02699 02710 02719 02727 02733 02743 02754 02761 02765 02774 02778 02781 02788 02800 02806 02811 02814 02618 02627 02636 02642 02644 02654 02659 02667 02672 02679 02687 02692 02701 02711 02720 02725 02729 02734 02745 02756 02763 02766 02775 02780 02784 02795 02796 02616 02624 02641 02645 02649 02653 02658 02666 02670 02678 02686 02693 02698 02708 02714 02723 02730 02737 02750 02760 02768 02773 .], took 5.016s
, deleted 7274 bytes
badger 2026/06/23 16:02:51 INFO: This Range (numTables: 1)
Left:
00000000  75 73 65 72 74 61 62 6c  65 3a 75 73 65 72 34 39  |usertable:user49|
00000010  35 30 39 34 34 37 34 32  31 34 33 30 37 39 33 36  |5094474214307936|
00000020  00 00 00 00 00 00 00 00                           |........|

Right:
00000000  75 73 65 72 74 61 62 6c  65 3a 75 73 65 72 38 36  |usertable:user86|
00000010  33 33 31 39 31 35 36 37  34 30 35 32 33 38 35 39  |3319156740523859|
00000020  ff ff ff ff ff ff ff ff                           |........|

badger 2026/06/23 16:02:51 INFO: Next Range (numTables: 152)
Left:
00000000  75 73 65 72 74 61 62 6c  65 3a 75 73 65 72 34 39  |usertable:user49|
00000010  34 35 36 35 39 35 39 33  37 33 31 34 32 31 31 31  |4565959373142111|
00000020  31 00 00 00 00 00 00 00  00                       |1........|

Right:
00000000  75 73 65 72 74 61 62 6c  65 3a 75 73 65 72 38 36  |usertable:user86|
00000010  34 34 36 31 37 39 31 38  32 36 38 31 33 35 30 38  |4461791826813508|
00000020  39 ff ff ff ff ff ff ff  ff                       |9........|

INSERT - Takes(s): 330.0, Count: 4295598, OPS: 13016.9, Avg(us): 41, Min(us): 7, Max(us): 118911, 50th(us): 32, 90th(us): 57, 95th(us): 81, 99th(us): 144, 99.9th(us): 329, 99.99th(us): 8711
TOTAL  - Takes(s): 330.0, Count: 4295598, OPS: 13016.9, Avg(us): 41, Min(us): 7, Max(us): 118911, 50th(us): 32, 90th(us): 57, 95th(us): 81, 99th(us): 144, 99.9th(us): 329, 99.99th(us): 8711
INSERT - Takes(s): 340.0, Count: 4437104, OPS: 13050.2, Avg(us): 41, Min(us): 7, Max(us): 118911, 50th(us): 32, 90th(us): 56, 95th(us): 81, 99th(us): 144, 99.9th(us): 324, 99.99th(us): 8575
TOTAL  - Takes(s): 340.0, Count: 4437104, OPS: 13050.3, Avg(us): 41, Min(us): 7, Max(us): 118911, 50th(us): 32, 90th(us): 56, 95th(us): 81, 99th(us): 144, 99.9th(us): 324, 99.99th(us): 8575
INSERT - Takes(s): 350.0, Count: 4557436, OPS: 13021.2, Avg(us): 41, Min(us): 7, Max(us): 118911, 50th(us): 32, 90th(us): 57, 95th(us): 81, 99th(us): 144, 99.9th(us): 333, 99.99th(us): 8759
TOTAL  - Takes(s): 350.0, Count: 4557436, OPS: 13021.2, Avg(us): 41, Min(us): 7, Max(us): 118911, 50th(us): 32, 90th(us): 57, 95th(us): 81, 99th(us): 144, 99.9th(us): 333, 99.99th(us): 8759
INSERT - Takes(s): 360.0, Count: 4688171, OPS: 13022.7, Avg(us): 41, Min(us): 7, Max(us): 118911, 50th(us): 32, 90th(us): 57, 95th(us): 81, 99th(us): 144, 99.9th(us): 330, 99.99th(us): 8615
TOTAL  - Takes(s): 360.0, Count: 4688171, OPS: 13022.6, Avg(us): 41, Min(us): 7, Max(us): 118911, 50th(us): 32, 90th(us): 57, 95th(us): 81, 99th(us): 144, 99.9th(us): 330, 99.99th(us): 8615
INSERT - Takes(s): 370.0, Count: 4823692, OPS: 13037.0, Avg(us): 41, Min(us): 7, Max(us): 118911, 50th(us): 32, 90th(us): 56, 95th(us): 81, 99th(us): 144, 99.9th(us): 326, 99.99th(us): 8575
TOTAL  - Takes(s): 370.0, Count: 4823692, OPS: 13037.0, Avg(us): 41, Min(us): 7, Max(us): 118911, 50th(us): 32, 90th(us): 56, 95th(us): 81, 99th(us): 144, 99.9th(us): 326, 99.99th(us): 8575
badger 2026/06/23 16:03:37 INFO: This Range (numTables: 1)
Left:
00000000  75 73 65 72 74 61 62 6c  65 3a 75 73 65 72 37 33  |usertable:user73|
00000010  37 31 32 30 32 30 32 38  38 34 35 34 38 39 39 32  |7120202884548992|
00000020  39 00 00 00 00 00 00 00  00                       |9........|

Right:
00000000  75 73 65 72 74 61 62 6c  65 3a 75 73 65 72 37 38  |usertable:user78|
00000010  34 32 33 38 32 33 34 33  38 31 38 31 36 39 32 37  |4238234381816927|
00000020  35 ff ff ff ff ff ff ff  ff                       |5........|

badger 2026/06/23 16:03:37 INFO: Next Range (numTables: 18)
Left:
00000000  75 73 65 72 74 61 62 6c  65 3a 75 73 65 72 37 33  |usertable:user73|
00000010  34 39 36 35 31 31 37 33  33 30 31 30 33 31 39 39  |4965117330103199|
00000020  39 00 00 00 00 00 00 00  00                       |9........|

Right:
00000000  75 73 65 72 74 61 62 6c  65 3a 75 73 65 72 37 38  |usertable:user78|
00000010  34 35 32 36 39 36 36 36  32 32 33 31 30 37 33 38  |4526966622310738|
00000020  31 ff ff ff ff ff ff ff  ff                       |1........|

INSERT - Takes(s): 380.0, Count: 4945884, OPS: 13015.4, Avg(us): 41, Min(us): 7, Max(us): 118911, 50th(us): 32, 90th(us): 57, 95th(us): 82, 99th(us): 145, 99.9th(us): 335, 99.99th(us): 8743
TOTAL  - Takes(s): 380.0, Count: 4945884, OPS: 13015.5, Avg(us): 41, Min(us): 7, Max(us): 118911, 50th(us): 32, 90th(us): 57, 95th(us): 82, 99th(us): 145, 99.9th(us): 335, 99.99th(us): 8743
INSERT - Takes(s): 390.0, Count: 5072374, OPS: 13006.1, Avg(us): 41, Min(us): 7, Max(us): 118911, 50th(us): 32, 90th(us): 57, 95th(us): 82, 99th(us): 145, 99.9th(us): 333, 99.99th(us): 8615
TOTAL  - Takes(s): 390.0, Count: 5072374, OPS: 13006.1, Avg(us): 41, Min(us): 7, Max(us): 118911, 50th(us): 32, 90th(us): 57, 95th(us): 82, 99th(us): 145, 99.9th(us): 333, 99.99th(us): 8615
badger 2026/06/23 16:04:00 INFO: [0] [E] LOG Compact 0->5 (5, 63 -> 107 tables with 5 splits). [03261 03262 03263 03264 03265 . 03036 03037 03042 03046 03048 03052 03056 03059 03061 03063 03065 03067 03035 03038 03044 03047 03051 03039 03043 03049 03054 03057 03040 03050 03053 03055 03058 03060 03062 03064 03066 03068 03069 03070 03071 03072 03073 03074 03075 03076 03077 03078 03079 03080 03081 03082 03083 03084 03085 03086 03087 03088 03089 03090 03091 03034 03041 03045 02881 02885 02887 02893 02894 .] -> [03269 03271 03276 03278 03281 03284 03292 03294 03298 03301 03306 03309 03314 03317 03321 03326 03332 03335 03338 03341 03342 03343 03344 03345 03346 03347 03348 03349 03350 03351 03352 03353 03354 03355 03356 03357 03358 03359 03360 03361 03362 03363 03364 03365 03366 03367 03368 03369 03370 03371 03372 03268 03273 03279 03285 03289 03293 03299 03304 03308 03313 03319 03325 03327 03267 03275 03283 03288 03297 03303 03307 03311 03315 03320 03328 03334 03339 03340 03270 03274 03282 03287 03291 03296 03302 03310 03318 03323 03329 03333 03336 03337 03266 03272 03277 03280 03286 03290 03295 03300 03305 03312 03316 03322 03324 03330 03331 .], took 2.04s
, deleted -4761 bytes
badger 2026/06/23 16:04:01 INFO: This Range (numTables: 1)
Left:
00000000  75 73 65 72 74 61 62 6c  65 3a 75 73 65 72 36 36  |usertable:user66|
00000010  36 31 39 38 35 31 34 32  39 39 33 36 34 33 35 38  |6198514299364358|
00000020  35 00 00 00 00 00 00 00  00                       |5........|

Right:
00000000  75 73 65 72 74 61 62 6c  65 3a 75 73 65 72 37 32  |usertable:user72|
00000010  36 38 37 35 30 36 33 34  38 36 30 36 36 34 32 33  |6875063486066423|
00000020  35 ff ff ff ff ff ff ff  ff                       |5........|

badger 2026/06/23 16:04:01 INFO: Next Range (numTables: 27)
Left:
00000000  75 73 65 72 74 61 62 6c  65 3a 75 73 65 72 36 36  |usertable:user66|
00000010  34 38 35 39 36 33 39 37  31 38 33 37 37 32 30 31  |4859639718377201|
00000020  38 00 00 00 00 00 00 00  00                       |8........|

Right:
00000000  75 73 65 72 74 61 62 6c  65 3a 75 73 65 72 37 32  |usertable:user72|
00000010  38 38 39 39 39 32 34 31  30 30 31 38 32 34 32 38  |8899924100182428|
00000020  36 ff ff ff ff ff ff ff  ff                       |6........|

badger 2026/06/23 16:04:01 INFO: This Range (numTables: 1)
Left:
00000000  75 73 65 72 74 61 62 6c  65 3a 75 73 65 72 35 39  |usertable:user59|
00000010  36 35 30 35 37 34 39 38  36 30 37 38 35 31 36 36  |6505749860785166|
00000020  33 00 00 00 00 00 00 00  00                       |3........|

Right:
00000000  75 73 65 72 74 61 62 6c  65 3a 75 73 65 72 36 34  |usertable:user64|
00000010  34 34 39 37 33 34 33 33  34 36 34 39 36 34 33 37  |4497343346496437|
00000020  39 ff ff ff ff ff ff ff  ff                       |9........|

badger 2026/06/23 16:04:01 INFO: Next Range (numTables: 20)
Left:
00000000  75 73 65 72 74 61 62 6c  65 3a 75 73 65 72 35 39  |usertable:user59|
00000010  35 31 39 35 30 32 32 35  33 36 30 34 32 31 31 37  |5195022536042117|
00000020  37 00 00 00 00 00 00 00  00                       |7........|

Right:
00000000  75 73 65 72 74 61 62 6c  65 3a 75 73 65 72 36 34  |usertable:user64|
00000010  36 33 32 30 32 32 34 31  36 31 35 33 30 32 39 36  |6320224161530296|
00000020  38 ff ff ff ff ff ff ff  ff                       |8........|

badger 2026/06/23 16:04:03 INFO: This Range (numTables: 1)
Left:
00000000  75 73 65 72 74 61 62 6c  65 3a 75 73 65 72 34 31  |usertable:user41|
00000010  38 31 30 39 39 34 35 34  36 37 36 30 39 38 32 30  |8109945467609820|
00000020  38 00 00 00 00 00 00 00  00                       |8........|

Right:
00000000  75 73 65 72 74 61 62 6c  65 3a 75 73 65 72 34 36  |usertable:user46|
00000010  30 39 35 39 30 35 35 38  38 31 36 30 35 37 36 37  |0959055881605767|
00000020  33 ff ff ff ff ff ff ff  ff                       |3........|

badger 2026/06/23 16:04:03 INFO: Next Range (numTables: 24)
Left:
00000000  75 73 65 72 74 61 62 6c  65 3a 75 73 65 72 34 31  |usertable:user41|
00000010  37 34 39 34 33 37 32 31  35 37 36 35 37 38 33 36  |7494372157657836|
00000020  39 00 00 00 00 00 00 00  00                       |9........|

Right:
00000000  75 73 65 72 74 61 62 6c  65 3a 75 73 65 72 34 36  |usertable:user46|
00000010  33 32 39 34 38 33 33 38  32 39 35 31 32 39 35 34  |3294833829512954|
00000020  ff ff ff ff ff ff ff ff                           |........|

badger 2026/06/23 16:04:03 INFO: This Range (numTables: 1)
Left:
00000000  75 73 65 72 74 61 62 6c  65 3a 75 73 65 72 34 38  |usertable:user48|
00000010  32 35 38 33 37 30 30 38  32 35 31 36 39 31 32 34  |2583700825169124|
00000020  38 00 00 00 00 00 00 00  00                       |8........|

Right:
00000000  75 73 65 72 74 61 62 6c  65 3a 75 73 65 72 35 32  |usertable:user52|
00000010  39 37 30 31 37 33 32 33  32 32 34 33 37 30 35 39  |9701732322437059|
00000020  34 ff ff ff ff ff ff ff  ff                       |4........|

badger 2026/06/23 16:04:03 INFO: Next Range (numTables: 21)
Left:
00000000  75 73 65 72 74 61 62 6c  65 3a 75 73 65 72 34 38  |usertable:user48|
00000010  31 30 34 37 31 33 34 30  35 33 34 36 37 34 37 35  |1047134053467475|
00000020  33 00 00 00 00 00 00 00  00                       |3........|

Right:
00000000  75 73 65 72 74 61 62 6c  65 3a 75 73 65 72 35 33  |usertable:user53|
00000010  30 38 32 34 37 37 33 34  39 39 32 36 34 37 30 34  |0824773499264704|
00000020  38 ff ff ff ff ff ff ff  ff                       |8........|

INSERT - Takes(s): 400.0, Count: 5180557, OPS: 12951.2, Avg(us): 42, Min(us): 7, Max(us): 118911, 50th(us): 32, 90th(us): 57, 95th(us): 82, 99th(us): 146, 99.9th(us): 339, 99.99th(us): 9047
TOTAL  - Takes(s): 400.0, Count: 5180557, OPS: 12951.3, Avg(us): 42, Min(us): 7, Max(us): 118911, 50th(us): 32, 90th(us): 57, 95th(us): 82, 99th(us): 146, 99.9th(us): 339, 99.99th(us): 9047
INSERT - Takes(s): 410.0, Count: 5307985, OPS: 12946.3, Avg(us): 42, Min(us): 7, Max(us): 118911, 50th(us): 32, 90th(us): 57, 95th(us): 83, 99th(us): 146, 99.9th(us): 345, 99.99th(us): 8911
TOTAL  - Takes(s): 410.0, Count: 5307985, OPS: 12946.3, Avg(us): 42, Min(us): 7, Max(us): 118911, 50th(us): 32, 90th(us): 57, 95th(us): 83, 99th(us): 146, 99.9th(us): 345, 99.99th(us): 8911
INSERT - Takes(s): 420.0, Count: 5431242, OPS: 12931.4, Avg(us): 42, Min(us): 7, Max(us): 118911, 50th(us): 32, 90th(us): 57, 95th(us): 83, 99th(us): 146, 99.9th(us): 345, 99.99th(us): 8887
TOTAL  - Takes(s): 420.0, Count: 5431242, OPS: 12931.5, Avg(us): 42, Min(us): 7, Max(us): 118911, 50th(us): 32, 90th(us): 57, 95th(us): 83, 99th(us): 146, 99.9th(us): 345, 99.99th(us): 8887
INSERT - Takes(s): 430.0, Count: 5545745, OPS: 12897.0, Avg(us): 42, Min(us): 7, Max(us): 118911, 50th(us): 32, 90th(us): 57, 95th(us): 83, 99th(us): 147, 99.9th(us): 347, 99.99th(us): 9399
TOTAL  - Takes(s): 430.0, Count: 5545745, OPS: 12897.1, Avg(us): 42, Min(us): 7, Max(us): 118911, 50th(us): 32, 90th(us): 57, 95th(us): 83, 99th(us): 147, 99.9th(us): 347, 99.99th(us): 9399
INSERT - Takes(s): 440.0, Count: 5673755, OPS: 12894.8, Avg(us): 42, Min(us): 7, Max(us): 145279, 50th(us): 32, 90th(us): 57, 95th(us): 83, 99th(us): 147, 99.9th(us): 352, 99.99th(us): 9303
TOTAL  - Takes(s): 440.0, Count: 5673755, OPS: 12894.9, Avg(us): 42, Min(us): 7, Max(us): 145279, 50th(us): 32, 90th(us): 57, 95th(us): 83, 99th(us): 147, 99.9th(us): 352, 99.99th(us): 9303
badger 2026/06/23 16:04:51 INFO: This Range (numTables: 1)
Left:
00000000  75 73 65 72 74 61 62 6c  65 3a 75 73 65 72 37 33  |usertable:user73|
00000010  31 36 36 36 37 33 35 31  36 30 38 36 33 38 33 36  |1666735160863836|
00000020  35 00 00 00 00 00 00 00  00                       |5........|

Right:
00000000  75 73 65 72 74 61 62 6c  65 3a 75 73 65 72 38 31  |usertable:user81|
00000010  34 36 31 35 30 38 30 33  37 37 39 36 31 38 34 ff  |461508037796184.|
00000020  ff ff ff ff ff ff ff                              |.......|

badger 2026/06/23 16:04:51 INFO: Next Range (numTables: 43)
Left:
00000000  75 73 65 72 74 61 62 6c  65 3a 75 73 65 72 37 33  |usertable:user73|
00000010  30 35 33 35 34 34 38 33  37 35 32 34 35 30 37 31  |0535448375245071|
00000020  36 00 00 00 00 00 00 00  00                       |6........|

Right:
00000000  75 73 65 72 74 61 62 6c  65 3a 75 73 65 72 38 31  |usertable:user81|
00000010  35 39 39 33 39 37 37 32  34 38 33 33 38 30 32 32  |5993977248338022|
00000020  ff ff ff ff ff ff ff ff                           |........|

badger 2026/06/23 16:04:52 INFO: This Range (numTables: 1)
Left:
00000000  75 73 65 72 74 61 62 6c  65 3a 75 73 65 72 38 31  |usertable:user81|
00000010  34 36 32 36 30 35 31 33  35 30 34 33 34 36 30 00  |462605135043460.|
00000020  00 00 00 00 00 00 00                              |.......|

Right:
00000000  75 73 65 72 74 61 62 6c  65 3a 75 73 65 72 38 39  |usertable:user89|
00000010  37 32 30 37 31 39 34 38  38 37 31 35 35 36 30 30  |7207194887155600|
00000020  ff ff ff ff ff ff ff ff                           |........|

badger 2026/06/23 16:04:52 INFO: Next Range (numTables: 38)
Left:
00000000  75 73 65 72 74 61 62 6c  65 3a 75 73 65 72 38 31  |usertable:user81|
00000010  32 32 36 36 37 32 32 33  37 38 31 35 32 34 34 37  |2266722378152447|
00000020  38 00 00 00 00 00 00 00  00                       |8........|

Right:
00000000  75 73 65 72 74 61 62 6c  65 3a 75 73 65 72 38 39  |usertable:user89|
00000010  38 35 36 31 31 36 35 38  34 33 39 38 35 33 37 39  |8561165843985379|
00000020  31 ff ff ff ff ff ff ff  ff                       |1........|

INSERT - Takes(s): 450.0, Count: 5778412, OPS: 12840.9, Avg(us): 42, Min(us): 7, Max(us): 145279, 50th(us): 32, 90th(us): 58, 95th(us): 84, 99th(us): 148, 99.9th(us): 357, 99.99th(us): 9823
TOTAL  - Takes(s): 450.0, Count: 5778412, OPS: 12840.9, Avg(us): 42, Min(us): 7, Max(us): 145279, 50th(us): 32, 90th(us): 58, 95th(us): 84, 99th(us): 148, 99.9th(us): 357, 99.99th(us): 9823
INSERT - Takes(s): 460.0, Count: 5913072, OPS: 12854.5, Avg(us): 42, Min(us): 7, Max(us): 145279, 50th(us): 32, 90th(us): 58, 95th(us): 84, 99th(us): 147, 99.9th(us): 353, 99.99th(us): 9767
TOTAL  - Takes(s): 460.0, Count: 5913072, OPS: 12854.5, Avg(us): 42, Min(us): 7, Max(us): 145279, 50th(us): 32, 90th(us): 58, 95th(us): 84, 99th(us): 147, 99.9th(us): 353, 99.99th(us): 9767
INSERT - Takes(s): 470.0, Count: 6040918, OPS: 12853.0, Avg(us): 42, Min(us): 7, Max(us): 145279, 50th(us): 32, 90th(us): 58, 95th(us): 84, 99th(us): 148, 99.9th(us): 356, 99.99th(us): 9823
TOTAL  - Takes(s): 470.0, Count: 6040918, OPS: 12853.0, Avg(us): 42, Min(us): 7, Max(us): 145279, 50th(us): 32, 90th(us): 58, 95th(us): 84, 99th(us): 148, 99.9th(us): 356, 99.99th(us): 9823
INSERT - Takes(s): 480.0, Count: 6170025, OPS: 12854.2, Avg(us): 42, Min(us): 7, Max(us): 145279, 50th(us): 32, 90th(us): 58, 95th(us): 84, 99th(us): 147, 99.9th(us): 356, 99.99th(us): 9887
TOTAL  - Takes(s): 480.0, Count: 6170025, OPS: 12854.2, Avg(us): 42, Min(us): 7, Max(us): 145279, 50th(us): 32, 90th(us): 58, 95th(us): 84, 99th(us): 147, 99.9th(us): 356, 99.99th(us): 9887
INSERT - Takes(s): 490.0, Count: 6310674, OPS: 12878.9, Avg(us): 42, Min(us): 7, Max(us): 145279, 50th(us): 32, 90th(us): 57, 95th(us): 84, 99th(us): 147, 99.9th(us): 352, 99.99th(us): 9767
TOTAL  - Takes(s): 490.0, Count: 6310674, OPS: 12878.9, Avg(us): 42, Min(us): 7, Max(us): 145279, 50th(us): 32, 90th(us): 57, 95th(us): 84, 99th(us): 147, 99.9th(us): 352, 99.99th(us): 9767
badger 2026/06/23 16:05:38 INFO: This Range (numTables: 1)
Left:
00000000  75 73 65 72 74 61 62 6c  65 3a 75 73 65 72 32 34  |usertable:user24|
00000010  39 34 39 35 30 30 30 32  30 34 34 30 37 31 34 32  |9495000204407142|
00000020  39 00 00 00 00 00 00 00  00                       |9........|

Right:
00000000  75 73 65 72 74 61 62 6c  65 3a 75 73 65 72 32 39  |usertable:user29|
00000010  37 34 38 36 39 32 33 35  34 33 36 30 36 38 37 37  |7486923543606877|
00000020  38 ff ff ff ff ff ff ff  ff                       |8........|

badger 2026/06/23 16:05:38 INFO: Next Range (numTables: 35)
Left:
00000000  75 73 65 72 74 61 62 6c  65 3a 75 73 65 72 32 34  |usertable:user24|
00000010  37 39 33 38 32 34 34 34  35 33 39 31 33 33 39 38  |7938244453913398|
00000020  35 00 00 00 00 00 00 00  00                       |5........|

Right:
00000000  75 73 65 72 74 61 62 6c  65 3a 75 73 65 72 32 39  |usertable:user29|
00000010  38 30 34 32 33 39 36 30  38 39 36 34 35 30 37 37  |8042396089645077|
00000020  30 ff ff ff ff ff ff ff  ff                       |0........|

INSERT - Takes(s): 500.0, Count: 6433773, OPS: 12867.5, Avg(us): 42, Min(us): 7, Max(us): 145279, 50th(us): 32, 90th(us): 58, 95th(us): 84, 99th(us): 147, 99.9th(us): 357, 99.99th(us): 9927
TOTAL  - Takes(s): 500.0, Count: 6433773, OPS: 12867.5, Avg(us): 42, Min(us): 7, Max(us): 145279, 50th(us): 32, 90th(us): 58, 95th(us): 84, 99th(us): 147, 99.9th(us): 357, 99.99th(us): 9927
INSERT - Takes(s): 510.0, Count: 6565946, OPS: 12874.4, Avg(us): 42, Min(us): 7, Max(us): 145279, 50th(us): 32, 90th(us): 58, 95th(us): 84, 99th(us): 147, 99.9th(us): 354, 99.99th(us): 9807
TOTAL  - Takes(s): 510.0, Count: 6565946, OPS: 12874.4, Avg(us): 42, Min(us): 7, Max(us): 145279, 50th(us): 32, 90th(us): 58, 95th(us): 84, 99th(us): 147, 99.9th(us): 354, 99.99th(us): 9807
INSERT - Takes(s): 520.0, Count: 6694674, OPS: 12874.3, Avg(us): 42, Min(us): 7, Max(us): 145279, 50th(us): 32, 90th(us): 57, 95th(us): 84, 99th(us): 147, 99.9th(us): 355, 99.99th(us): 9791
TOTAL  - Takes(s): 520.0, Count: 6694674, OPS: 12874.4, Avg(us): 42, Min(us): 7, Max(us): 145279, 50th(us): 32, 90th(us): 57, 95th(us): 84, 99th(us): 147, 99.9th(us): 355, 99.99th(us): 9791
INSERT - Takes(s): 530.0, Count: 6831882, OPS: 12890.3, Avg(us): 42, Min(us): 7, Max(us): 145279, 50th(us): 32, 90th(us): 57, 95th(us): 84, 99th(us): 147, 99.9th(us): 359, 99.99th(us): 9711
TOTAL  - Takes(s): 530.0, Count: 6831882, OPS: 12890.3, Avg(us): 42, Min(us): 7, Max(us): 145279, 50th(us): 32, 90th(us): 57, 95th(us): 84, 99th(us): 147, 99.9th(us): 359, 99.99th(us): 9711
INSERT - Takes(s): 540.0, Count: 6951705, OPS: 12873.5, Avg(us): 42, Min(us): 7, Max(us): 145279, 50th(us): 32, 90th(us): 58, 95th(us): 84, 99th(us): 148, 99.9th(us): 360, 99.99th(us): 9783
TOTAL  - Takes(s): 540.0, Count: 6951705, OPS: 12873.5, Avg(us): 42, Min(us): 7, Max(us): 145279, 50th(us): 32, 90th(us): 58, 95th(us): 84, 99th(us): 148, 99.9th(us): 360, 99.99th(us): 9783
INSERT - Takes(s): 550.0, Count: 7089760, OPS: 12890.5, Avg(us): 42, Min(us): 7, Max(us): 145279, 50th(us): 32, 90th(us): 57, 95th(us): 84, 99th(us): 147, 99.9th(us): 358, 99.99th(us): 9719
TOTAL  - Takes(s): 550.0, Count: 7089760, OPS: 12890.4, Avg(us): 42, Min(us): 7, Max(us): 145279, 50th(us): 32, 90th(us): 57, 95th(us): 84, 99th(us): 147, 99.9th(us): 358, 99.99th(us): 9719
INSERT - Takes(s): 560.0, Count: 7233447, OPS: 12916.8, Avg(us): 42, Min(us): 7, Max(us): 145279, 50th(us): 32, 90th(us): 57, 95th(us): 84, 99th(us): 147, 99.9th(us): 357, 99.99th(us): 9607
TOTAL  - Takes(s): 560.0, Count: 7233447, OPS: 12916.8, Avg(us): 42, Min(us): 7, Max(us): 145279, 50th(us): 32, 90th(us): 57, 95th(us): 84, 99th(us): 147, 99.9th(us): 357, 99.99th(us): 9607
INSERT - Takes(s): 570.0, Count: 7361179, OPS: 12914.3, Avg(us): 42, Min(us): 7, Max(us): 145279, 50th(us): 32, 90th(us): 57, 95th(us): 84, 99th(us): 147, 99.9th(us): 357, 99.99th(us): 9503
TOTAL  - Takes(s): 570.0, Count: 7361179, OPS: 12914.3, Avg(us): 42, Min(us): 7, Max(us): 145279, 50th(us): 32, 90th(us): 57, 95th(us): 84, 99th(us): 147, 99.9th(us): 357, 99.99th(us): 9503
INSERT - Takes(s): 580.0, Count: 7492490, OPS: 12918.0, Avg(us): 42, Min(us): 7, Max(us): 145279, 50th(us): 32, 90th(us): 57, 95th(us): 84, 99th(us): 147, 99.9th(us): 353, 99.99th(us): 9455
TOTAL  - Takes(s): 580.0, Count: 7492490, OPS: 12918.1, Avg(us): 42, Min(us): 7, Max(us): 145279, 50th(us): 32, 90th(us): 57, 95th(us): 84, 99th(us): 147, 99.9th(us): 353, 99.99th(us): 9455
badger 2026/06/23 16:07:09 INFO: [1] [E] LOG Compact 0->5 (5, 94 -> 138 tables with 5 splits). [05247 05248 05249 05250 05251 . 05103 05104 05105 05106 05107 05108 05109 05110 05111 05112 05113 05114 05115 05116 05117 05118 05119 05120 05121 05122 05123 05124 05125 05126 05127 05128 05129 05130 05131 05132 05133 05134 05135 05136 05137 05138 05139 05140 05141 05142 05143 05144 05145 05146 05147 04888 04893 04896 04901 04905 04909 04912 04916 04921 04923 04925 04927 04928 04929 04930 04931 04932 04933 04934 04935 04936 04937 04941 04942 04943 04944 04880 04884 04889 04894 04900 04903 04907 04911 04915 04920 04882 04886 04891 04914 04918 04919 04908 04913 04922 04924 04926 04885 04890 .] -> [05252 05257 05260 05265 05269 05273 05278 05281 05284 05287 05294 05297 05300 05304 05309 05313 05318 05323 05328 05334 05339 05342 05346 05352 05355 05357 05360 05363 05364 05365 05366 05367 05368 05369 05370 05371 05372 05373 05374 05375 05376 05377 05378 05379 05380 05381 05382 05383 05384 05385 05386 05387 05388 05389 05254 05259 05266 05276 05282 05288 05293 05296 05302 05306 05312 05317 05321 05324 05330 05336 05338 05343 05349 05350 05253 05261 05267 05270 05275 05279 05285 05290 05299 05307 05311 05314 05319 05325 05329 05335 05341 05345 05348 05255 05258 05262 05264 05268 05271 05274 05280 05286 05291 05295 05301 05305 05310 05316 05322 05326 05331 05333 05256 05263 05272 05277 05283 05289 05292 05298 05303 05308 05315 05320 05327 05332 05337 05340 05344 05347 05351 05353 05354 05356 05358 05359 05361 05362 .], took 2.477s
, deleted -2617 bytes
badger 2026/06/23 16:07:10 INFO: This Range (numTables: 1)
Left:
00000000  75 73 65 72 74 61 62 6c  65 3a 75 73 65 72 36 39  |usertable:user69|
00000010  34 36 31 33 35 32 33 33  39 36 35 32 37 38 30 35  |4613523396527805|
00000020  38 00 00 00 00 00 00 00  00                       |8........|

Right:
00000000  75 73 65 72 74 61 62 6c  65 3a 75 73 65 72 37 34  |usertable:user74|
00000010  34 39 35 38 31 38 31 37  31 37 33 30 30 33 37 36  |4958181717300376|
00000020  30 ff ff ff ff ff ff ff  ff                       |0........|

badger 2026/06/23 16:07:10 INFO: Next Range (numTables: 28)
Left:
00000000  75 73 65 72 74 61 62 6c  65 3a 75 73 65 72 36 39  |usertable:user69|
00000010  33 31 36 34 38 39 39 33  34 31 39 36 31 36 38 30  |3164899341961680|
00000020  00 00 00 00 00 00 00 00                           |........|

Right:
00000000  75 73 65 72 74 61 62 6c  65 3a 75 73 65 72 37 34  |usertable:user74|
00000010  35 37 32 30 31 34 33 37  36 32 34 38 31 35 38 38  |5720143762481588|
00000020  35 ff ff ff ff ff ff ff  ff                       |5........|

badger 2026/06/23 16:07:11 INFO: This Range (numTables: 1)
Left:
00000000  75 73 65 72 74 61 62 6c  65 3a 75 73 65 72 36 34  |usertable:user64|
00000010  32 33 33 36 30 30 33 39  32 37 32 39 38 37 39 31  |2336003927298791|
00000020  00 00 00 00 00 00 00 00                           |........|

Right:
00000000  75 73 65 72 74 61 62 6c  65 3a 75 73 65 72 36 37  |usertable:user67|
00000010  33 33 39 31 33 36 37 33  38 33 33 37 31 37 32 34  |3391367383371724|
00000020  34 ff ff ff ff ff ff ff  ff                       |4........|

badger 2026/06/23 16:07:11 INFO: Next Range (numTables: 24)
Left:
00000000  75 73 65 72 74 61 62 6c  65 3a 75 73 65 72 36 34  |usertable:user64|
00000010  30 35 37 38 34 36 34 34  38 38 39 38 34 39 38 33  |0578464488984983|
00000020  37 00 00 00 00 00 00 00  00                       |7........|

Right:
00000000  75 73 65 72 74 61 62 6c  65 3a 75 73 65 72 36 37  |usertable:user67|
00000010  35 31 38 34 33 38 33 37  35 38 37 32 33 33 32 35  |5184383758723325|
00000020  31 ff ff ff ff ff ff ff  ff                       |1........|

INSERT - Takes(s): 590.0, Count: 7605962, OPS: 12891.4, Avg(us): 42, Min(us): 7, Max(us): 145279, 50th(us): 32, 90th(us): 57, 95th(us): 84, 99th(us): 147, 99.9th(us): 359, 99.99th(us): 9727
TOTAL  - Takes(s): 590.0, Count: 7605962, OPS: 12891.4, Avg(us): 42, Min(us): 7, Max(us): 145279, 50th(us): 32, 90th(us): 57, 95th(us): 84, 99th(us): 147, 99.9th(us): 359, 99.99th(us): 9727
INSERT - Takes(s): 600.0, Count: 7736571, OPS: 12894.3, Avg(us): 42, Min(us): 7, Max(us): 145279, 50th(us): 32, 90th(us): 57, 95th(us): 84, 99th(us): 147, 99.9th(us): 357, 99.99th(us): 9607
TOTAL  - Takes(s): 600.0, Count: 7736571, OPS: 12894.3, Avg(us): 42, Min(us): 7, Max(us): 145279, 50th(us): 32, 90th(us): 57, 95th(us): 84, 99th(us): 147, 99.9th(us): 357, 99.99th(us): 9607
badger 2026/06/23 16:07:33 INFO: [1] [E] LOG Compact 0->5 (5, 99 -> 140 tables with 5 splits). [05569 05570 05571 05572 05573 . 05252 05294 05297 05309 05313 05318 05328 05334 05339 05342 05346 05352 05355 05357 05360 05363 05364 05365 05366 05367 05368 05369 05370 05371 05372 05373 05374 05375 05376 05377 05378 05379 05380 05381 05382 05383 05384 05385 05386 05387 05388 05389 05254 05259 05266 05276 05282 05288 05293 05296 05302 05306 05312 05317 05321 05324 05330 05336 05338 05343 05349 05350 05253 05261 05267 05270 05275 05279 05285 05290 05299 05307 05311 05314 05319 05325 05329 05335 05341 05345 05348 05255 05258 05262 05264 05268 05271 05280 05301 05344 05347 05351 05353 05354 05356 05358 05359 05361 05362 .] -> [05574 05579 05582 05589 05591 05597 05602 05612 05615 05622 05629 05634 05641 05648 05652 05657 05663 05667 05671 05675 05678 05680 05683 05686 05688 05690 05692 05693 05695 05697 05699 05700 05701 05702 05703 05704 05705 05706 05707 05708 05709 05710 05711 05712 05713 05581 05590 05595 05601 05605 05610 05617 05625 05630 05636 05642 05646 05649 05656 05658 05666 05672 05674 05677 05681 05685 05687 05689 05691 05694 05696 05698 05576 05584 05585 05588 05593 05596 05603 05607 05611 05616 05620 05623 05627 05632 05637 05639 05644 05650 05654 05659 05664 05670 05575 05578 05587 05594 05599 05600 05606 05609 05613 05619 05626 05633 05638 05643 05647 05653 05661 05665 05668 05577 05580 05583 05586 05592 05598 05604 05608 05614 05618 05621 05624 05628 05631 05635 05640 05645 05651 05655 05660 05662 05669 05673 05676 05679 05682 05684 .], took 2.052s
, deleted 36969 bytes
INSERT - Takes(s): 610.0, Count: 7855008, OPS: 12876.9, Avg(us): 42, Min(us): 7, Max(us): 145279, 50th(us): 32, 90th(us): 58, 95th(us): 84, 99th(us): 147, 99.9th(us): 358, 99.99th(us): 9695
TOTAL  - Takes(s): 610.0, Count: 7855008, OPS: 12877.0, Avg(us): 42, Min(us): 7, Max(us): 145279, 50th(us): 32, 90th(us): 58, 95th(us): 84, 99th(us): 147, 99.9th(us): 358, 99.99th(us): 9695
badger 2026/06/23 16:07:34 INFO: This Range (numTables: 1)
Left:
00000000  75 73 65 72 74 61 62 6c  65 3a 75 73 65 72 36 31  |usertable:user61|
00000010  39 39 34 32 37 32 30 30  36 32 32 30 37 32 38 31  |9942720062207281|
00000020  31 00 00 00 00 00 00 00  00                       |1........|

Right:
00000000  75 73 65 72 74 61 62 6c  65 3a 75 73 65 72 36 37  |usertable:user67|
00000010  33 36 33 32 32 30 32 37  30 36 34 39 38 32 34 36  |3632202706498246|
00000020  39 ff ff ff ff ff ff ff  ff                       |9........|

badger 2026/06/23 16:07:34 INFO: Next Range (numTables: 40)
Left:
00000000  75 73 65 72 74 61 62 6c  65 3a 75 73 65 72 36 31  |usertable:user61|
00000010  39 38 34 37 33 39 32 38  39 31 30 34 32 36 37 39  |9847392891042679|
00000020  34 00 00 00 00 00 00 00  00                       |4........|

Right:
00000000  75 73 65 72 74 61 62 6c  65 3a 75 73 65 72 36 37  |usertable:user67|
00000010  34 39 32 37 36 30 34 33  30 31 35 38 34 39 31 30  |4927604301584910|
00000020  36 ff ff ff ff ff ff ff  ff                       |6........|

badger 2026/06/23 16:07:36 INFO: This Range (numTables: 1)
Left:
00000000  75 73 65 72 74 61 62 6c  65 3a 75 73 65 72 35 30  |usertable:user50|
00000010  39 35 34 32 38 34 36 35  37 35 37 30 32 32 32 34  |9542846575702224|
00000020  35 00 00 00 00 00 00 00  00                       |5........|

Right:
00000000  75 73 65 72 74 61 62 6c  65 3a 75 73 65 72 35 35  |usertable:user55|
00000010  37 36 31 30 37 34 36 31  36 38 33 39 32 34 31 37  |7610746168392417|
00000020  30 ff ff ff ff ff ff ff  ff                       |0........|

badger 2026/06/23 16:07:36 INFO: Next Range (numTables: 32)
Left:
00000000  75 73 65 72 74 61 62 6c  65 3a 75 73 65 72 35 30  |usertable:user50|
00000010  38 35 39 37 33 37 37 32  35 35 32 31 33 32 37 33  |8597377255213273|
00000020  36 00 00 00 00 00 00 00  00                       |6........|

Right:
00000000  75 73 65 72 74 61 62 6c  65 3a 75 73 65 72 35 35  |usertable:user55|
00000010  38 33 38 34 39 31 32 37  39 32 36 34 36 37 37 31  |8384912792646771|
00000020  36 ff ff ff ff ff ff ff  ff                       |6........|

badger 2026/06/23 16:07:36 INFO: This Range (numTables: 1)
Left:
00000000  75 73 65 72 74 61 62 6c  65 3a 75 73 65 72 34 33  |usertable:user43|
00000010  39 39 34 38 30 34 38 36  32 33 31 37 37 37 30 39  |9948048623177709|
00000020  39 00 00 00 00 00 00 00  00                       |9........|

Right:
00000000  75 73 65 72 74 61 62 6c  65 3a 75 73 65 72 34 38  |usertable:user48|
00000010  37 39 31 31 38 32 34 34  36 34 36 39 35 32 34 33  |7911824464695243|
00000020  32 ff ff ff ff ff ff ff  ff                       |2........|

badger 2026/06/23 16:07:36 INFO: Next Range (numTables: 37)
Left:
00000000  75 73 65 72 74 61 62 6c  65 3a 75 73 65 72 34 33  |usertable:user43|
00000010  39 30 39 34 37 31 38 31  33 35 36 37 35 38 32 34  |9094718135675824|
00000020  38 00 00 00 00 00 00 00  00                       |8........|

Right:
00000000  75 73 65 72 74 61 62 6c  65 3a 75 73 65 72 34 38  |usertable:user48|
00000010  38 30 31 32 32 30 39 38  37 36 33 33 31 39 38 35  |8012209876331985|
00000020  30 ff ff ff ff ff ff ff  ff                       |0........|

badger 2026/06/23 16:07:37 INFO: This Range (numTables: 1)
Left:
00000000  75 73 65 72 74 61 62 6c  65 3a 75 73 65 72 33 39  |usertable:user39|
00000010  35 30 32 33 32 31 32 39  37 30 32 36 37 30 33 39  |5023212970267039|
00000020  35 00 00 00 00 00 00 00  00                       |5........|

Right:
00000000  75 73 65 72 74 61 62 6c  65 3a 75 73 65 72 34 31  |usertable:user41|
00000010  38 35 32 36 37 30 33 33  37 39 36 33 32 37 32 31  |8526703379632721|
00000020  33 ff ff ff ff ff ff ff  ff                       |3........|

badger 2026/06/23 16:07:37 INFO: Next Range (numTables: 21)
Left:
00000000  75 73 65 72 74 61 62 6c  65 3a 75 73 65 72 33 39  |usertable:user39|
00000010  34 30 39 34 34 35 36 32  32 36 35 32 36 38 39 35  |4094456226526895|
00000020  38 00 00 00 00 00 00 00  00                       |8........|

Right:
00000000  75 73 65 72 74 61 62 6c  65 3a 75 73 65 72 34 31  |usertable:user41|
00000010  38 39 34 39 34 36 35 38  34 36 31 34 38 34 33 36  |8949465846148436|
00000020  38 ff ff ff ff ff ff ff  ff                       |8........|

INSERT - Takes(s): 620.0, Count: 7970488, OPS: 12855.6, Avg(us): 42, Min(us): 7, Max(us): 145279, 50th(us): 32, 90th(us): 58, 95th(us): 85, 99th(us): 148, 99.9th(us): 362, 99.99th(us): 10079
TOTAL  - Takes(s): 620.0, Count: 7970488, OPS: 12855.6, Avg(us): 42, Min(us): 7, Max(us): 145279, 50th(us): 32, 90th(us): 58, 95th(us): 85, 99th(us): 148, 99.9th(us): 362, 99.99th(us): 10079
INSERT - Takes(s): 630.0, Count: 8106319, OPS: 12867.2, Avg(us): 42, Min(us): 7, Max(us): 145279, 50th(us): 32, 90th(us): 58, 95th(us): 85, 99th(us): 148, 99.9th(us): 359, 99.99th(us): 9927
TOTAL  - Takes(s): 630.0, Count: 8106319, OPS: 12867.1, Avg(us): 42, Min(us): 7, Max(us): 145279, 50th(us): 32, 90th(us): 58, 95th(us): 85, 99th(us): 148, 99.9th(us): 359, 99.99th(us): 9927
badger 2026/06/23 16:07:58 INFO: [1] [E] LOG Compact 0->5 (5, 54 -> 98 tables with 5 splits). [05981 05982 05983 05984 05985 . 05697 05699 05700 05701 05702 05703 05704 05705 05706 05707 05708 05709 05710 05711 05712 05581 05590 05595 05601 05605 05610 05617 05625 05630 05636 05642 05646 05649 05656 05658 05666 05672 05674 05677 05681 05685 05687 05689 05691 05694 05696 05698 05576 05584 05585 05588 05593 05596 05603 05607 05611 05616 05627 05632 .] -> [05986 05989 05994 05997 06002 06005 06008 06012 06017 06023 06029 06033 06035 06040 06045 06047 06049 05988 05995 05999 06003 06013 06018 06025 06031 06039 06042 06051 06053 05991 05996 06000 06007 06011 06016 06022 06030 06038 06044 06050 06055 06059 06060 06062 06064 05992 05998 06004 06009 06015 06019 06021 06026 06028 06034 06036 06041 06046 06052 06057 06058 05987 05990 05993 06001 06006 06010 06014 06020 06024 06027 06032 06037 06043 06048 06054 06056 06061 06063 06065 06066 06067 06068 06069 06070 06071 06072 06073 06074 06075 06076 06077 06078 06079 06080 06081 06082 06083 .], took 2.371s
, deleted 9417 bytes
badger 2026/06/23 16:07:58 INFO: This Range (numTables: 1)
Left:
00000000  75 73 65 72 74 61 62 6c  65 3a 75 73 65 72 36 37  |usertable:user67|
00000010  33 36 33 32 33 31 32 36  35 37 36 36 31 30 36 38  |3632312657661068|
00000020  30 00 00 00 00 00 00 00  00                       |0........|

Right:
00000000  75 73 65 72 74 61 62 6c  65 3a 75 73 65 72 37 34  |usertable:user74|
00000010  32 32 34 39 34 35 32 36  38 32 38 36 37 36 37 ff  |224945268286767.|
00000020  ff ff ff ff ff ff ff                              |.......|

badger 2026/06/23 16:07:58 INFO: Next Range (numTables: 40)
Left:
00000000  75 73 65 72 74 61 62 6c  65 3a 75 73 65 72 36 37  |usertable:user67|
00000010  33 35 36 32 36 30 33 36  32 30 34 35 31 34 31 33  |3562603620451413|
00000020  31 00 00 00 00 00 00 00  00                       |1........|

Right:
00000000  75 73 65 72 74 61 62 6c  65 3a 75 73 65 72 37 34  |usertable:user74|
00000010  32 34 37 38 35 36 33 30  39 33 38 35 30 39 31 33  |2478563093850913|
00000020  38 ff ff ff ff ff ff ff  ff                       |8........|

badger 2026/06/23 16:07:59 INFO: This Range (numTables: 1)
Left:
00000000  75 73 65 72 74 61 62 6c  65 3a 75 73 65 72 37 34  |usertable:user74|
00000010  32 32 36 30 34 34 37 37  39 39 31 34 39 37 38 00  |226044779914978.|
00000020  00 00 00 00 00 00 00                              |.......|

Right:
00000000  75 73 65 72 74 61 62 6c  65 3a 75 73 65 72 37 37  |usertable:user77|
00000010  30 39 30 32 37 32 35 37  30 38 33 36 39 35 38 ff  |090272570836958.|
00000020  ff ff ff ff ff ff ff                              |.......|

badger 2026/06/23 16:07:59 INFO: Next Range (numTables: 23)
Left:
00000000  75 73 65 72 74 61 62 6c  65 3a 75 73 65 72 37 34  |usertable:user74|
00000010  31 31 37 33 34 30 30 35  31 34 38 32 34 32 39 30  |1173400514824290|
00000020  38 00 00 00 00 00 00 00  00                       |8........|

Right:
00000000  75 73 65 72 74 61 62 6c  65 3a 75 73 65 72 37 37  |usertable:user77|
00000010  32 31 37 31 39 33 31 33  35 35 38 36 33 37 35 34  |2171931355863754|
00000020  33 ff ff ff ff ff ff ff  ff                       |3........|

INSERT - Takes(s): 640.0, Count: 8207784, OPS: 12824.6, Avg(us): 42, Min(us): 7, Max(us): 145279, 50th(us): 32, 90th(us): 58, 95th(us): 85, 99th(us): 148, 99.9th(us): 364, 99.99th(us): 10447
TOTAL  - Takes(s): 640.0, Count: 8207784, OPS: 12824.7, Avg(us): 42, Min(us): 7, Max(us): 145279, 50th(us): 32, 90th(us): 58, 95th(us): 85, 99th(us): 148, 99.9th(us): 364, 99.99th(us): 10447
INSERT - Takes(s): 650.0, Count: 8352989, OPS: 12850.7, Avg(us): 42, Min(us): 6, Max(us): 145279, 50th(us): 32, 90th(us): 58, 95th(us): 85, 99th(us): 148, 99.9th(us): 363, 99.99th(us): 10335
TOTAL  - Takes(s): 650.0, Count: 8352989, OPS: 12850.7, Avg(us): 42, Min(us): 6, Max(us): 145279, 50th(us): 32, 90th(us): 58, 95th(us): 85, 99th(us): 148, 99.9th(us): 363, 99.99th(us): 10335
badger 2026/06/23 16:08:22 INFO: [1] [E] LOG Compact 0->5 (5, 85 -> 131 tables with 5 splits). [06327 06328 06329 06330 06331 . 05615 05622 05629 05634 05641 05648 05652 05657 05663 05667 05671 05675 05678 05680 05683 05686 05986 05989 05994 05997 06002 06005 06008 06012 06017 06023 06029 06033 06035 06040 06045 06047 06049 05988 05995 05999 06003 06013 06018 06042 05996 06050 06055 06059 06060 06062 06064 05992 05998 06004 06009 06015 06019 05990 05993 06001 06006 06010 06014 06020 06024 06027 06032 06037 06061 06063 06065 06066 06067 06068 06069 06070 06071 06072 06073 06074 06075 06076 06077 06078 06079 06080 06081 06082 06083 .] -> [06333 06337 06345 06351 06356 06362 06369 06374 06383 06388 06393 06399 06407 06415 06417 06419 06420 06423 06424 06426 06427 06428 06332 06338 06341 06347 06350 06358 06360 06366 06372 06378 06382 06386 06391 06397 06402 06408 06412 06413 06336 06340 06344 06349 06354 06359 06363 06367 06371 06376 06381 06385 06390 06395 06398 06403 06406 06411 06335 06339 06342 06343 06348 06353 06357 06364 06368 06373 06377 06380 06387 06392 06396 06401 06405 06410 06414 06334 06346 06352 06355 06361 06365 06370 06375 06379 06384 06389 06394 06400 06404 06409 06416 06418 06421 06422 06425 06429 06430 06431 06432 06433 06434 06435 06436 06437 06438 06439 06440 06441 06442 06443 06444 06445 06446 06447 06448 06449 06450 06451 06452 06453 06454 06455 06456 06457 06458 06459 06460 06461 06462 .], took 2.653s
, deleted 8436 bytes
INSERT - Takes(s): 660.0, Count: 8465564, OPS: 12826.6, Avg(us): 42, Min(us): 6, Max(us): 145279, 50th(us): 32, 90th(us): 58, 95th(us): 85, 99th(us): 148, 99.9th(us): 365, 99.99th(us): 10471
TOTAL  - Takes(s): 660.0, Count: 8465564, OPS: 12826.6, Avg(us): 42, Min(us): 6, Max(us): 145279, 50th(us): 32, 90th(us): 58, 95th(us): 85, 99th(us): 148, 99.9th(us): 365, 99.99th(us): 10471
badger 2026/06/23 16:08:25 INFO: This Range (numTables: 1)
Left:
00000000  75 73 65 72 74 61 62 6c  65 3a 75 73 65 72 32 34  |usertable:user24|
00000010  30 33 30 39 31 37 32 38  33 30 34 38 34 32 36 30  |0309172830484260|
00000020  34 00 00 00 00 00 00 00  00                       |4........|

Right:
00000000  75 73 65 72 74 61 62 6c  65 3a 75 73 65 72 32 36  |usertable:user26|
00000010  38 37 30 35 33 33 37 32  36 39 36 37 33 35 37 33  |8705337269673573|
00000020  31 ff ff ff ff ff ff ff  ff                       |1........|

badger 2026/06/23 16:08:25 INFO: Next Range (numTables: 24)
Left:
00000000  75 73 65 72 74 61 62 6c  65 3a 75 73 65 72 32 34  |usertable:user24|
00000010  30 31 32 37 30 35 31 31  38 32 37 34 31 30 30 36  |0127051182741006|
00000020  38 00 00 00 00 00 00 00  00                       |8........|

Right:
00000000  75 73 65 72 74 61 62 6c  65 3a 75 73 65 72 32 37  |usertable:user27|
00000010  32 33 34 30 34 35 32 38  32 38 31 33 39 39 32 32  |2340452828139922|
00000020  ff ff ff ff ff ff ff ff                           |........|

INSERT - Takes(s): 670.0, Count: 8591755, OPS: 12823.5, Avg(us): 42, Min(us): 6, Max(us): 145279, 50th(us): 32, 90th(us): 58, 95th(us): 85, 99th(us): 148, 99.9th(us): 364, 99.99th(us): 10599
TOTAL  - Takes(s): 670.0, Count: 8591755, OPS: 12823.5, Avg(us): 42, Min(us): 6, Max(us): 145279, 50th(us): 32, 90th(us): 58, 95th(us): 85, 99th(us): 148, 99.9th(us): 364, 99.99th(us): 10599
INSERT - Takes(s): 680.0, Count: 8731728, OPS: 12840.7, Avg(us): 42, Min(us): 6, Max(us): 145279, 50th(us): 32, 90th(us): 58, 95th(us): 85, 99th(us): 148, 99.9th(us): 363, 99.99th(us): 10519
TOTAL  - Takes(s): 680.0, Count: 8731728, OPS: 12840.8, Avg(us): 42, Min(us): 6, Max(us): 145279, 50th(us): 32, 90th(us): 58, 95th(us): 85, 99th(us): 148, 99.9th(us): 363, 99.99th(us): 10519
badger 2026/06/23 16:08:46 INFO: [1] [E] LOG Compact 0->5 (5, 110 -> 154 tables with 5 splits). [06703 06704 06705 06706 06707 . 06333 06337 06345 06351 06356 06362 06369 06374 06383 06388 06393 06399 06407 06415 06417 06419 06420 06423 06424 06426 06427 06428 06332 06338 06341 06347 06350 06358 06360 06366 06372 06378 06382 06386 06391 06397 06402 06408 06412 06413 06336 06340 06344 06349 06354 06359 06363 06339 06342 06357 06373 06380 06387 06401 06405 06410 06414 06334 06346 06352 06355 06361 06365 06375 06379 06384 06389 06394 06400 06404 06409 06416 06418 06421 06422 06425 06429 06430 06431 06432 06433 06434 06435 06436 06437 06438 06439 06440 06441 06442 06443 06444 06445 06446 06447 06448 06449 06450 06451 06452 06453 06454 06455 06456 06457 06458 06459 06460 06461 06462 .] -> [06709 06717 06725 06728 06731 06736 06739 06742 06748 06753 06758 06765 06770 06775 06779 06785 06792 06797 06804 06807 06811 06814 06822 06828 06831 06834 06836 06839 06842 06844 06846 06849 06708 06715 06719 06723 06727 06734 06741 06746 06751 06756 06762 06771 06778 06783 06789 06796 06801 06808 06815 06821 06827 06830 06833 06837 06840 06843 06847 06850 06852 06711 06720 06730 06733 06737 06744 06747 06752 06760 06767 06772 06776 06780 06786 06794 06799 06803 06806 06812 06817 06823 06829 06832 06835 06838 06841 06845 06848 06851 06853 06854 06855 06856 06857 06858 06859 06860 06861 06710 06716 06722 06726 06732 06738 06743 06750 06755 06759 06764 06768 06773 06777 06782 06787 06790 06793 06798 06802 06809 06816 06819 06825 06712 06713 06714 06718 06721 06724 06729 06735 06740 06745 06749 06754 06757 06761 06763 06766 06769 06774 06781 06784 06788 06791 06795 06800 06805 06810 06813 06818 06820 06824 06826 .], took 2.519s
, deleted 38294 bytes
badger 2026/06/23 16:08:47 INFO: This Range (numTables: 1)
Left:
00000000  75 73 65 72 74 61 62 6c  65 3a 75 73 65 72 33 35  |usertable:user35|
00000010  39 35 34 32 33 37 30 30  32 31 35 34 35 33 34 39  |9542370021545349|
00000020  34 00 00 00 00 00 00 00  00                       |4........|

Right:
00000000  75 73 65 72 74 61 62 6c  65 3a 75 73 65 72 33 38  |usertable:user38|
00000010  33 39 34 32 36 32 32 31  31 34 36 39 30 36 39 37  |3942622114690697|
00000020  38 ff ff ff ff ff ff ff  ff                       |8........|

badger 2026/06/23 16:08:47 INFO: Next Range (numTables: 20)
Left:
00000000  75 73 65 72 74 61 62 6c  65 3a 75 73 65 72 33 35  |usertable:user35|
00000010  39 32 30 35 35 38 39 33  36 34 33 33 36 38 31 31  |9205589364336811|
00000020  36 00 00 00 00 00 00 00  00                       |6........|

Right:
00000000  75 73 65 72 74 61 62 6c  65 3a 75 73 65 72 33 38  |usertable:user38|
00000010  34 32 38 32 38 33 31 31  38 35 37 39 30 37 31 38  |4282831185790718|
00000020  ff ff ff ff ff ff ff ff                           |........|

badger 2026/06/23 16:08:49 INFO: This Range (numTables: 1)
Left:
00000000  75 73 65 72 74 61 62 6c  65 3a 75 73 65 72 34 30  |usertable:user40|
00000010  38 30 34 35 32 33 36 34  31 34 32 36 31 32 30 31  |8045236414261201|
00000020  30 00 00 00 00 00 00 00  00                       |0........|

Right:
00000000  75 73 65 72 74 61 62 6c  65 3a 75 73 65 72 34 35  |usertable:user45|
00000010  35 31 39 31 34 31 35 34  30 39 32 31 31 33 33 37  |5191415409211337|
00000020  32 ff ff ff ff ff ff ff  ff                       |2........|

badger 2026/06/23 16:08:49 INFO: Next Range (numTables: 36)
Left:
00000000  75 73 65 72 74 61 62 6c  65 3a 75 73 65 72 34 30  |usertable:user40|
00000010  37 39 36 39 36 39 39 34  37 38 34 33 39 36 35 38  |7969699478439658|
00000020  33 00 00 00 00 00 00 00  00                       |3........|

Right:
00000000  75 73 65 72 74 61 62 6c  65 3a 75 73 65 72 34 35  |usertable:user45|
00000010  36 37 37 30 33 35 36 38  37 30 35 38 38 31 30 31  |6770356870588101|
00000020  32 ff ff ff ff ff ff ff  ff                       |2........|

badger 2026/06/23 16:08:49 INFO: This Range (numTables: 1)
Left:
00000000  75 73 65 72 74 61 62 6c  65 3a 75 73 65 72 34 37  |usertable:user47|
00000010  35 35 37 32 34 30 32 37  35 30 33 35 31 32 32 35  |5572402750351225|
00000020  31 00 00 00 00 00 00 00  00                       |1........|

Right:
00000000  75 73 65 72 74 61 62 6c  65 3a 75 73 65 72 35 32  |usertable:user52|
00000010  33 36 31 32 30 34 34 38  39 34 31 39 36 33 39 34  |3612044894196394|
00000020  39 ff ff ff ff ff ff ff  ff                       |9........|

badger 2026/06/23 16:08:49 INFO: Next Range (numTables: 41)
Left:
00000000  75 73 65 72 74 61 62 6c  65 3a 75 73 65 72 34 37  |usertable:user47|
00000010  35 31 33 35 37 31 39 37  33 36 37 32 37 30 34 39  |5135719736727049|
00000020  39 00 00 00 00 00 00 00  00                       |9........|

Right:
00000000  75 73 65 72 74 61 62 6c  65 3a 75 73 65 72 35 32  |usertable:user52|
00000010  34 33 35 32 38 32 38 36  34 31 35 35 38 32 31 36  |4352828641558216|
00000020  31 ff ff ff ff ff ff ff  ff                       |1........|

INSERT - Takes(s): 690.0, Count: 8831558, OPS: 12799.3, Avg(us): 42, Min(us): 6, Max(us): 145279, 50th(us): 32, 90th(us): 58, 95th(us): 85, 99th(us): 149, 99.9th(us): 370, 99.99th(us): 10791
TOTAL  - Takes(s): 690.0, Count: 8831558, OPS: 12799.3, Avg(us): 42, Min(us): 6, Max(us): 145279, 50th(us): 32, 90th(us): 58, 95th(us): 85, 99th(us): 149, 99.9th(us): 370, 99.99th(us): 10791
INSERT - Takes(s): 700.0, Count: 8970132, OPS: 12814.4, Avg(us): 42, Min(us): 6, Max(us): 145279, 50th(us): 32, 90th(us): 58, 95th(us): 85, 99th(us): 148, 99.9th(us): 367, 99.99th(us): 10727
TOTAL  - Takes(s): 700.0, Count: 8970132, OPS: 12814.5, Avg(us): 42, Min(us): 6, Max(us): 145279, 50th(us): 32, 90th(us): 58, 95th(us): 85, 99th(us): 148, 99.9th(us): 367, 99.99th(us): 10727
INSERT - Takes(s): 710.0, Count: 9090508, OPS: 12803.5, Avg(us): 42, Min(us): 6, Max(us): 145279, 50th(us): 32, 90th(us): 58, 95th(us): 85, 99th(us): 148, 99.9th(us): 369, 99.99th(us): 10815
TOTAL  - Takes(s): 710.0, Count: 9090508, OPS: 12803.5, Avg(us): 42, Min(us): 6, Max(us): 145279, 50th(us): 32, 90th(us): 58, 95th(us): 85, 99th(us): 148, 99.9th(us): 369, 99.99th(us): 10815
INSERT - Takes(s): 720.0, Count: 9227399, OPS: 12815.8, Avg(us): 42, Min(us): 6, Max(us): 145279, 50th(us): 32, 90th(us): 58, 95th(us): 85, 99th(us): 148, 99.9th(us): 366, 99.99th(us): 10783
TOTAL  - Takes(s): 720.0, Count: 9227399, OPS: 12815.8, Avg(us): 42, Min(us): 6, Max(us): 145279, 50th(us): 32, 90th(us): 58, 95th(us): 85, 99th(us): 148, 99.9th(us): 366, 99.99th(us): 10783
INSERT - Takes(s): 730.0, Count: 9357162, OPS: 12818.0, Avg(us): 42, Min(us): 6, Max(us): 145279, 50th(us): 32, 90th(us): 58, 95th(us): 85, 99th(us): 148, 99.9th(us): 365, 99.99th(us): 10751
TOTAL  - Takes(s): 730.0, Count: 9357162, OPS: 12818.0, Avg(us): 42, Min(us): 6, Max(us): 145279, 50th(us): 32, 90th(us): 58, 95th(us): 85, 99th(us): 148, 99.9th(us): 365, 99.99th(us): 10751
INSERT - Takes(s): 740.0, Count: 9490714, OPS: 12825.3, Avg(us): 42, Min(us): 6, Max(us): 145279, 50th(us): 32, 90th(us): 58, 95th(us): 85, 99th(us): 148, 99.9th(us): 367, 99.99th(us): 10751
TOTAL  - Takes(s): 740.0, Count: 9490714, OPS: 12825.3, Avg(us): 42, Min(us): 6, Max(us): 145279, 50th(us): 32, 90th(us): 58, 95th(us): 85, 99th(us): 148, 99.9th(us): 367, 99.99th(us): 10751
INSERT - Takes(s): 750.0, Count: 9629556, OPS: 12839.4, Avg(us): 42, Min(us): 6, Max(us): 145279, 50th(us): 32, 90th(us): 57, 95th(us): 85, 99th(us): 148, 99.9th(us): 364, 99.99th(us): 10695
TOTAL  - Takes(s): 750.0, Count: 9629556, OPS: 12839.4, Avg(us): 42, Min(us): 6, Max(us): 145279, 50th(us): 32, 90th(us): 57, 95th(us): 85, 99th(us): 148, 99.9th(us): 364, 99.99th(us): 10695
INSERT - Takes(s): 760.0, Count: 9746515, OPS: 12824.3, Avg(us): 42, Min(us): 6, Max(us): 145279, 50th(us): 32, 90th(us): 58, 95th(us): 85, 99th(us): 148, 99.9th(us): 365, 99.99th(us): 10719
TOTAL  - Takes(s): 760.0, Count: 9746515, OPS: 12824.4, Avg(us): 42, Min(us): 6, Max(us): 145279, 50th(us): 32, 90th(us): 58, 95th(us): 85, 99th(us): 148, 99.9th(us): 365, 99.99th(us): 10719
INSERT - Takes(s): 770.0, Count: 9888399, OPS: 12842.1, Avg(us): 42, Min(us): 6, Max(us): 145279, 50th(us): 32, 90th(us): 57, 95th(us): 85, 99th(us): 148, 99.9th(us): 364, 99.99th(us): 10679
TOTAL  - Takes(s): 770.0, Count: 9888399, OPS: 12842.0, Avg(us): 42, Min(us): 6, Max(us): 145279, 50th(us): 32, 90th(us): 57, 95th(us): 85, 99th(us): 148, 99.9th(us): 364, 99.99th(us): 10679
badger 2026/06/23 16:10:19 INFO: [3] [E] LOG Compact 0->5 (5, 61 -> 105 tables with 5 splits). [07813 07814 07815 07816 07817 . 07196 07197 07198 07199 07390 07397 07406 07410 07415 07421 07424 07392 07398 07412 07414 07417 07419 07422 07391 07395 07400 07403 07411 07413 07416 07418 07420 07423 07425 07426 07427 07428 07429 07430 07431 07432 07433 07434 07435 07436 07437 07438 07439 07440 07441 07442 07443 07444 07445 07446 07447 07448 07449 07450 07451 07608 07610 07612 07615 07616 07618 .] -> [07821 07823 07829 07836 07841 07846 07850 07855 07862 07868 07872 07876 07880 07883 07887 07891 07895 07898 07900 07903 07822 07824 07828 07833 07838 07842 07852 07858 07864 07869 07873 07879 07884 07888 07893 07897 07904 07908 07912 07913 07819 07825 07830 07832 07837 07843 07847 07851 07857 07861 07867 07870 07875 07878 07882 07885 07889 07894 07899 07901 07905 07907 07911 07914 07915 07916 07917 07918 07919 07920 07921 07922 07820 07826 07831 07835 07840 07845 07849 07853 07856 07860 07866 07871 07874 07877 07881 07886 07890 07892 07896 07902 07906 07909 07910 07818 07827 07834 07839 07844 07848 07854 07859 07863 07865 .], took 2.044s
, deleted 3961 bytes
badger 2026/06/23 16:10:20 INFO: This Range (numTables: 1)
Left:
00000000  75 73 65 72 74 61 62 6c  65 3a 75 73 65 72 33 35  |usertable:user35|
00000010  39 35 34 32 30 34 30 31  36 38 30 35 36 38 38 36  |9542040168056886|
00000020  31 00 00 00 00 00 00 00  00                       |1........|

Right:
00000000  75 73 65 72 74 61 62 6c  65 3a 75 73 65 72 33 38  |usertable:user38|
00000010  33 30 36 37 35 31 39 35  39 34 35 36 35 30 33 32  |3067519594565032|
00000020  39 ff ff ff ff ff ff ff  ff                       |9........|

badger 2026/06/23 16:10:20 INFO: Next Range (numTables: 20)
Left:
00000000  75 73 65 72 74 61 62 6c  65 3a 75 73 65 72 33 35  |usertable:user35|
00000010  39 34 37 32 34 38 33 33  35 38 35 39 36 32 31 30  |9472483358596210|
00000020  38 00 00 00 00 00 00 00  00                       |8........|

Right:
00000000  75 73 65 72 74 61 62 6c  65 3a 75 73 65 72 33 38  |usertable:user38|
00000010  33 38 32 31 35 36 36 31  33 30 30 30 36 37 38 37  |3821566130006787|
00000020  37 ff ff ff ff ff ff ff  ff                       |7........|

badger 2026/06/23 16:10:20 INFO: This Range (numTables: 1)
Left:
00000000  75 73 65 72 74 61 62 6c  65 3a 75 73 65 72 34 30  |usertable:user40|
00000010  34 37 32 32 39 35 30 38  36 33 37 31 38 32 39 38  |4722950863718298|
00000020  34 00 00 00 00 00 00 00  00                       |4........|

Right:
00000000  75 73 65 72 74 61 62 6c  65 3a 75 73 65 72 34 35  |usertable:user45|
00000010  31 38 38 38 38 31 31 31  31 36 37 39 34 34 38 39  |1888811116794489|
00000020  30 ff ff ff ff ff ff ff  ff                       |0........|

badger 2026/06/23 16:10:20 INFO: Next Range (numTables: 37)
Left:
00000000  75 73 65 72 74 61 62 6c  65 3a 75 73 65 72 34 30  |usertable:user40|
00000010  34 36 37 35 36 30 35 38  39 31 35 33 32 36 38 37  |4675605891532687|
00000020  33 00 00 00 00 00 00 00  00                       |3........|

Right:
00000000  75 73 65 72 74 61 62 6c  65 3a 75 73 65 72 34 35  |usertable:user45|
00000010  32 36 30 34 37 34 37 33  36 32 33 32 34 37 37 32  |2604747362324772|
00000020  36 ff ff ff ff ff ff ff  ff                       |6........|

badger 2026/06/23 16:10:21 INFO: This Range (numTables: 1)
Left:
00000000  75 73 65 72 74 61 62 6c  65 3a 75 73 65 72 34 37  |usertable:user47|
00000010  33 35 34 32 33 37 33 32  31 36 31 37 39 37 39 35  |3542373216179795|
00000020  38 00 00 00 00 00 00 00  00                       |8........|

Right:
00000000  75 73 65 72 74 61 62 6c  65 3a 75 73 65 72 34 39  |usertable:user49|
00000010  37 30 31 38 31 35 35 39  33 32 35 31 34 35 36 30  |7018155932514560|
00000020  34 ff ff ff ff ff ff ff  ff                       |4........|

badger 2026/06/23 16:10:21 INFO: Next Range (numTables: 21)
Left:
00000000  75 73 65 72 74 61 62 6c  65 3a 75 73 65 72 34 37  |usertable:user47|
00000010  33 31 35 38 34 36 38 32  32 31 36 35 36 38 35 37  |3158468221656857|
00000020  31 00 00 00 00 00 00 00  00                       |1........|

Right:
00000000  75 73 65 72 74 61 62 6c  65 3a 75 73 65 72 34 39  |usertable:user49|
00000010  37 34 31 39 38 35 31 37  35 34 37 35 38 39 30 37  |7419851754758907|
00000020  37 ff ff ff ff ff ff ff  ff                       |7........|

INSERT - Takes(s): 780.0, Count: 9996086, OPS: 12815.5, Avg(us): 42, Min(us): 6, Max(us): 145279, 50th(us): 32, 90th(us): 58, 95th(us): 85, 99th(us): 148, 99.9th(us): 368, 99.99th(us): 10783
TOTAL  - Takes(s): 780.0, Count: 9996086, OPS: 12815.5, Avg(us): 42, Min(us): 6, Max(us): 145279, 50th(us): 32, 90th(us): 58, 95th(us): 85, 99th(us): 148, 99.9th(us): 368, 99.99th(us): 10783
**********************************************
Run finished, takes 13m0.291235308s
INSERT - Takes(s): 780.3, Count: 10000000, OPS: 12815.7, Avg(us): 42, Min(us): 6, Max(us): 145279, 50th(us): 32, 90th(us): 58, 95th(us): 85, 99th(us): 148, 99.9th(us): 368, 99.99th(us): 10791
TOTAL  - Takes(s): 780.3, Count: 10000000, OPS: 12815.7, Avg(us): 42, Min(us): 6, Max(us): 145279, 50th(us): 32, 90th(us): 58, 95th(us): 85, 99th(us): 148, 99.9th(us): 368, 99.99th(us): 10791

================ 🌳 heatLSM 热力树拓扑与覆写率全景图 🌳 ================
🌲 [动态树结构监控] 当前母树最大深度 (Max Depth): Lv1
⚠️ 当前快照层 (L98/L99 拦截名单) 为空。没有识别到符合标准的热区。
========================================================================
📊 [系统内存雷达] 活跃区块数: 5, 回收站空洞数: 96
💾 [总物理内存开销] 2.12 MB

badger 2026/06/23 16:10:24 INFO: 
=========================================================
📊 关机前 Vlog 物理大盘 (冷热双轨与垃圾存活率)
=========================================================
(*) [Cold 🧊] FID: 1          | Size:    0.00 MB | Discard(垃圾):    0.00 MB | Garbage Ratio:  0.00%!
(MISSING)(*) [Hot  🔥] FID: 2147483649 | Size:    0.00 MB | Discard(垃圾):    0.00 MB | Garbage Ratio:  0.00%!
(MISSING)---------------------------------------------------------
📈 汇总: 共 1 个冷大巴, 1 个热大巴
总容量: 0.00 MB | 总垃圾: 0.00 MB | 整体垃圾率: 0.00%!
(MISSING)=========================================================
badger 2026/06/23 16:10:24 INFO: Lifetime L0 stalled for: 0s
badger 2026/06/23 16:10:24 INFO: 
Level 0 [ ]: NumTables: 02. Size: 70 MiB of 0 B. Score: 0.00->0.00 StaleData: 0 B Target FileSize: 64 MiB
Level 1 [ ]: NumTables: 00. Size: 0 B of 10 MiB. Score: 0.00->0.00 StaleData: 0 B Target FileSize: 2.0 MiB
Level 2 [ ]: NumTables: 00. Size: 0 B of 10 MiB. Score: 0.00->0.00 StaleData: 0 B Target FileSize: 2.0 MiB
Level 3 [ ]: NumTables: 00. Size: 0 B of 10 MiB. Score: 0.00->0.00 StaleData: 0 B Target FileSize: 2.0 MiB
Level 4 [ ]: NumTables: 00. Size: 0 B of 95 MiB. Score: 0.00->0.00 StaleData: 0 B Target FileSize: 4.0 MiB
Level 5 [B]: NumTables: 128. Size: 937 MiB of 946 MiB. Score: 0.00->0.00 StaleData: 0 B Target FileSize: 8.0 MiB
Level 6 [ ]: NumTables: 773. Size: 9.2 GiB of 9.2 GiB. Score: 0.00->0.00 StaleData: 0 B Target FileSize: 16 MiB
Level 98 [H]: NumTables: 00. Size: 0 B of ∞. Score: 0.00->0.00 StaleData: 0 B Target FileSize: ∞
Level 99 [H]: NumTables: 00. Size: 0 B of ∞. Score: 0.00->0.00 StaleData: 0 B Target FileSize: ∞
Level Done
HeatTree统计因为阻塞丢弃的key个数（DropCount）: 0.

=======================================================
🏆 [YCSB 终极结算] 压测及引擎落盘已全部完成
=======================================================
🎯 [分母] 纯应用层逻辑写入: 10126.82 MB
💿 [分子] OS内核级物理写入: 100116.29 MB  (104979542016 Bytes)
🔥 [核弹级数据] 最终系统级写放大 (System WA): 9.89 x
>>> [PHYSICAL_IO_RESULT] 100116.29
=======================================================

>>> --- Run Phase ---
Using request distribution 'zipfian' a keyrange of [0 10000000]
badger 2026/06/23 16:10:26 INFO: All 903 tables opened in 183ms
badger 2026/06/23 16:10:26 INFO: Discard stats nextEmptySlot: 0
badger 2026/06/23 16:10:26 INFO: Set nextTxnTs to 10000000
***************** properties *****************
"dotransactions"="true"
"fieldlength"="1024"
"insertproportion"="0"
"badger.dir"="./zzl_badger_data"
"badger.sync_writes"="false"
"table"="usertable"
"requestdistribution"="zipfian"
"command"="run"
"workload"="core"
"scanproportion"="0"
"badger.num_compactors"="4"
"operationcount"="10000000"
"readallfields"="true"
"updateproportion"="0.5"
"fieldcount"="1"
"threadcount"="1"
"badger.valuedir"="./zzl_badger_data"
"readproportion"="0.5"
"recordcount"="10000000"
**********************************************
READ   - Takes(s): 10.0, Count: 49947, OPS: 4994.8, Avg(us): 59, Min(us): 4, Max(us): 5467, 50th(us): 56, 90th(us): 90, 95th(us): 105, 99th(us): 140, 99.9th(us): 198, 99.99th(us): 871
TOTAL  - Takes(s): 10.0, Count: 100050, OPS: 10004.9, Avg(us): 77, Min(us): 4, Max(us): 5467, 50th(us): 74, 90th(us): 117, 95th(us): 133, 99th(us): 179, 99.9th(us): 262, 99.99th(us): 2087
UPDATE - Takes(s): 10.0, Count: 50103, OPS: 5009.9, Avg(us): 96, Min(us): 16, Max(us): 3187, 50th(us): 91, 90th(us): 130, 95th(us): 147, 99th(us): 198, 99.9th(us): 287, 99.99th(us): 2681
READ   - Takes(s): 20.0, Count: 97766, OPS: 4888.3, Avg(us): 61, Min(us): 3, Max(us): 5467, 50th(us): 56, 90th(us): 94, 95th(us): 111, 99th(us): 154, 99.9th(us): 314, 99.99th(us): 1316
TOTAL  - Takes(s): 20.0, Count: 195725, OPS: 9786.0, Avg(us): 80, Min(us): 3, Max(us): 21519, 50th(us): 75, 90th(us): 120, 95th(us): 138, 99th(us): 200, 99.9th(us): 399, 99.99th(us): 3117
UPDATE - Takes(s): 20.0, Count: 97959, OPS: 4897.6, Avg(us): 98, Min(us): 16, Max(us): 21519, 50th(us): 91, 90th(us): 133, 95th(us): 154, 99th(us): 222, 99.9th(us): 492, 99.99th(us): 3959
READ   - Takes(s): 30.0, Count: 143987, OPS: 4799.6, Avg(us): 64, Min(us): 3, Max(us): 18719, 50th(us): 58, 90th(us): 96, 95th(us): 114, 99th(us): 159, 99.9th(us): 326, 99.99th(us): 2000
TOTAL  - Takes(s): 30.0, Count: 288267, OPS: 9608.7, Avg(us): 82, Min(us): 3, Max(us): 96063, 50th(us): 76, 90th(us): 122, 95th(us): 141, 99th(us): 202, 99.9th(us): 405, 99.99th(us): 2839
UPDATE - Takes(s): 30.0, Count: 144280, OPS: 4809.1, Avg(us): 100, Min(us): 15, Max(us): 96063, 50th(us): 91, 90th(us): 136, 95th(us): 158, 99th(us): 225, 99.9th(us): 478, 99.99th(us): 3499
READ   - Takes(s): 40.0, Count: 187199, OPS: 4679.8, Avg(us): 66, Min(us): 3, Max(us): 32079, 50th(us): 59, 90th(us): 99, 95th(us): 118, 99th(us): 169, 99.9th(us): 334, 99.99th(us): 2095
TOTAL  - Takes(s): 40.0, Count: 374759, OPS: 9368.6, Avg(us): 84, Min(us): 3, Max(us): 96063, 50th(us): 77, 90th(us): 124, 95th(us): 145, 99th(us): 216, 99.9th(us): 476, 99.99th(us): 4947
UPDATE - Takes(s): 40.0, Count: 187560, OPS: 4688.5, Avg(us): 103, Min(us): 15, Max(us): 96063, 50th(us): 92, 90th(us): 138, 95th(us): 163, 99th(us): 243, 99.9th(us): 604, 99.99th(us): 6035
badger 2026/06/23 16:11:08 INFO: This Range (numTables: 1)
Left:
00000000  75 73 65 72 74 61 62 6c  65 3a 75 73 65 72 34 35  |usertable:user45|
00000010  33 34 34 36 39 32 39 30  34 34 38 32 39 35 33 37  |3446929044829537|
00000020  31 00 00 00 00 00 00 00  00                       |1........|

Right:
00000000  75 73 65 72 74 61 62 6c  65 3a 75 73 65 72 34 37  |usertable:user47|
00000010  34 33 38 30 32 34 36 32  37 31 30 39 39 33 39 30  |4380246271099390|
00000020  38 ff ff ff ff ff ff ff  ff                       |8........|

badger 2026/06/23 16:11:08 INFO: Next Range (numTables: 26)
Left:
00000000  75 73 65 72 74 61 62 6c  65 3a 75 73 65 72 34 35  |usertable:user45|
00000010  32 32 30 38 31 35 33 35  31 38 31 30 34 37 35 34  |2208153518104754|
00000020  39 00 00 00 00 00 00 00  00                       |9........|

Right:
00000000  75 73 65 72 74 61 62 6c  65 3a 75 73 65 72 34 37  |usertable:user47|
00000010  35 30 34 38 35 32 39 34  33 38 35 39 33 35 37 39  |5048529438593579|
00000020  31 ff ff ff ff ff ff ff  ff                       |1........|

badger 2026/06/23 16:11:08 INFO: [2] [E] LOG Compact 0->5 (5, 128 -> 153 tables with 5 splits). [08147 08148 08149 08151 08153 . 07821 07823 07829 07836 07841 07846 07850 07891 07895 07898 07900 07903 07822 07824 07828 07833 07838 07842 07852 07873 07888 07897 07908 07819 07825 07830 07832 07837 07843 07847 07851 07857 07861 07867 07870 07875 07878 07882 07885 07889 07894 07899 07905 07907 07911 07914 07915 07916 07917 07918 07919 07920 07921 07922 07820 07826 07831 07835 07840 07845 07849 07853 07856 07860 07866 07871 07874 07877 07881 07886 07890 07892 07896 07902 07906 07909 07910 07818 07827 07834 07839 07844 07848 07854 07859 07863 07865 07620 07621 07623 07626 07628 07630 07632 07635 07637 07639 07641 07644 07647 07648 07649 07650 07651 07652 07653 07654 07609 07611 07613 07614 07617 07619 07622 07624 07625 07627 07629 07631 07633 07634 07636 07638 07640 07642 07643 07645 07646 .] -> [08156 08161 08166 08170 08175 08180 08184 08190 08196 08200 08205 08209 08216 08220 08223 08228 08233 08237 08243 08248 08253 08258 08263 08269 08274 08278 08281 08286 08287 08288 08289 08290 08291 08292 08293 08294 08295 08296 08297 08298 08299 08300 08301 08302 08303 08304 08305 08306 08307 08155 08160 08165 08169 08173 08177 08182 08187 08192 08193 08199 08203 08210 08215 08221 08225 08231 08235 08241 08247 08251 08257 08262 08267 08273 08276 08282 08283 08158 08164 08171 08176 08181 08185 08189 08195 08202 08206 08211 08214 08219 08224 08227 08232 08238 08245 08249 08255 08260 08264 08268 08275 08280 08284 08159 08163 08168 08174 08179 08186 08191 08197 08201 08208 08213 08218 08226 08230 08236 08239 08242 08246 08252 08256 08261 08266 08272 08277 08279 08285 08157 08162 08167 08172 08178 08183 08188 08194 08198 08204 08207 08212 08217 08222 08229 08234 08240 08244 08250 08254 08259 08265 08270 08271 .], took 3.905s
, deleted 47265294 bytes
badger 2026/06/23 16:11:08 INFO: This Range (numTables: 1)
Left:
00000000  75 73 65 72 74 61 62 6c  65 3a 75 73 65 72 31 38  |usertable:user18|
00000010  34 31 39 31 34 38 35 36  39 37 37 39 33 34 35 38  |4191485697793458|
00000020  32 00 00 00 00 00 00 00  00                       |2........|

Right:
00000000  75 73 65 72 74 61 62 6c  65 3a 75 73 65 72 32 31  |usertable:user21|
00000010  38 39 39 35 30 39 36 36  37 31 32 36 33 39 32 32  |8995096671263922|
00000020  39 ff ff ff ff ff ff ff  ff                       |9........|

badger 2026/06/23 16:11:08 INFO: Next Range (numTables: 45)
Left:
00000000  75 73 65 72 74 61 62 6c  65 3a 75 73 65 72 31 38  |usertable:user18|
00000010  33 31 33 31 35 39 39 37  33 38 39 37 36 30 32 31  |3131599738976021|
00000020  37 00 00 00 00 00 00 00  00                       |7........|

Right:
00000000  75 73 65 72 74 61 62 6c  65 3a 75 73 65 72 32 31  |usertable:user21|
00000010  39 37 32 30 31 35 37 34  30 32 33 34 32 33 32 36  |9720157402342326|
00000020  38 ff ff ff ff ff ff ff  ff                       |8........|

badger 2026/06/23 16:11:09 INFO: This Range (numTables: 1)
Left:
00000000  75 73 65 72 74 61 62 6c  65 3a 75 73 65 72 32 39  |usertable:user29|
00000010  32 33 35 39 33 39 33 38  33 30 30 33 35 32 32 32  |2359393830035222|
00000020  33 00 00 00 00 00 00 00  00                       |3........|

Right:
00000000  75 73 65 72 74 61 62 6c  65 3a 75 73 65 72 33 32  |usertable:user32|
00000010  39 39 36 38 39 31 35 32  32 37 35 38 31 35 38 36  |9968915227581586|
00000020  35 ff ff ff ff ff ff ff  ff                       |5........|

badger 2026/06/23 16:11:09 INFO: Next Range (numTables: 40)
Left:
00000000  75 73 65 72 74 61 62 6c  65 3a 75 73 65 72 32 39  |usertable:user29|
00000010  31 37 33 38 30 31 36 38  30 34 30 34 30 30 39 39  |1738016804040099|
00000020  37 00 00 00 00 00 00 00  00                       |7........|

Right:
00000000  75 73 65 72 74 61 62 6c  65 3a 75 73 65 72 33 33  |usertable:user33|
00000010  30 36 30 36 31 39 32 31  36 37 31 36 30 32 32 34  |0606192167160224|
00000020  36 ff ff ff ff ff ff ff  ff                       |6........|

badger 2026/06/23 16:11:09 INFO: This Range (numTables: 1)
Left:
00000000  75 73 65 72 74 61 62 6c  65 3a 75 73 65 72 34 30  |usertable:user40|
00000010  32 35 37 35 34 32 38 37  33 30 39 30 33 31 35 31  |2575428730903151|
00000020  32 00 00 00 00 00 00 00  00                       |2........|

Right:
00000000  75 73 65 72 74 61 62 6c  65 3a 75 73 65 72 34 35  |usertable:user45|
00000010  33 34 34 36 38 36 33 30  37 32 36 35 36 39 39 39  |3446863072656999|
00000020  30 ff ff ff ff ff ff ff  ff                       |0........|

badger 2026/06/23 16:11:09 INFO: Next Range (numTables: 42)
Left:
00000000  75 73 65 72 74 61 62 6c  65 3a 75 73 65 72 34 30  |usertable:user40|
00000010  32 30 31 37 38 36 36 33  38 34 33 35 30 38 38 38  |2017866384350888|
00000020  31 00 00 00 00 00 00 00  00                       |1........|

Right:
00000000  75 73 65 72 74 61 62 6c  65 3a 75 73 65 72 34 35  |usertable:user45|
00000010  33 37 33 33 33 39 35 38  30 32 39 31 32 30 31 38  |3733395802912018|
00000020  31 ff ff ff ff ff ff ff  ff                       |1........|

READ   - Takes(s): 50.0, Count: 229212, OPS: 4584.1, Avg(us): 66, Min(us): 3, Max(us): 32079, 50th(us): 59, 90th(us): 99, 95th(us): 119, 99th(us): 179, 99.9th(us): 391, 99.99th(us): 3159
TOTAL  - Takes(s): 50.0, Count: 458933, OPS: 9178.4, Avg(us): 87, Min(us): 3, Max(us): 96063, 50th(us): 77, 90th(us): 125, 95th(us): 149, 99th(us): 237, 99.9th(us): 651, 99.99th(us): 11567
UPDATE - Takes(s): 50.0, Count: 229721, OPS: 4594.3, Avg(us): 107, Min(us): 15, Max(us): 96063, 50th(us): 92, 90th(us): 140, 95th(us): 170, 99th(us): 275, 99.9th(us): 1248, 99.99th(us): 15071
badger 2026/06/23 16:11:25 INFO: Block cache metrics: hit: 691685 miss: 1741992 keys-added: 276026 keys-updated: 44 keys-evicted: 195128 cost-added: 915897304 cost-evicted: 647462607 sets-dropped: 1730 sets-rejected: 229149 gets-dropped: 3008 gets-kept: 2416448 gets-total: 2433679 hit-ratio: 0.28
READ   - Takes(s): 60.0, Count: 274994, OPS: 4583.2, Avg(us): 66, Min(us): 3, Max(us): 32079, 50th(us): 59, 90th(us): 100, 95th(us): 119, 99th(us): 175, 99.9th(us): 377, 99.99th(us): 3129
TOTAL  - Takes(s): 60.0, Count: 550699, OPS: 9178.2, Avg(us): 86, Min(us): 3, Max(us): 96063, 50th(us): 77, 90th(us): 125, 95th(us): 148, 99th(us): 230, 99.9th(us): 600, 99.99th(us): 10951
UPDATE - Takes(s): 60.0, Count: 275705, OPS: 4594.9, Avg(us): 107, Min(us): 15, Max(us): 96063, 50th(us): 92, 90th(us): 140, 95th(us): 168, 99th(us): 265, 99.9th(us): 901, 99.99th(us): 14711
READ   - Takes(s): 70.0, Count: 321553, OPS: 4593.6, Avg(us): 66, Min(us): 3, Max(us): 32079, 50th(us): 60, 90th(us): 100, 95th(us): 119, 99th(us): 171, 99.9th(us): 367, 99.99th(us): 3049
TOTAL  - Takes(s): 70.0, Count: 644202, OPS: 9202.8, Avg(us): 86, Min(us): 3, Max(us): 96063, 50th(us): 77, 90th(us): 125, 95th(us): 147, 99th(us): 224, 99.9th(us): 557, 99.99th(us): 10071
UPDATE - Takes(s): 70.0, Count: 322649, OPS: 4609.1, Avg(us): 106, Min(us): 15, Max(us): 96063, 50th(us): 92, 90th(us): 139, 95th(us): 166, 99th(us): 257, 99.9th(us): 770, 99.99th(us): 14695
READ   - Takes(s): 80.0, Count: 369998, OPS: 4625.0, Avg(us): 66, Min(us): 2, Max(us): 32079, 50th(us): 60, 90th(us): 99, 95th(us): 118, 99th(us): 172, 99.9th(us): 389, 99.99th(us): 2817
TOTAL  - Takes(s): 80.0, Count: 741124, OPS: 9264.0, Avg(us): 86, Min(us): 2, Max(us): 96063, 50th(us): 77, 90th(us): 124, 95th(us): 146, 99th(us): 225, 99.9th(us): 579, 99.99th(us): 8119
UPDATE - Takes(s): 80.0, Count: 371126, OPS: 4639.0, Avg(us): 105, Min(us): 14, Max(us): 96063, 50th(us): 92, 90th(us): 138, 95th(us): 165, 99th(us): 259, 99.9th(us): 756, 99.99th(us): 13375
READ   - Takes(s): 90.0, Count: 412806, OPS: 4586.7, Avg(us): 67, Min(us): 2, Max(us): 32079, 50th(us): 61, 90th(us): 102, 95th(us): 121, 99th(us): 172, 99.9th(us): 377, 99.99th(us): 2533
TOTAL  - Takes(s): 90.0, Count: 826375, OPS: 9181.8, Avg(us): 87, Min(us): 2, Max(us): 96063, 50th(us): 78, 90th(us): 126, 95th(us): 148, 99th(us): 224, 99.9th(us): 557, 99.99th(us): 7103
UPDATE - Takes(s): 90.0, Count: 413569, OPS: 4595.2, Avg(us): 106, Min(us): 14, Max(us): 96063, 50th(us): 93, 90th(us): 141, 95th(us): 167, 99th(us): 255, 99.9th(us): 711, 99.99th(us): 12567
READ   - Takes(s): 100.0, Count: 453385, OPS: 4533.9, Avg(us): 69, Min(us): 2, Max(us): 32079, 50th(us): 62, 90th(us): 105, 95th(us): 124, 99th(us): 173, 99.9th(us): 374, 99.99th(us): 2439
TOTAL  - Takes(s): 100.0, Count: 907470, OPS: 9074.7, Avg(us): 88, Min(us): 2, Max(us): 96063, 50th(us): 80, 90th(us): 129, 95th(us): 151, 99th(us): 223, 99.9th(us): 540, 99.99th(us): 6855
UPDATE - Takes(s): 100.0, Count: 454085, OPS: 4540.8, Avg(us): 107, Min(us): 14, Max(us): 96063, 50th(us): 94, 90th(us): 143, 95th(us): 170, 99th(us): 253, 99.9th(us): 686, 99.99th(us): 12223
READ   - Takes(s): 110.0, Count: 494439, OPS: 4494.9, Avg(us): 70, Min(us): 2, Max(us): 32079, 50th(us): 63, 90th(us): 107, 95th(us): 127, 99th(us): 177, 99.9th(us): 386, 99.99th(us): 2399
TOTAL  - Takes(s): 110.0, Count: 989699, OPS: 8997.2, Avg(us): 89, Min(us): 2, Max(us): 96063, 50th(us): 80, 90th(us): 131, 95th(us): 153, 99th(us): 227, 99.9th(us): 553, 99.99th(us): 6619
UPDATE - Takes(s): 110.0, Count: 495260, OPS: 4502.3, Avg(us): 108, Min(us): 14, Max(us): 96063, 50th(us): 95, 90th(us): 145, 95th(us): 172, 99th(us): 257, 99.9th(us): 694, 99.99th(us): 11447
READ   - Takes(s): 120.0, Count: 539258, OPS: 4493.8, Avg(us): 70, Min(us): 2, Max(us): 32079, 50th(us): 63, 90th(us): 107, 95th(us): 127, 99th(us): 175, 99.9th(us): 373, 99.99th(us): 2241
TOTAL  - Takes(s): 120.0, Count: 1079781, OPS: 8998.1, Avg(us): 89, Min(us): 2, Max(us): 96063, 50th(us): 81, 90th(us): 131, 95th(us): 154, 99th(us): 225, 99.9th(us): 528, 99.99th(us): 6331
UPDATE - Takes(s): 120.0, Count: 540523, OPS: 4504.3, Avg(us): 108, Min(us): 14, Max(us): 96063, 50th(us): 96, 90th(us): 146, 95th(us): 172, 99th(us): 253, 99.9th(us): 664, 99.99th(us): 11239
READ   - Takes(s): 130.0, Count: 584528, OPS: 4496.4, Avg(us): 70, Min(us): 2, Max(us): 32079, 50th(us): 63, 90th(us): 108, 95th(us): 127, 99th(us): 175, 99.9th(us): 369, 99.99th(us): 2183
TOTAL  - Takes(s): 130.0, Count: 1170145, OPS: 9001.1, Avg(us): 89, Min(us): 2, Max(us): 96063, 50th(us): 81, 90th(us): 131, 95th(us): 153, 99th(us): 224, 99.9th(us): 516, 99.99th(us): 6171
UPDATE - Takes(s): 130.0, Count: 585617, OPS: 4504.7, Avg(us): 108, Min(us): 14, Max(us): 96063, 50th(us): 96, 90th(us): 146, 95th(us): 172, 99th(us): 251, 99.9th(us): 654, 99.99th(us): 10879
READ   - Takes(s): 140.0, Count: 626957, OPS: 4478.3, Avg(us): 71, Min(us): 2, Max(us): 32079, 50th(us): 63, 90th(us): 109, 95th(us): 128, 99th(us): 176, 99.9th(us): 383, 99.99th(us): 2147
TOTAL  - Takes(s): 140.0, Count: 1255014, OPS: 8964.4, Avg(us): 89, Min(us): 2, Max(us): 96063, 50th(us): 81, 90th(us): 132, 95th(us): 155, 99th(us): 226, 99.9th(us): 531, 99.99th(us): 6035
UPDATE - Takes(s): 140.0, Count: 628057, OPS: 4486.1, Avg(us): 108, Min(us): 14, Max(us): 96063, 50th(us): 96, 90th(us): 147, 95th(us): 173, 99th(us): 254, 99.9th(us): 662, 99.99th(us): 10559
READ   - Takes(s): 150.0, Count: 665774, OPS: 4438.5, Avg(us): 72, Min(us): 2, Max(us): 32079, 50th(us): 64, 90th(us): 111, 95th(us): 131, 99th(us): 180, 99.9th(us): 387, 99.99th(us): 2095
TOTAL  - Takes(s): 150.0, Count: 1332583, OPS: 8883.8, Avg(us): 90, Min(us): 2, Max(us): 96063, 50th(us): 82, 90th(us): 134, 95th(us): 157, 99th(us): 229, 99.9th(us): 531, 99.99th(us): 5739
UPDATE - Takes(s): 150.0, Count: 666809, OPS: 4445.3, Avg(us): 109, Min(us): 14, Max(us): 96063, 50th(us): 97, 90th(us): 149, 95th(us): 176, 99th(us): 257, 99.9th(us): 656, 99.99th(us): 10071
READ   - Takes(s): 160.0, Count: 710386, OPS: 4439.9, Avg(us): 72, Min(us): 2, Max(us): 32079, 50th(us): 64, 90th(us): 111, 95th(us): 130, 99th(us): 179, 99.9th(us): 381, 99.99th(us): 2055
TOTAL  - Takes(s): 160.0, Count: 1421799, OPS: 8886.2, Avg(us): 90, Min(us): 2, Max(us): 96063, 50th(us): 82, 90th(us): 134, 95th(us): 157, 99th(us): 227, 99.9th(us): 515, 99.99th(us): 5467
UPDATE - Takes(s): 160.0, Count: 711413, OPS: 4446.3, Avg(us): 109, Min(us): 14, Max(us): 96063, 50th(us): 97, 90th(us): 149, 95th(us): 175, 99th(us): 254, 99.9th(us): 644, 99.99th(us): 9135
READ   - Takes(s): 170.0, Count: 747851, OPS: 4399.1, Avg(us): 73, Min(us): 2, Max(us): 32079, 50th(us): 65, 90th(us): 112, 95th(us): 133, 99th(us): 185, 99.9th(us): 437, 99.99th(us): 2173
TOTAL  - Takes(s): 170.0, Count: 1496894, OPS: 8805.2, Avg(us): 91, Min(us): 2, Max(us): 96063, 50th(us): 83, 90th(us): 136, 95th(us): 159, 99th(us): 233, 99.9th(us): 601, 99.99th(us): 5447
UPDATE - Takes(s): 170.0, Count: 749043, OPS: 4406.1, Avg(us): 110, Min(us): 14, Max(us): 96063, 50th(us): 98, 90th(us): 151, 95th(us): 178, 99th(us): 261, 99.9th(us): 743, 99.99th(us): 8591
READ   - Takes(s): 180.0, Count: 783665, OPS: 4353.7, Avg(us): 74, Min(us): 2, Max(us): 32079, 50th(us): 66, 90th(us): 115, 95th(us): 136, 99th(us): 190, 99.9th(us): 431, 99.99th(us): 2131
TOTAL  - Takes(s): 180.0, Count: 1567825, OPS: 8710.1, Avg(us): 92, Min(us): 2, Max(us): 96063, 50th(us): 84, 90th(us): 138, 95th(us): 163, 99th(us): 237, 99.9th(us): 597, 99.99th(us): 5319
UPDATE - Takes(s): 180.0, Count: 784160, OPS: 4356.4, Avg(us): 111, Min(us): 14, Max(us): 96063, 50th(us): 99, 90th(us): 154, 95th(us): 182, 99th(us): 265, 99.9th(us): 735, 99.99th(us): 8591
badger 2026/06/23 16:13:28 INFO: [1] [E] LOG Compact 0->5 (5, 132 -> 177 tables with 5 splits). [08549 08547 08535 08525 08550 . 08156 08161 08170 08175 08184 08190 08228 08233 08237 08243 08248 08253 08258 08263 08269 08274 08278 08281 08286 08287 08288 08290 08292 08294 08295 08296 08297 08298 08299 08300 08301 08302 08303 08304 08305 08306 08307 08155 08160 08165 08169 08173 08177 08182 08187 08192 08193 08199 08203 08210 08215 08221 08225 08231 08235 08241 08251 08262 08267 08273 08276 08282 08283 08158 08164 08171 08176 08181 08185 08189 08195 08202 08206 08211 08214 08219 08224 08227 08232 08238 08245 08249 08255 08260 08264 08268 08275 08186 08191 08197 08201 08208 08213 08218 08226 08230 08236 08239 08242 08246 08252 08256 08261 08266 08272 08277 08279 08285 08157 08162 08167 08172 08178 08183 08188 08194 08198 08204 08207 08212 08217 08222 08229 08234 08240 08244 08250 08254 08259 08265 08270 08271 .] -> [08552 08554 08555 08559 08561 08566 08568 08572 08576 08580 08584 08588 08590 08595 08599 08605 08607 08610 08613 08617 08621 08626 08631 08634 08639 08643 08645 08649 08656 08658 08662 08666 08668 08672 08673 08677 08683 08688 08693 08697 08702 08708 08712 08713 08714 08715 08716 08717 08718 08719 08720 08721 08722 08723 08724 08725 08726 08727 08728 08557 08563 08569 08574 08578 08582 08585 08591 08598 08603 08612 08615 08619 08625 08628 08633 08638 08644 08650 08655 08659 08665 08670 08674 08681 08684 08692 08696 08701 08704 08709 08553 08560 08565 08570 08575 08579 08587 08592 08596 08602 08606 08611 08618 08623 08630 08637 08641 08647 08653 08657 08664 08669 08675 08679 08687 08691 08698 08700 08705 08706 08558 08562 08567 08577 08583 08586 08593 08597 08600 08604 08608 08614 08620 08624 08629 08635 08640 08646 08651 08654 08661 08667 08676 08682 08685 08690 08695 08699 08703 08707 08710 08711 08556 08564 08571 08573 08581 08589 08594 08601 08609 08616 08622 08627 08632 08636 08642 08648 08652 08660 08663 08671 08678 08680 08686 08689 08694 .], took 2.609s
, deleted 101042093 bytes
READ   - Takes(s): 190.0, Count: 824620, OPS: 4340.1, Avg(us): 74, Min(us): 2, Max(us): 32079, 50th(us): 65, 90th(us): 115, 95th(us): 136, 99th(us): 192, 99.9th(us): 435, 99.99th(us): 2183
TOTAL  - Takes(s): 190.0, Count: 1649716, OPS: 8682.7, Avg(us): 93, Min(us): 2, Max(us): 96063, 50th(us): 83, 90th(us): 139, 95th(us): 163, 99th(us): 241, 99.9th(us): 627, 99.99th(us): 6543
UPDATE - Takes(s): 190.0, Count: 825096, OPS: 4342.6, Avg(us): 112, Min(us): 14, Max(us): 96063, 50th(us): 99, 90th(us): 154, 95th(us): 183, 99th(us): 272, 99.9th(us): 820, 99.99th(us): 9935
READ   - Takes(s): 200.0, Count: 873323, OPS: 4366.6, Avg(us): 73, Min(us): 2, Max(us): 32079, 50th(us): 65, 90th(us): 114, 95th(us): 135, 99th(us): 191, 99.9th(us): 435, 99.99th(us): 2181
TOTAL  - Takes(s): 200.0, Count: 1746554, OPS: 8732.7, Avg(us): 92, Min(us): 2, Max(us): 96063, 50th(us): 83, 90th(us): 138, 95th(us): 163, 99th(us): 241, 99.9th(us): 617, 99.99th(us): 6383
UPDATE - Takes(s): 200.0, Count: 873231, OPS: 4366.1, Avg(us): 111, Min(us): 14, Max(us): 96063, 50th(us): 98, 90th(us): 153, 95th(us): 182, 99th(us): 271, 99.9th(us): 800, 99.99th(us): 9791
READ   - Takes(s): 210.0, Count: 919094, OPS: 4376.6, Avg(us): 73, Min(us): 2, Max(us): 32079, 50th(us): 65, 90th(us): 113, 95th(us): 135, 99th(us): 190, 99.9th(us): 429, 99.99th(us): 2181
TOTAL  - Takes(s): 210.0, Count: 1838044, OPS: 8752.6, Avg(us): 92, Min(us): 2, Max(us): 96063, 50th(us): 83, 90th(us): 137, 95th(us): 162, 99th(us): 239, 99.9th(us): 608, 99.99th(us): 6231
UPDATE - Takes(s): 210.0, Count: 918950, OPS: 4375.9, Avg(us): 111, Min(us): 14, Max(us): 96063, 50th(us): 98, 90th(us): 152, 95th(us): 181, 99th(us): 269, 99.9th(us): 780, 99.99th(us): 9223
READ   - Takes(s): 220.0, Count: 967727, OPS: 4398.8, Avg(us): 73, Min(us): 2, Max(us): 32079, 50th(us): 65, 90th(us): 112, 95th(us): 133, 99th(us): 188, 99.9th(us): 421, 99.99th(us): 2119
TOTAL  - Takes(s): 220.0, Count: 1935154, OPS: 8796.1, Avg(us): 91, Min(us): 2, Max(us): 96063, 50th(us): 82, 90th(us): 136, 95th(us): 160, 99th(us): 236, 99.9th(us): 594, 99.99th(us): 6063
UPDATE - Takes(s): 220.0, Count: 967427, OPS: 4397.4, Avg(us): 110, Min(us): 14, Max(us): 96063, 50th(us): 98, 90th(us): 151, 95th(us): 180, 99th(us): 266, 99.9th(us): 755, 99.99th(us): 9111
READ   - Takes(s): 230.0, Count: 1021307, OPS: 4440.5, Avg(us): 72, Min(us): 2, Max(us): 32079, 50th(us): 64, 90th(us): 111, 95th(us): 132, 99th(us): 187, 99.9th(us): 415, 99.99th(us): 2089
TOTAL  - Takes(s): 230.0, Count: 2042213, OPS: 8879.2, Avg(us): 90, Min(us): 2, Max(us): 96063, 50th(us): 82, 90th(us): 135, 95th(us): 159, 99th(us): 235, 99.9th(us): 585, 99.99th(us): 5779
UPDATE - Takes(s): 230.0, Count: 1020906, OPS: 4438.7, Avg(us): 109, Min(us): 13, Max(us): 96063, 50th(us): 97, 90th(us): 150, 95th(us): 178, 99th(us): 265, 99.9th(us): 740, 99.99th(us): 8583
READ   - Takes(s): 240.0, Count: 1071189, OPS: 4463.3, Avg(us): 71, Min(us): 2, Max(us): 32079, 50th(us): 64, 90th(us): 110, 95th(us): 131, 99th(us): 186, 99.9th(us): 407, 99.99th(us): 2105
TOTAL  - Takes(s): 240.0, Count: 2141788, OPS: 8924.1, Avg(us): 90, Min(us): 2, Max(us): 96063, 50th(us): 81, 90th(us): 134, 95th(us): 158, 99th(us): 233, 99.9th(us): 573, 99.99th(us): 5575
UPDATE - Takes(s): 240.0, Count: 1070599, OPS: 4460.8, Avg(us): 108, Min(us): 13, Max(us): 96063, 50th(us): 96, 90th(us): 149, 95th(us): 177, 99th(us): 262, 99.9th(us): 717, 99.99th(us): 8335
READ   - Takes(s): 250.0, Count: 1112011, OPS: 4448.0, Avg(us): 72, Min(us): 2, Max(us): 32079, 50th(us): 64, 90th(us): 111, 95th(us): 132, 99th(us): 186, 99.9th(us): 408, 99.99th(us): 2089
TOTAL  - Takes(s): 250.0, Count: 2223493, OPS: 8893.9, Avg(us): 90, Min(us): 2, Max(us): 96063, 50th(us): 82, 90th(us): 135, 95th(us): 159, 99th(us): 234, 99.9th(us): 567, 99.99th(us): 5519
UPDATE - Takes(s): 250.0, Count: 1111482, OPS: 4445.9, Avg(us): 109, Min(us): 13, Max(us): 96063, 50th(us): 97, 90th(us): 150, 95th(us): 178, 99th(us): 263, 99.9th(us): 702, 99.99th(us): 8263
badger 2026/06/23 16:14:45 INFO: [1] [E] LOG Compact 0->5 (5, 141 -> 155 tables with 5 splits). [08872 08868 08852 08870 08873 . 08552 08554 08555 08559 08561 08566 08568 08572 08576 08580 08584 08588 08590 08595 08599 08605 08607 08610 08613 08617 08621 08626 08631 08634 08639 08643 08645 08649 08656 08658 08662 08666 08668 08672 08673 08677 08683 08688 08693 08697 08702 08708 08712 08713 08714 08715 08718 08719 08720 08724 08725 08726 08727 08557 08563 08569 08574 08578 08582 08585 08591 08598 08603 08612 08615 08619 08625 08628 08633 08644 08650 08655 08659 08670 08674 08681 08684 08692 08696 08701 08704 08553 08560 08575 08579 08592 08596 08618 08630 08637 08641 08647 08653 08657 08664 08669 08675 08687 08691 08698 08700 08558 08562 08567 08577 08583 08586 08597 08600 08604 08608 08614 08620 08624 08640 08646 08651 08654 08661 08667 08676 08682 08685 08690 08695 08699 08703 08710 08564 08581 08589 08594 08609 08616 08622 08632 08663 08678 08680 08686 08694 .] -> [08875 08881 08886 08889 08892 08902 08911 08913 08919 08923 08926 08931 08936 08940 08945 08949 08954 08959 08964 08969 08974 08979 08984 08990 08993 08998 09006 09010 09015 09019 09021 08876 08877 08882 08884 08887 08897 08901 08906 08912 08914 08918 08924 08928 08935 08942 08946 08951 08955 08961 08966 08971 08975 08980 08983 08989 08994 08999 09004 09009 09012 09017 09022 09025 09027 08880 08885 08888 08895 08896 08900 08905 08908 08916 08920 08929 08937 08941 08950 08956 08960 08965 08970 08977 08982 08988 08995 09000 09005 09008 09013 09016 09020 09024 09026 09028 09029 08879 08891 08894 08899 08903 08907 08909 08915 08921 08925 08930 08933 08939 08944 08947 08952 08957 08962 08968 08973 08978 08985 08987 08992 08997 09003 09007 09011 09014 09018 09023 08878 08883 08890 08893 08898 08904 08910 08917 08922 08927 08932 08934 08938 08943 08948 08953 08958 08963 08967 08972 08976 08981 08986 08991 08996 09001 09002 .], took 2.474s
, deleted 82986197 bytes
READ   - Takes(s): 260.0, Count: 1153911, OPS: 4438.1, Avg(us): 72, Min(us): 2, Max(us): 32079, 50th(us): 64, 90th(us): 111, 95th(us): 132, 99th(us): 189, 99.9th(us): 418, 99.99th(us): 2097
TOTAL  - Takes(s): 260.0, Count: 2307138, OPS: 8873.6, Avg(us): 91, Min(us): 2, Max(us): 96063, 50th(us): 82, 90th(us): 135, 95th(us): 159, 99th(us): 238, 99.9th(us): 590, 99.99th(us): 6063
UPDATE - Takes(s): 260.0, Count: 1153227, OPS: 4435.4, Avg(us): 109, Min(us): 13, Max(us): 96063, 50th(us): 97, 90th(us): 150, 95th(us): 179, 99th(us): 269, 99.9th(us): 750, 99.99th(us): 8775
READ   - Takes(s): 270.0, Count: 1197700, OPS: 4435.9, Avg(us): 72, Min(us): 2, Max(us): 32079, 50th(us): 64, 90th(us): 111, 95th(us): 132, 99th(us): 188, 99.9th(us): 416, 99.99th(us): 2089
TOTAL  - Takes(s): 270.0, Count: 2395039, OPS: 8870.5, Avg(us): 91, Min(us): 2, Max(us): 96063, 50th(us): 82, 90th(us): 135, 95th(us): 159, 99th(us): 237, 99.9th(us): 585, 99.99th(us): 6095
UPDATE - Takes(s): 270.0, Count: 1197339, OPS: 4434.6, Avg(us): 109, Min(us): 13, Max(us): 96063, 50th(us): 97, 90th(us): 150, 95th(us): 179, 99th(us): 268, 99.9th(us): 744, 99.99th(us): 8887
READ   - Takes(s): 280.0, Count: 1242894, OPS: 4438.9, Avg(us): 72, Min(us): 2, Max(us): 32079, 50th(us): 64, 90th(us): 111, 95th(us): 132, 99th(us): 187, 99.9th(us): 410, 99.99th(us): 2089
TOTAL  - Takes(s): 280.0, Count: 2485712, OPS: 8877.5, Avg(us): 90, Min(us): 2, Max(us): 96063, 50th(us): 82, 90th(us): 135, 95th(us): 159, 99th(us): 236, 99.9th(us): 577, 99.99th(us): 6023
UPDATE - Takes(s): 280.0, Count: 1242818, OPS: 4438.6, Avg(us): 109, Min(us): 13, Max(us): 96063, 50th(us): 97, 90th(us): 150, 95th(us): 178, 99th(us): 266, 99.9th(us): 731, 99.99th(us): 8703
READ   - Takes(s): 290.0, Count: 1286882, OPS: 4437.5, Avg(us): 72, Min(us): 2, Max(us): 32079, 50th(us): 64, 90th(us): 111, 95th(us): 131, 99th(us): 187, 99.9th(us): 417, 99.99th(us): 2089
TOTAL  - Takes(s): 290.0, Count: 2574353, OPS: 8877.0, Avg(us): 90, Min(us): 2, Max(us): 96063, 50th(us): 82, 90th(us): 135, 95th(us): 159, 99th(us): 236, 99.9th(us): 579, 99.99th(us): 5927
UPDATE - Takes(s): 290.0, Count: 1287471, OPS: 4439.5, Avg(us): 109, Min(us): 13, Max(us): 96063, 50th(us): 97, 90th(us): 150, 95th(us): 178, 99th(us): 267, 99.9th(us): 726, 99.99th(us): 8583
READ   - Takes(s): 300.0, Count: 1329638, OPS: 4432.1, Avg(us): 72, Min(us): 2, Max(us): 32079, 50th(us): 65, 90th(us): 111, 95th(us): 131, 99th(us): 186, 99.9th(us): 414, 99.99th(us): 2089
TOTAL  - Takes(s): 300.0, Count: 2659500, OPS: 8865.0, Avg(us): 91, Min(us): 2, Max(us): 96063, 50th(us): 82, 90th(us): 135, 95th(us): 158, 99th(us): 235, 99.9th(us): 575, 99.99th(us): 5779
UPDATE - Takes(s): 300.0, Count: 1329862, OPS: 4432.9, Avg(us): 109, Min(us): 13, Max(us): 96063, 50th(us): 97, 90th(us): 149, 95th(us): 178, 99th(us): 265, 99.9th(us): 717, 99.99th(us): 8527
READ   - Takes(s): 310.0, Count: 1371453, OPS: 4424.0, Avg(us): 72, Min(us): 2, Max(us): 32079, 50th(us): 65, 90th(us): 111, 95th(us): 131, 99th(us): 186, 99.9th(us): 409, 99.99th(us): 2085
TOTAL  - Takes(s): 310.0, Count: 2742367, OPS: 8846.3, Avg(us): 91, Min(us): 2, Max(us): 96063, 50th(us): 82, 90th(us): 135, 95th(us): 158, 99th(us): 234, 99.9th(us): 569, 99.99th(us): 5607
UPDATE - Takes(s): 310.0, Count: 1370914, OPS: 4422.3, Avg(us): 109, Min(us): 13, Max(us): 96063, 50th(us): 97, 90th(us): 150, 95th(us): 178, 99th(us): 264, 99.9th(us): 705, 99.99th(us): 8335
READ   - Takes(s): 320.0, Count: 1413622, OPS: 4417.6, Avg(us): 73, Min(us): 2, Max(us): 32079, 50th(us): 65, 90th(us): 111, 95th(us): 131, 99th(us): 186, 99.9th(us): 416, 99.99th(us): 2053
TOTAL  - Takes(s): 320.0, Count: 2826228, OPS: 8831.9, Avg(us): 91, Min(us): 2, Max(us): 96063, 50th(us): 83, 90th(us): 135, 95th(us): 158, 99th(us): 235, 99.9th(us): 572, 99.99th(us): 5475
UPDATE - Takes(s): 320.0, Count: 1412606, OPS: 4414.4, Avg(us): 110, Min(us): 13, Max(us): 96063, 50th(us): 98, 90th(us): 150, 95th(us): 177, 99th(us): 264, 99.9th(us): 705, 99.99th(us): 8231
badger 2026/06/23 16:15:54 INFO: This Range (numTables: 8)
Left:
00000000  75 73 65 72 74 61 62 6c  65 3a 75 73 65 72 31 30  |usertable:user10|
00000010  30 30 30 33 35 32 39 38  35 39 34 34 30 36 38 35  |0003529859440685|
00000020  37 00 00 00 00 00 00 00  00                       |7........|

Right:
00000000  75 73 65 72 74 61 62 6c  65 3a 75 73 65 72 39 33  |usertable:user93|
00000010  39 39 30 30 38 30 38 36  33 36 32 31 32 30 32 30  |9900808636212020|
00000020  ff ff ff ff ff ff ff ff                           |........|

badger 2026/06/23 16:15:54 INFO: Next Range (numTables: 14)
Left:
00000000  75 73 65 72 74 61 62 6c  65 3a 75 73 65 72 31 30  |usertable:user10|
00000010  30 30 30 37 30 34 38 32  39 36 36 35 30 39 36 30  |0007048296650960|
00000020  39 00 00 00 00 00 00 00  00                       |9........|

Right:
00000000  75 73 65 72 74 61 62 6c  65 3a 75 73 65 72 39 33  |usertable:user93|
00000010  39 38 37 31 34 32 30 38  39 35 33 35 30 33 36 ff  |987142089535036.|
00000020  ff ff ff ff ff ff ff                              |.......|

READ   - Takes(s): 330.0, Count: 1453462, OPS: 4404.4, Avg(us): 73, Min(us): 2, Max(us): 32079, 50th(us): 66, 90th(us): 112, 95th(us): 132, 99th(us): 187, 99.9th(us): 417, 99.99th(us): 2055
TOTAL  - Takes(s): 330.0, Count: 2905927, OPS: 8805.8, Avg(us): 91, Min(us): 2, Max(us): 96063, 50th(us): 83, 90th(us): 135, 95th(us): 159, 99th(us): 235, 99.9th(us): 570, 99.99th(us): 5447
UPDATE - Takes(s): 330.0, Count: 1452465, OPS: 4401.4, Avg(us): 110, Min(us): 13, Max(us): 96063, 50th(us): 98, 90th(us): 150, 95th(us): 178, 99th(us): 265, 99.9th(us): 701, 99.99th(us): 8163
READ   - Takes(s): 340.0, Count: 1499749, OPS: 4411.0, Avg(us): 73, Min(us): 2, Max(us): 32079, 50th(us): 65, 90th(us): 112, 95th(us): 131, 99th(us): 185, 99.9th(us): 412, 99.99th(us): 2034
TOTAL  - Takes(s): 340.0, Count: 2999065, OPS: 8820.8, Avg(us): 91, Min(us): 2, Max(us): 96063, 50th(us): 83, 90th(us): 135, 95th(us): 158, 99th(us): 233, 99.9th(us): 565, 99.99th(us): 5251
UPDATE - Takes(s): 340.0, Count: 1499316, OPS: 4409.7, Avg(us): 110, Min(us): 13, Max(us): 96063, 50th(us): 98, 90th(us): 150, 95th(us): 177, 99th(us): 263, 99.9th(us): 693, 99.99th(us): 7915
READ   - Takes(s): 350.0, Count: 1547072, OPS: 4420.2, Avg(us): 73, Min(us): 2, Max(us): 32079, 50th(us): 65, 90th(us): 111, 95th(us): 131, 99th(us): 186, 99.9th(us): 416, 99.99th(us): 2008
TOTAL  - Takes(s): 350.0, Count: 3093072, OPS: 8837.3, Avg(us): 91, Min(us): 2, Max(us): 96063, 50th(us): 83, 90th(us): 135, 95th(us): 158, 99th(us): 234, 99.9th(us): 566, 99.99th(us): 5191
UPDATE - Takes(s): 350.0, Count: 1546000, OPS: 4417.1, Avg(us): 109, Min(us): 13, Max(us): 96063, 50th(us): 98, 90th(us): 149, 95th(us): 176, 99th(us): 263, 99.9th(us): 696, 99.99th(us): 7839
badger 2026/06/23 16:16:22 INFO: [1] [E] LOG Compact 0->5 (5, 136 -> 155 tables with 5 splits). [09126 09123 09124 09095 09127 . 08875 08881 08886 08889 08892 08902 08911 08913 08919 08923 08926 08931 08936 08940 08945 08949 08954 08959 08964 08969 08974 08979 08984 08990 08993 08998 09006 09010 09015 09019 09021 08876 08877 08882 08884 08887 08897 08901 08906 08912 08914 08918 08928 08942 08946 08951 08955 08961 08966 08971 08975 08980 08983 08989 08994 08999 09004 09009 09012 09017 09022 09025 08880 08888 08900 08905 08908 08916 08920 08929 08937 08941 08956 08960 08965 08970 08982 08995 09000 09005 09008 09013 09016 09020 09024 09026 09028 09029 08879 08891 08894 08899 08907 08921 08925 08930 08939 08944 08947 08952 08957 08962 08968 08973 08978 08985 08987 08992 08997 09003 09007 09011 09014 09018 09023 08878 08883 08890 08893 08898 08904 08917 08932 08934 08938 08943 08948 08953 08958 08963 08967 08972 08976 08981 08986 09001 .] -> [09131 09138 09145 09150 09154 09160 09163 09167 09174 09179 09185 09191 09195 09200 09206 09209 09214 09218 09223 09230 09235 09241 09246 09248 09253 09258 09262 09265 09270 09273 09277 09279 09280 09281 09282 09283 09130 09135 09140 09144 09151 09155 09159 09165 09171 09173 09178 09182 09188 09196 09201 09203 09207 09213 09219 09226 09229 09236 09239 09243 09249 09252 09256 09260 09264 09269 09275 09129 09136 09139 09148 09153 09156 09161 09169 09176 09180 09184 09187 09192 09197 09202 09208 09212 09216 09220 09224 09231 09234 09240 09244 09250 09255 09259 09263 09267 09271 09274 09276 09133 09137 09142 09146 09149 09158 09164 09168 09175 09181 09186 09190 09193 09199 09204 09210 09215 09222 09227 09232 09238 09245 09251 09254 09257 09261 09266 09268 09272 09278 09132 09134 09141 09143 09147 09152 09157 09162 09166 09170 09172 09177 09183 09189 09194 09198 09205 09211 09217 09221 09225 09228 09233 09237 09242 09247 .], took 2.347s
, deleted 80628531 bytes
badger 2026/06/23 16:16:25 INFO: Block cache metrics: hit: 7022677 miss: 7284653 keys-added: 1581480 keys-updated: 68 keys-evicted: 1500587 cost-added: 5248298724 cost-evicted: 4979863674 sets-dropped: 1730 sets-rejected: 1947706 gets-dropped: 10368 gets-kept: 14238080 gets-total: 14307331 hit-ratio: 0.49
READ   - Takes(s): 360.0, Count: 1587696, OPS: 4410.3, Avg(us): 73, Min(us): 2, Max(us): 32079, 50th(us): 65, 90th(us): 111, 95th(us): 131, 99th(us): 187, 99.9th(us): 419, 99.99th(us): 2029
TOTAL  - Takes(s): 360.0, Count: 3174278, OPS: 8817.4, Avg(us): 91, Min(us): 2, Max(us): 96063, 50th(us): 83, 90th(us): 135, 95th(us): 158, 99th(us): 236, 99.9th(us): 579, 99.99th(us): 6023
UPDATE - Takes(s): 360.0, Count: 1586582, OPS: 4407.1, Avg(us): 110, Min(us): 13, Max(us): 96063, 50th(us): 98, 90th(us): 149, 95th(us): 177, 99th(us): 267, 99.9th(us): 728, 99.99th(us): 8703
READ   - Takes(s): 370.0, Count: 1635469, OPS: 4420.2, Avg(us): 72, Min(us): 2, Max(us): 32079, 50th(us): 65, 90th(us): 111, 95th(us): 131, 99th(us): 186, 99.9th(us): 417, 99.99th(us): 2000
TOTAL  - Takes(s): 370.0, Count: 3269822, OPS: 8837.3, Avg(us): 91, Min(us): 2, Max(us): 96063, 50th(us): 82, 90th(us): 134, 95th(us): 158, 99th(us): 235, 99.9th(us): 572, 99.99th(us): 5979
UPDATE - Takes(s): 370.0, Count: 1634353, OPS: 4417.1, Avg(us): 109, Min(us): 13, Max(us): 96063, 50th(us): 97, 90th(us): 149, 95th(us): 177, 99th(us): 266, 99.9th(us): 718, 99.99th(us): 8591
READ   - Takes(s): 380.0, Count: 1687896, OPS: 4441.8, Avg(us): 72, Min(us): 2, Max(us): 32079, 50th(us): 65, 90th(us): 110, 95th(us): 130, 99th(us): 186, 99.9th(us): 417, 99.99th(us): 1969
TOTAL  - Takes(s): 380.0, Count: 3374567, OPS: 8880.4, Avg(us): 90, Min(us): 2, Max(us): 96063, 50th(us): 82, 90th(us): 134, 95th(us): 157, 99th(us): 234, 99.9th(us): 572, 99.99th(us): 5779
UPDATE - Takes(s): 380.0, Count: 1686671, OPS: 4438.6, Avg(us): 109, Min(us): 13, Max(us): 96063, 50th(us): 97, 90th(us): 148, 95th(us): 176, 99th(us): 265, 99.9th(us): 716, 99.99th(us): 8527
READ   - Takes(s): 390.0, Count: 1734696, OPS: 4447.9, Avg(us): 72, Min(us): 2, Max(us): 32079, 50th(us): 64, 90th(us): 110, 95th(us): 130, 99th(us): 185, 99.9th(us): 413, 99.99th(us): 1962
TOTAL  - Takes(s): 390.0, Count: 3468543, OPS: 8893.7, Avg(us): 90, Min(us): 2, Max(us): 96063, 50th(us): 82, 90th(us): 133, 95th(us): 156, 99th(us): 233, 99.9th(us): 566, 99.99th(us): 5627
UPDATE - Takes(s): 390.0, Count: 1733847, OPS: 4445.7, Avg(us): 109, Min(us): 13, Max(us): 96063, 50th(us): 97, 90th(us): 148, 95th(us): 175, 99th(us): 263, 99.9th(us): 704, 99.99th(us): 8415
READ   - Takes(s): 400.0, Count: 1778670, OPS: 4446.7, Avg(us): 72, Min(us): 2, Max(us): 32079, 50th(us): 65, 90th(us): 110, 95th(us): 130, 99th(us): 184, 99.9th(us): 410, 99.99th(us): 1962
TOTAL  - Takes(s): 400.0, Count: 3556365, OPS: 8890.9, Avg(us): 90, Min(us): 2, Max(us): 96063, 50th(us): 82, 90th(us): 133, 95th(us): 156, 99th(us): 232, 99.9th(us): 562, 99.99th(us): 5519
UPDATE - Takes(s): 400.0, Count: 1777695, OPS: 4444.2, Avg(us): 109, Min(us): 13, Max(us): 96063, 50th(us): 97, 90th(us): 148, 95th(us): 175, 99th(us): 262, 99.9th(us): 696, 99.99th(us): 8335
READ   - Takes(s): 410.0, Count: 1823422, OPS: 4447.4, Avg(us): 72, Min(us): 2, Max(us): 32079, 50th(us): 65, 90th(us): 110, 95th(us): 130, 99th(us): 184, 99.9th(us): 415, 99.99th(us): 1962
TOTAL  - Takes(s): 410.0, Count: 3645909, OPS: 8892.4, Avg(us): 90, Min(us): 2, Max(us): 96063, 50th(us): 82, 90th(us): 133, 95th(us): 156, 99th(us): 232, 99.9th(us): 564, 99.99th(us): 5447
UPDATE - Takes(s): 410.0, Count: 1822487, OPS: 4445.1, Avg(us): 109, Min(us): 13, Max(us): 96063, 50th(us): 97, 90th(us): 148, 95th(us): 175, 99th(us): 263, 99.9th(us): 698, 99.99th(us): 8271
READ   - Takes(s): 420.0, Count: 1859293, OPS: 4426.9, Avg(us): 72, Min(us): 2, Max(us): 32079, 50th(us): 65, 90th(us): 111, 95th(us): 131, 99th(us): 186, 99.9th(us): 412, 99.99th(us): 1960
TOTAL  - Takes(s): 420.0, Count: 3717629, OPS: 8851.5, Avg(us): 91, Min(us): 2, Max(us): 96063, 50th(us): 82, 90th(us): 134, 95th(us): 158, 99th(us): 234, 99.9th(us): 561, 99.99th(us): 5355
UPDATE - Takes(s): 420.0, Count: 1858336, OPS: 4424.6, Avg(us): 109, Min(us): 13, Max(us): 96063, 50th(us): 97, 90th(us): 149, 95th(us): 177, 99th(us): 264, 99.9th(us): 694, 99.99th(us): 8223
READ   - Takes(s): 430.0, Count: 1897143, OPS: 4412.0, Avg(us): 73, Min(us): 2, Max(us): 32079, 50th(us): 65, 90th(us): 112, 95th(us): 132, 99th(us): 186, 99.9th(us): 412, 99.99th(us): 1923
TOTAL  - Takes(s): 430.0, Count: 3793031, OPS: 8821.0, Avg(us): 91, Min(us): 2, Max(us): 96063, 50th(us): 83, 90th(us): 135, 95th(us): 159, 99th(us): 234, 99.9th(us): 559, 99.99th(us): 5303
UPDATE - Takes(s): 430.0, Count: 1895888, OPS: 4409.0, Avg(us): 109, Min(us): 13, Max(us): 96063, 50th(us): 97, 90th(us): 150, 95th(us): 177, 99th(us): 264, 99.9th(us): 692, 99.99th(us): 8159
READ   - Takes(s): 440.0, Count: 1935497, OPS: 4398.8, Avg(us): 73, Min(us): 2, Max(us): 32079, 50th(us): 66, 90th(us): 113, 95th(us): 133, 99th(us): 188, 99.9th(us): 418, 99.99th(us): 1942
TOTAL  - Takes(s): 440.0, Count: 3869553, OPS: 8794.4, Avg(us): 91, Min(us): 2, Max(us): 96063, 50th(us): 83, 90th(us): 136, 95th(us): 159, 99th(us): 236, 99.9th(us): 565, 99.99th(us): 5323
UPDATE - Takes(s): 440.0, Count: 1934056, OPS: 4395.6, Avg(us): 110, Min(us): 13, Max(us): 96063, 50th(us): 98, 90th(us): 151, 95th(us): 178, 99th(us): 266, 99.9th(us): 695, 99.99th(us): 8163
READ   - Takes(s): 450.0, Count: 1976194, OPS: 4391.5, Avg(us): 73, Min(us): 2, Max(us): 32079, 50th(us): 66, 90th(us): 113, 95th(us): 133, 99th(us): 188, 99.9th(us): 415, 99.99th(us): 1923
TOTAL  - Takes(s): 450.0, Count: 3951188, OPS: 8780.4, Avg(us): 92, Min(us): 2, Max(us): 96063, 50th(us): 83, 90th(us): 136, 95th(us): 160, 99th(us): 236, 99.9th(us): 562, 99.99th(us): 5255
UPDATE - Takes(s): 450.0, Count: 1974994, OPS: 4388.9, Avg(us): 110, Min(us): 13, Max(us): 96063, 50th(us): 98, 90th(us): 151, 95th(us): 179, 99th(us): 265, 99.9th(us): 692, 99.99th(us): 8119
badger 2026/06/23 16:18:00 INFO: [2] [E] LOG Compact 0->5 (5, 134 -> 93 tables with 5 splits). [09395 09376 09373 09369 09396 . 09131 09138 09145 09150 09154 09160 09163 09167 09174 09179 09185 09191 09195 09200 09206 09209 09214 09218 09223 09230 09235 09241 09246 09248 09253 09258 09262 09265 09270 09273 09277 09279 09280 09281 09282 09130 09135 09140 09144 09151 09155 09159 09165 09171 09173 09178 09182 09188 09196 09201 09203 09213 09219 09226 09229 09236 09239 09243 09249 09252 09256 09260 09264 09269 09275 09129 09136 09139 09148 09156 09161 09169 09176 09180 09184 09187 09192 09197 09212 09216 09220 09224 09231 09234 09240 09244 09250 09255 09259 09263 09267 09271 09274 09133 09137 09142 09146 09149 09158 09164 09168 09175 09181 09190 09199 09204 09210 09215 09227 09232 09238 09254 09257 09266 09268 09132 09134 09141 09147 09152 09157 09162 09166 09170 09172 09177 09183 09189 09198 09217 09228 09233 09237 09247 .] -> [09398 09402 09404 09408 09410 09413 09418 09422 09425 09430 09434 09437 09442 09446 09448 09453 09458 09461 09465 09470 09474 09477 09480 09400 09403 09406 09414 09419 09423 09424 09432 09435 09439 09444 09447 09452 09456 09459 09464 09466 09471 09475 09478 09401 09405 09411 09415 09420 09427 09433 09440 09445 09451 09457 09463 09469 09476 09482 09485 09486 09409 09416 09426 09429 09431 09438 09441 09449 09455 09462 09468 09473 09479 09483 09488 09490 09399 09407 09412 09417 09421 09428 09436 09443 09450 09454 09460 09467 09472 09481 09484 09487 09489 .], took 2.196s
, deleted 80125159 bytes
READ   - Takes(s): 460.0, Count: 2019150, OPS: 4389.5, Avg(us): 73, Min(us): 2, Max(us): 32079, 50th(us): 65, 90th(us): 113, 95th(us): 133, 99th(us): 189, 99.9th(us): 416, 99.99th(us): 1923
TOTAL  - Takes(s): 460.0, Count: 4037028, OPS: 8776.1, Avg(us): 92, Min(us): 2, Max(us): 110463, 50th(us): 83, 90th(us): 136, 95th(us): 160, 99th(us): 237, 99.9th(us): 566, 99.99th(us): 5995
UPDATE - Takes(s): 460.0, Count: 2017878, OPS: 4386.7, Avg(us): 110, Min(us): 13, Max(us): 110463, 50th(us): 98, 90th(us): 151, 95th(us): 179, 99th(us): 267, 99.9th(us): 702, 99.99th(us): 9135
READ   - Takes(s): 470.0, Count: 2067370, OPS: 4398.7, Avg(us): 73, Min(us): 2, Max(us): 32079, 50th(us): 65, 90th(us): 113, 95th(us): 133, 99th(us): 188, 99.9th(us): 416, 99.99th(us): 1889
TOTAL  - Takes(s): 470.0, Count: 4133873, OPS: 8795.5, Avg(us): 91, Min(us): 2, Max(us): 110463, 50th(us): 83, 90th(us): 136, 95th(us): 160, 99th(us): 236, 99.9th(us): 565, 99.99th(us): 5887
UPDATE - Takes(s): 470.0, Count: 2066503, OPS: 4396.8, Avg(us): 110, Min(us): 13, Max(us): 110463, 50th(us): 98, 90th(us): 151, 95th(us): 179, 99th(us): 267, 99.9th(us): 700, 99.99th(us): 9055
READ   - Takes(s): 480.0, Count: 2113672, OPS: 4403.5, Avg(us): 73, Min(us): 2, Max(us): 32079, 50th(us): 65, 90th(us): 113, 95th(us): 133, 99th(us): 188, 99.9th(us): 413, 99.99th(us): 1874
TOTAL  - Takes(s): 480.0, Count: 4226499, OPS: 8805.2, Avg(us): 91, Min(us): 2, Max(us): 110463, 50th(us): 83, 90th(us): 136, 95th(us): 159, 99th(us): 236, 99.9th(us): 561, 99.99th(us): 5731
UPDATE - Takes(s): 480.0, Count: 2112827, OPS: 4401.7, Avg(us): 110, Min(us): 13, Max(us): 110463, 50th(us): 97, 90th(us): 151, 95th(us): 178, 99th(us): 266, 99.9th(us): 694, 99.99th(us): 8887
READ   - Takes(s): 490.0, Count: 2160715, OPS: 4409.6, Avg(us): 73, Min(us): 2, Max(us): 32079, 50th(us): 65, 90th(us): 112, 95th(us): 132, 99th(us): 187, 99.9th(us): 410, 99.99th(us): 1874
TOTAL  - Takes(s): 490.0, Count: 4320656, OPS: 8817.7, Avg(us): 91, Min(us): 2, Max(us): 110463, 50th(us): 83, 90th(us): 136, 95th(us): 159, 99th(us): 235, 99.9th(us): 556, 99.99th(us): 5667
UPDATE - Takes(s): 490.0, Count: 2159941, OPS: 4408.0, Avg(us): 110, Min(us): 13, Max(us): 110463, 50th(us): 97, 90th(us): 150, 95th(us): 178, 99th(us): 264, 99.9th(us): 690, 99.99th(us): 8671
READ   - Takes(s): 500.0, Count: 2208798, OPS: 4417.6, Avg(us): 73, Min(us): 2, Max(us): 32079, 50th(us): 65, 90th(us): 112, 95th(us): 132, 99th(us): 187, 99.9th(us): 410, 99.99th(us): 1840
TOTAL  - Takes(s): 500.0, Count: 4416616, OPS: 8833.2, Avg(us): 91, Min(us): 2, Max(us): 110463, 50th(us): 82, 90th(us): 135, 95th(us): 159, 99th(us): 235, 99.9th(us): 557, 99.99th(us): 5527
UPDATE - Takes(s): 500.0, Count: 2207818, OPS: 4415.6, Avg(us): 109, Min(us): 13, Max(us): 110463, 50th(us): 97, 90th(us): 150, 95th(us): 178, 99th(us): 264, 99.9th(us): 690, 99.99th(us): 8591
READ   - Takes(s): 510.0, Count: 2251635, OPS: 4415.0, Avg(us): 73, Min(us): 2, Max(us): 32079, 50th(us): 65, 90th(us): 112, 95th(us): 132, 99th(us): 186, 99.9th(us): 410, 99.99th(us): 1829
TOTAL  - Takes(s): 510.0, Count: 4502035, OPS: 8827.5, Avg(us): 91, Min(us): 2, Max(us): 110463, 50th(us): 82, 90th(us): 135, 95th(us): 159, 99th(us): 234, 99.9th(us): 554, 99.99th(us): 5475
UPDATE - Takes(s): 510.0, Count: 2250400, OPS: 4412.5, Avg(us): 109, Min(us): 13, Max(us): 110463, 50th(us): 97, 90th(us): 150, 95th(us): 178, 99th(us): 263, 99.9th(us): 686, 99.99th(us): 8567
READ   - Takes(s): 520.0, Count: 2294735, OPS: 4412.9, Avg(us): 73, Min(us): 2, Max(us): 32079, 50th(us): 65, 90th(us): 112, 95th(us): 132, 99th(us): 186, 99.9th(us): 409, 99.99th(us): 1823
TOTAL  - Takes(s): 520.0, Count: 4588063, OPS: 8823.2, Avg(us): 91, Min(us): 2, Max(us): 110463, 50th(us): 83, 90th(us): 135, 95th(us): 158, 99th(us): 233, 99.9th(us): 551, 99.99th(us): 5435
UPDATE - Takes(s): 520.0, Count: 2293328, OPS: 4410.2, Avg(us): 109, Min(us): 13, Max(us): 110463, 50th(us): 97, 90th(us): 150, 95th(us): 177, 99th(us): 263, 99.9th(us): 682, 99.99th(us): 8527
READ   - Takes(s): 530.0, Count: 2340505, OPS: 4416.0, Avg(us): 73, Min(us): 2, Max(us): 32079, 50th(us): 65, 90th(us): 112, 95th(us): 132, 99th(us): 186, 99.9th(us): 412, 99.99th(us): 1816
TOTAL  - Takes(s): 530.0, Count: 4679316, OPS: 8828.9, Avg(us): 91, Min(us): 2, Max(us): 110463, 50th(us): 83, 90th(us): 135, 95th(us): 158, 99th(us): 234, 99.9th(us): 552, 99.99th(us): 5319
UPDATE - Takes(s): 530.0, Count: 2338811, OPS: 4412.8, Avg(us): 109, Min(us): 13, Max(us): 110463, 50th(us): 97, 90th(us): 150, 95th(us): 177, 99th(us): 263, 99.9th(us): 682, 99.99th(us): 8391
badger 2026/06/23 16:19:20 INFO: [0] [E] LOG Compact 0->5 (5, 81 -> 89 tables with 5 splits). [09557 09555 09551 09553 09558 . 09398 09402 09404 09410 09413 09418 09422 09425 09430 09434 09437 09442 09446 09448 09453 09458 09461 09465 09470 09477 09480 09400 09403 09406 09414 09419 09423 09424 09432 09435 09439 09444 09447 09452 09456 09464 09466 09471 09475 09401 09405 09411 09420 09427 09440 09445 09451 09457 09469 09476 09482 09485 09409 09416 09426 09431 09438 09441 09449 09462 09468 09473 09479 09483 09488 09490 09399 09412 09417 09421 09428 09436 09443 09454 09460 09467 09472 09481 09484 09487 09489 .] -> [09562 09566 09569 09573 09578 09584 09588 09591 09593 09596 09602 09606 09613 09618 09623 09629 09634 09636 09567 09570 09572 09576 09581 09585 09590 09594 09597 09603 09608 09612 09617 09622 09627 09631 09635 09639 09640 09643 09561 09563 09568 09571 09577 09583 09587 09595 09600 09604 09609 09614 09620 09624 09630 09633 09638 09642 09644 09565 09575 09580 09589 09599 09601 09605 09610 09616 09621 09628 09632 09637 09641 09645 09646 09647 09648 09560 09564 09574 09579 09582 09586 09592 09598 09607 09611 09615 09619 09625 09626 .], took 2.227s
, deleted 73919616 bytes
READ   - Takes(s): 540.0, Count: 2378738, OPS: 4405.1, Avg(us): 73, Min(us): 2, Max(us): 59007, 50th(us): 65, 90th(us): 112, 95th(us): 132, 99th(us): 187, 99.9th(us): 416, 99.99th(us): 1829
TOTAL  - Takes(s): 540.0, Count: 4756106, OPS: 8807.6, Avg(us): 91, Min(us): 2, Max(us): 110463, 50th(us): 83, 90th(us): 135, 95th(us): 159, 99th(us): 235, 99.9th(us): 561, 99.99th(us): 5991
UPDATE - Takes(s): 540.0, Count: 2377368, OPS: 4402.5, Avg(us): 110, Min(us): 13, Max(us): 110463, 50th(us): 97, 90th(us): 150, 95th(us): 177, 99th(us): 266, 99.9th(us): 694, 99.99th(us): 9199
badger 2026/06/23 16:19:33 INFO: This Range (numTables: 8)
Left:
00000000  75 73 65 72 74 61 62 6c  65 3a 75 73 65 72 31 30  |usertable:user10|
00000010  31 30 30 33 30 32 38 32  30 35 38 38 31 34 31 38  |1003028205881418|
00000020  32 00 00 00 00 00 00 00  00                       |2........|

Right:
00000000  75 73 65 72 74 61 62 6c  65 3a 75 73 65 72 39 33  |usertable:user93|
00000010  39 38 32 38 32 34 30 38  36 38 37 35 30 30 39 34  |9828240868750094|
00000020  ff ff ff ff ff ff ff ff                           |........|

badger 2026/06/23 16:19:33 INFO: Next Range (numTables: 17)
Left:
00000000  75 73 65 72 74 61 62 6c  65 3a 75 73 65 72 31 30  |usertable:user10|
00000010  30 30 30 33 35 32 39 38  35 39 34 34 30 36 38 35  |0003529859440685|
00000020  37 00 00 00 00 00 00 00  00                       |7........|

Right:
00000000  75 73 65 72 74 61 62 6c  65 3a 75 73 65 72 39 33  |usertable:user93|
00000010  39 39 30 30 38 30 38 36  33 36 32 31 32 30 32 30  |9900808636212020|
00000020  ff ff ff ff ff ff ff ff                           |........|

READ   - Takes(s): 550.0, Count: 2425300, OPS: 4409.6, Avg(us): 73, Min(us): 2, Max(us): 59007, 50th(us): 65, 90th(us): 112, 95th(us): 132, 99th(us): 187, 99.9th(us): 416, 99.99th(us): 1816
TOTAL  - Takes(s): 550.0, Count: 4848898, OPS: 8816.2, Avg(us): 91, Min(us): 2, Max(us): 110463, 50th(us): 83, 90th(us): 135, 95th(us): 158, 99th(us): 235, 99.9th(us): 559, 99.99th(us): 5927
UPDATE - Takes(s): 550.0, Count: 2423598, OPS: 4406.5, Avg(us): 110, Min(us): 13, Max(us): 110463, 50th(us): 97, 90th(us): 150, 95th(us): 177, 99th(us): 265, 99.9th(us): 692, 99.99th(us): 9135
READ   - Takes(s): 560.0, Count: 2478316, OPS: 4425.6, Avg(us): 72, Min(us): 2, Max(us): 59007, 50th(us): 65, 90th(us): 112, 95th(us): 131, 99th(us): 186, 99.9th(us): 415, 99.99th(us): 1807
TOTAL  - Takes(s): 560.0, Count: 4955096, OPS: 8848.4, Avg(us): 91, Min(us): 2, Max(us): 110463, 50th(us): 82, 90th(us): 135, 95th(us): 158, 99th(us): 235, 99.9th(us): 558, 99.99th(us): 5735
UPDATE - Takes(s): 560.0, Count: 2476780, OPS: 4422.8, Avg(us): 109, Min(us): 13, Max(us): 110463, 50th(us): 97, 90th(us): 149, 95th(us): 177, 99th(us): 265, 99.9th(us): 689, 99.99th(us): 9055
READ   - Takes(s): 570.0, Count: 2528703, OPS: 4436.3, Avg(us): 72, Min(us): 2, Max(us): 59007, 50th(us): 65, 90th(us): 111, 95th(us): 131, 99th(us): 186, 99.9th(us): 412, 99.99th(us): 1777
TOTAL  - Takes(s): 570.0, Count: 5055865, OPS: 8869.9, Avg(us): 91, Min(us): 2, Max(us): 110463, 50th(us): 82, 90th(us): 134, 95th(us): 158, 99th(us): 234, 99.9th(us): 553, 99.99th(us): 5711
UPDATE - Takes(s): 570.0, Count: 2527162, OPS: 4433.6, Avg(us): 109, Min(us): 13, Max(us): 110463, 50th(us): 97, 90th(us): 149, 95th(us): 177, 99th(us): 264, 99.9th(us): 684, 99.99th(us): 8831
READ   - Takes(s): 580.0, Count: 2576770, OPS: 4442.7, Avg(us): 72, Min(us): 2, Max(us): 59007, 50th(us): 65, 90th(us): 111, 95th(us): 131, 99th(us): 185, 99.9th(us): 409, 99.99th(us): 1773
TOTAL  - Takes(s): 580.0, Count: 5152691, OPS: 8883.9, Avg(us): 90, Min(us): 2, Max(us): 110463, 50th(us): 82, 90th(us): 134, 95th(us): 157, 99th(us): 233, 99.9th(us): 549, 99.99th(us): 5631
UPDATE - Takes(s): 580.0, Count: 2575921, OPS: 4441.2, Avg(us): 109, Min(us): 13, Max(us): 110463, 50th(us): 97, 90th(us): 149, 95th(us): 176, 99th(us): 262, 99.9th(us): 677, 99.99th(us): 8695
READ   - Takes(s): 590.0, Count: 2622826, OPS: 4445.5, Avg(us): 72, Min(us): 2, Max(us): 59007, 50th(us): 65, 90th(us): 111, 95th(us): 130, 99th(us): 185, 99.9th(us): 410, 99.99th(us): 1759
TOTAL  - Takes(s): 590.0, Count: 5245149, OPS: 8890.1, Avg(us): 90, Min(us): 2, Max(us): 110463, 50th(us): 82, 90th(us): 134, 95th(us): 157, 99th(us): 233, 99.9th(us): 549, 99.99th(us): 5523
UPDATE - Takes(s): 590.0, Count: 2622323, OPS: 4444.6, Avg(us): 108, Min(us): 13, Max(us): 110463, 50th(us): 97, 90th(us): 149, 95th(us): 176, 99th(us): 262, 99.9th(us): 677, 99.99th(us): 8671
READ   - Takes(s): 600.0, Count: 2667422, OPS: 4445.7, Avg(us): 72, Min(us): 2, Max(us): 59007, 50th(us): 65, 90th(us): 111, 95th(us): 130, 99th(us): 184, 99.9th(us): 409, 99.99th(us): 1747
TOTAL  - Takes(s): 600.0, Count: 5334008, OPS: 8890.0, Avg(us): 90, Min(us): 2, Max(us): 110463, 50th(us): 82, 90th(us): 134, 95th(us): 157, 99th(us): 232, 99.9th(us): 548, 99.99th(us): 5475
UPDATE - Takes(s): 600.0, Count: 2666586, OPS: 4444.3, Avg(us): 108, Min(us): 13, Max(us): 110463, 50th(us): 97, 90th(us): 149, 95th(us): 176, 99th(us): 262, 99.9th(us): 673, 99.99th(us): 8607
READ   - Takes(s): 610.0, Count: 2709697, OPS: 4442.1, Avg(us): 72, Min(us): 2, Max(us): 59007, 50th(us): 65, 90th(us): 111, 95th(us): 131, 99th(us): 184, 99.9th(us): 408, 99.99th(us): 1738
TOTAL  - Takes(s): 610.0, Count: 5418616, OPS: 8883.0, Avg(us): 90, Min(us): 2, Max(us): 110463, 50th(us): 82, 90th(us): 134, 95th(us): 157, 99th(us): 232, 99.9th(us): 545, 99.99th(us): 5423
UPDATE - Takes(s): 610.0, Count: 2708919, OPS: 4440.8, Avg(us): 109, Min(us): 13, Max(us): 110463, 50th(us): 97, 90th(us): 149, 95th(us): 176, 99th(us): 261, 99.9th(us): 670, 99.99th(us): 8583
READ   - Takes(s): 620.0, Count: 2751601, OPS: 4438.1, Avg(us): 72, Min(us): 2, Max(us): 59007, 50th(us): 65, 90th(us): 111, 95th(us): 131, 99th(us): 184, 99.9th(us): 410, 99.99th(us): 1739
TOTAL  - Takes(s): 620.0, Count: 5502819, OPS: 8875.5, Avg(us): 90, Min(us): 2, Max(us): 110463, 50th(us): 82, 90th(us): 134, 95th(us): 157, 99th(us): 232, 99.9th(us): 547, 99.99th(us): 5323
UPDATE - Takes(s): 620.0, Count: 2751218, OPS: 4437.4, Avg(us): 109, Min(us): 13, Max(us): 110463, 50th(us): 97, 90th(us): 149, 95th(us): 176, 99th(us): 261, 99.9th(us): 670, 99.99th(us): 8543
badger 2026/06/23 16:20:52 INFO: [3] [E] LOG Compact 0->5 (5, 80 -> 86 tables with 5 splits). [09739 09737 09732 09734 09740 . 09562 09566 09569 09573 09578 09584 09588 09591 09593 09596 09602 09606 09613 09618 09623 09629 09634 09636 09567 09570 09572 09576 09581 09590 09594 09597 09603 09608 09612 09622 09627 09631 09639 09643 09561 09563 09568 09571 09577 09583 09587 09595 09600 09604 09609 09614 09620 09624 09630 09633 09638 09644 09565 09575 09589 09599 09601 09605 09616 09628 09632 09637 09641 09645 09646 09647 09648 09560 09564 09574 09579 09582 09586 09592 09598 09607 09611 09615 09619 09626 .] -> [09742 09750 09753 09759 09764 09767 09770 09776 09781 09787 09790 09795 09799 09805 09808 09814 09815 09745 09749 09756 09760 09766 09769 09775 09780 09784 09788 09794 09800 09804 09810 09817 09818 09743 09747 09752 09755 09761 09765 09768 09773 09778 09785 09792 09796 09801 09807 09813 09821 09823 09825 09746 09748 09757 09763 09771 09774 09782 09786 09791 09797 09802 09806 09811 09816 09822 09824 09826 09827 09744 09751 09754 09758 09762 09772 09777 09779 09783 09789 09793 09798 09803 09809 09812 09819 09820 .], took 2.273s
, deleted 87127064 bytes
READ   - Takes(s): 630.0, Count: 2788144, OPS: 4425.6, Avg(us): 72, Min(us): 2, Max(us): 59007, 50th(us): 65, 90th(us): 112, 95th(us): 131, 99th(us): 185, 99.9th(us): 414, 99.99th(us): 1739
TOTAL  - Takes(s): 630.0, Count: 5576078, OPS: 8850.9, Avg(us): 91, Min(us): 2, Max(us): 110463, 50th(us): 82, 90th(us): 135, 95th(us): 158, 99th(us): 234, 99.9th(us): 554, 99.99th(us): 5947
UPDATE - Takes(s): 630.0, Count: 2787934, OPS: 4425.3, Avg(us): 109, Min(us): 13, Max(us): 110463, 50th(us): 97, 90th(us): 149, 95th(us): 177, 99th(us): 264, 99.9th(us): 684, 99.99th(us): 9199
READ   - Takes(s): 640.0, Count: 2829019, OPS: 4420.3, Avg(us): 73, Min(us): 2, Max(us): 59007, 50th(us): 65, 90th(us): 112, 95th(us): 131, 99th(us): 185, 99.9th(us): 413, 99.99th(us): 1738
TOTAL  - Takes(s): 640.0, Count: 5658018, OPS: 8840.6, Avg(us): 91, Min(us): 2, Max(us): 110463, 50th(us): 82, 90th(us): 135, 95th(us): 158, 99th(us): 233, 99.9th(us): 552, 99.99th(us): 5907
UPDATE - Takes(s): 640.0, Count: 2828999, OPS: 4420.3, Avg(us): 109, Min(us): 13, Max(us): 110463, 50th(us): 97, 90th(us): 149, 95th(us): 177, 99th(us): 263, 99.9th(us): 680, 99.99th(us): 9135
READ   - Takes(s): 650.0, Count: 2869625, OPS: 4414.8, Avg(us): 73, Min(us): 2, Max(us): 59007, 50th(us): 65, 90th(us): 112, 95th(us): 132, 99th(us): 186, 99.9th(us): 415, 99.99th(us): 1720
TOTAL  - Takes(s): 650.0, Count: 5739482, OPS: 8830.0, Avg(us): 91, Min(us): 2, Max(us): 110463, 50th(us): 82, 90th(us): 135, 95th(us): 158, 99th(us): 234, 99.9th(us): 553, 99.99th(us): 5779
UPDATE - Takes(s): 650.0, Count: 2869857, OPS: 4415.2, Avg(us): 109, Min(us): 13, Max(us): 110463, 50th(us): 97, 90th(us): 150, 95th(us): 177, 99th(us): 264, 99.9th(us): 680, 99.99th(us): 9055
